games_year,games_city,games_season,games_label,sport,event,medal,country,athlete_name,athlete_url
1960,Rome,Summer,1960 Summer Paralympics (Rome),Archery,Men's FITA Round Open,Gold,United States of America,Jack Whitman,https://www.paralympic.org/jack-whitman
1960,Rome,Summer,1960 Summer Paralympics (Rome),Archery,Men's St. Nicholas Round Open,Bronze,United States of America,Paul Sones,https://www.paralympic.org/paul-sones
1960,Rome,Summer,1960 Summer Paralympics (Rome),Archery,Men's Windsor Round Open,Gold,United States of America,Jack Whitman,https://www.paralympic.org/jack-whitman
1960,Rome,Summer,1960 Summer Paralympics (Rome),Athletics,Men's Club Throw C,Gold,United States of America,Ron Stein,https://www.paralympic.org/ron-stein
1960,Rome,Summer,1960 Summer Paralympics (Rome),Athletics,Men's Pentathlon Open,Gold,United States of America,Ron Stein,https://www.paralympic.org/ron-stein
1960,Rome,Summer,1960 Summer Paralympics (Rome),Athletics,Men's Shot Put C,Gold,United States of America,Ron Stein,https://www.paralympic.org/ron-stein
1960,Rome,Summer,1960 Summer Paralympics (Rome),Athletics,Men's Shot Put C,Bronze,United States of America,Saul Welger,https://www.paralympic.org/saul-welger
1960,Rome,Summer,1960 Summer Paralympics (Rome),Dartchery,Mixed Pairs Open,Gold,United States of America,,
1960,Rome,Summer,1960 Summer Paralympics (Rome),Dartchery,Mixed Pairs Open,Silver,United States of America,,
1960,Rome,Summer,1960 Summer Paralympics (Rome),Swimming,Men's 50 m Backstroke Complete class 3,Gold,United States of America,Bill Johnson,https://www.paralympic.org/bill-johnson
1960,Rome,Summer,1960 Summer Paralympics (Rome),Swimming,Men's 50 m Backstroke Complete class 3,Silver,United States of America,Bob Hawkes,https://www.paralympic.org/bob-hawkes
1960,Rome,Summer,1960 Summer Paralympics (Rome),Swimming,Men's 50 m Backstroke Complete class 4,Gold,United States of America,Dick Maduro,https://www.paralympic.org/dick-maduro
1960,Rome,Summer,1960 Summer Paralympics (Rome),Swimming,Men's 50 m Backstroke Incomplete class 4,Silver,United States of America,Paul Sones,https://www.paralympic.org/paul-sones
1960,Rome,Summer,1960 Summer Paralympics (Rome),Swimming,Men's 25 m Backstroke Complete class 2,Bronze,United States of America,V. Ward,https://www.paralympic.org/v-ward
1960,Rome,Summer,1960 Summer Paralympics (Rome),Swimming,Men's 50 m Breaststroke Complete class 3,Gold,United States of America,Bob Hawkes,https://www.paralympic.org/bob-hawkes
1960,Rome,Summer,1960 Summer Paralympics (Rome),Swimming,Men's 50 m Breaststroke Complete class 3,Silver,United States of America,Bill Johnson,https://www.paralympic.org/bill-johnson
1960,Rome,Summer,1960 Summer Paralympics (Rome),Swimming,Men's 50 m Breaststroke Incomplete class 4,Bronze,United States of America,Paul Sones,https://www.paralympic.org/paul-sones
1960,Rome,Summer,1960 Summer Paralympics (Rome),Swimming,Men's 25 m Breaststroke Complete class 2,Silver,United States of America,V. Ward,https://www.paralympic.org/v-ward
1960,Rome,Summer,1960 Summer Paralympics (Rome),Swimming,Men's 50 m Crawl Complete class 3,Bronze,United States of America,Bob Hawkes,https://www.paralympic.org/bob-hawkes
1960,Rome,Summer,1960 Summer Paralympics (Rome),Swimming,Men's 50 m Crawl Complete class 4,Silver,United States of America,Dick Maduro,https://www.paralympic.org/dick-maduro
1960,Rome,Summer,1960 Summer Paralympics (Rome),Swimming,Men's 50 m Crawl Complete class 4,Bronze,United States of America,Phil Hall,https://www.paralympic.org/phil-hall
1960,Rome,Summer,1960 Summer Paralympics (Rome),Swimming,Men's 50 m Crawl Incomplete class 4,Silver,United States of America,Paul Sones,https://www.paralympic.org/paul-sones
1960,Rome,Summer,1960 Summer Paralympics (Rome),Swimming,Men's 25 m Crawl Complete class 2,Bronze,United States of America,V. Ward,https://www.paralympic.org/v-ward
1960,Rome,Summer,1960 Summer Paralympics (Rome),Wheelchair Basketball,Men's Tournament Class A,Gold,United States of America,,
1960,Rome,Summer,1960 Summer Paralympics (Rome),Wheelchair Basketball,Men's Tournament Class B,Gold,United States of America,,
1964,Tokyo,Summer,1964 Summer Paralympics (Tokyo),Archery,Men's Albion Round Open,Gold,United States of America,Dean Slaugh,https://www.paralympic.org/dean-slaugh
1964,Tokyo,Summer,1964 Summer Paralympics (Tokyo),Archery,Men's Albion Round Team Open,Gold,United States of America,,
1964,Tokyo,Summer,1964 Summer Paralympics (Tokyo),Archery,Men's Columbia Round Open,Gold,United States of America,D. Kotter,https://www.paralympic.org/d-kotter
1964,Tokyo,Summer,1964 Summer Paralympics (Tokyo),Archery,Men's Columbia Round Open,Bronze,United States of America,G. Pasipanki,https://www.paralympic.org/g-pasipanki
1964,Tokyo,Summer,1964 Summer Paralympics (Tokyo),Archery,Men's Columbia Round Team Open,Gold,United States of America,,
1964,Tokyo,Summer,1964 Summer Paralympics (Tokyo),Archery,Men's FITA Round Open,Gold,United States of America,Dean Slaugh,https://www.paralympic.org/dean-slaugh
1964,Tokyo,Summer,1964 Summer Paralympics (Tokyo),Archery,Men's FITA Round Team Open,Gold,United States of America,,
1964,Tokyo,Summer,1964 Summer Paralympics (Tokyo),Archery,Women's Columbia Round Open,Gold,United States of America,B. Rosenzweig,https://www.paralympic.org/b-rosenzweig
1964,Tokyo,Summer,1964 Summer Paralympics (Tokyo),Archery,Women's St. Nicholas Round Open,Bronze,United States of America,I. Preslipski,https://www.paralympic.org/i-preslipski
1964,Tokyo,Summer,1964 Summer Paralympics (Tokyo),Athletics,Men's Club Throw A,Bronze,United States of America,Frank Vecera,https://www.paralympic.org/frank-vecera
1964,Tokyo,Summer,1964 Summer Paralympics (Tokyo),Athletics,Men's Club Throw C,Gold,United States of America,H. Smith,https://www.paralympic.org/h-smith
1964,Tokyo,Summer,1964 Summer Paralympics (Tokyo),Athletics,Men's Club Throw D,Gold,United States of America,Ron Stein,https://www.paralympic.org/ron-stein
1964,Tokyo,Summer,1964 Summer Paralympics (Tokyo),Athletics,Men's Club Throw D,Bronze,United States of America,Tim Harris,https://www.paralympic.org/tim-harris
1964,Tokyo,Summer,1964 Summer Paralympics (Tokyo),Athletics,Men's Discus Throw A,Silver,United States of America,C. Sandglass,https://www.paralympic.org/c-sandglass
1964,Tokyo,Summer,1964 Summer Paralympics (Tokyo),Athletics,Men's Discus Throw A,Bronze,United States of America,Frank Vecera,https://www.paralympic.org/frank-vecera
1964,Tokyo,Summer,1964 Summer Paralympics (Tokyo),Athletics,Men's Discus Throw B,Silver,United States of America,Don Kennedy,https://www.paralympic.org/don-kennedy
1964,Tokyo,Summer,1964 Summer Paralympics (Tokyo),Athletics,Men's Discus Throw C,Silver,United States of America,Dick Maduro,https://www.paralympic.org/dick-maduro
1964,Tokyo,Summer,1964 Summer Paralympics (Tokyo),Athletics,Men's Discus Throw D,Gold,United States of America,Ron Stein,https://www.paralympic.org/ron-stein
1964,Tokyo,Summer,1964 Summer Paralympics (Tokyo),Athletics,Men's Discus Throw D,Silver,United States of America,Tim Harris,https://www.paralympic.org/tim-harris
1964,Tokyo,Summer,1964 Summer Paralympics (Tokyo),Athletics,Men's Javelin A,Bronze,United States of America,Frank Vecera,https://www.paralympic.org/frank-vecera
1964,Tokyo,Summer,1964 Summer Paralympics (Tokyo),Athletics,Men's Javelin B,Bronze,United States of America,Don Kennedy,https://www.paralympic.org/don-kennedy
1964,Tokyo,Summer,1964 Summer Paralympics (Tokyo),Athletics,Men's Javelin C,Silver,United States of America,Bill Fairbanks,https://www.paralympic.org/bill-fairbanks
1964,Tokyo,Summer,1964 Summer Paralympics (Tokyo),Athletics,Men's Javelin D,Gold,United States of America,Ron Stein,https://www.paralympic.org/ron-stein
1964,Tokyo,Summer,1964 Summer Paralympics (Tokyo),Athletics,Men's Javelin D,Bronze,United States of America,Tim Harris,https://www.paralympic.org/tim-harris
1964,Tokyo,Summer,1964 Summer Paralympics (Tokyo),Athletics,Men's Pentathlon 1,Gold,United States of America,Dick Maduro,https://www.paralympic.org/dick-maduro
1964,Tokyo,Summer,1964 Summer Paralympics (Tokyo),Athletics,Men's Pentathlon 1,Silver,United States of America,Frank Vecera,https://www.paralympic.org/frank-vecera
1964,Tokyo,Summer,1964 Summer Paralympics (Tokyo),Athletics,Men's Pentathlon 2,Gold,United States of America,Bill Fairbanks,https://www.paralympic.org/bill-fairbanks
1964,Tokyo,Summer,1964 Summer Paralympics (Tokyo),Athletics,Men's Pentathlon Special class,Gold,United States of America,Ron Stein,https://www.paralympic.org/ron-stein
1964,Tokyo,Summer,1964 Summer Paralympics (Tokyo),Athletics,Men's Pentathlon Special class,Silver,United States of America,Tim Harris,https://www.paralympic.org/tim-harris
1964,Tokyo,Summer,1964 Summer Paralympics (Tokyo),Athletics,Men's Shot Put B,Bronze,United States of America,Don Kennedy,https://www.paralympic.org/don-kennedy
1964,Tokyo,Summer,1964 Summer Paralympics (Tokyo),Athletics,Men's Shot Put C,Silver,United States of America,Bill Fairbanks,https://www.paralympic.org/bill-fairbanks
1964,Tokyo,Summer,1964 Summer Paralympics (Tokyo),Athletics,Men's Shot Put C,Bronze,United States of America,Dick Maduro,https://www.paralympic.org/dick-maduro
1964,Tokyo,Summer,1964 Summer Paralympics (Tokyo),Athletics,Men's Shot Put D,Gold,United States of America,Ron Stein,https://www.paralympic.org/ron-stein
1964,Tokyo,Summer,1964 Summer Paralympics (Tokyo),Athletics,Men's Shot Put D,Silver,United States of America,Tim Harris,https://www.paralympic.org/tim-harris
1964,Tokyo,Summer,1964 Summer Paralympics (Tokyo),Athletics,Men's Slalom Open,Gold,United States of America,R. Miller,https://www.paralympic.org/r-miller-0
1964,Tokyo,Summer,1964 Summer Paralympics (Tokyo),Athletics,Men's Wheelchair Dash Above T10,Silver,United States of America,Don Kennedy,https://www.paralympic.org/don-kennedy
1964,Tokyo,Summer,1964 Summer Paralympics (Tokyo),Athletics,Men's Wheelchair Dash Below T10,Gold,United States of America,Ron Stein,https://www.paralympic.org/ron-stein
1964,Tokyo,Summer,1964 Summer Paralympics (Tokyo),Athletics,Men's Wheelchair Dash Below T10,Silver,United States of America,Tim Harris,https://www.paralympic.org/tim-harris
1964,Tokyo,Summer,1964 Summer Paralympics (Tokyo),Athletics,Men's Wheelchair Dash Below T10,Bronze,United States of America,R. Miller,https://www.paralympic.org/r-miller-0
1964,Tokyo,Summer,1964 Summer Paralympics (Tokyo),Athletics,Men's Wheelchair Relay Above T10,Gold,United States of America,,
1964,Tokyo,Summer,1964 Summer Paralympics (Tokyo),Athletics,Men's Wheelchair Relay Below T10,Gold,United States of America,,
1964,Tokyo,Summer,1964 Summer Paralympics (Tokyo),Athletics,Women's Club Throw C,Gold,United States of America,Rosalie Hixson,https://www.paralympic.org/rosalie-hixson
1964,Tokyo,Summer,1964 Summer Paralympics (Tokyo),Athletics,Women's Club Throw C,Silver,United States of America,J. Waterman,https://www.paralympic.org/j-waterman
1964,Tokyo,Summer,1964 Summer Paralympics (Tokyo),Athletics,Women's Club Throw D,Gold,United States of America,C. Welgar,https://www.paralympic.org/c-welgar
1964,Tokyo,Summer,1964 Summer Paralympics (Tokyo),Athletics,Women's Club Throw D,Silver,United States of America,Patterson,https://www.paralympic.org/patterson-1
1964,Tokyo,Summer,1964 Summer Paralympics (Tokyo),Athletics,Women's Discus Throw A,Gold,United States of America,Barressi,https://www.paralympic.org/barressi
1964,Tokyo,Summer,1964 Summer Paralympics (Tokyo),Athletics,Women's Discus Throw A,Bronze,United States of America,C. Giesse,https://www.paralympic.org/c-giesse
1964,Tokyo,Summer,1964 Summer Paralympics (Tokyo),Athletics,Women's Discus Throw C,Gold,United States of America,Rosalie Hixson,https://www.paralympic.org/rosalie-hixson
1964,Tokyo,Summer,1964 Summer Paralympics (Tokyo),Athletics,Women's Discus Throw C,Silver,United States of America,J. Waterman,https://www.paralympic.org/j-waterman
1964,Tokyo,Summer,1964 Summer Paralympics (Tokyo),Athletics,Women's Javelin A,Bronze,United States of America,C. Giesse,https://www.paralympic.org/c-giesse
1964,Tokyo,Summer,1964 Summer Paralympics (Tokyo),Athletics,Women's Javelin C,Gold,United States of America,Rosalie Hixson,https://www.paralympic.org/rosalie-hixson
1964,Tokyo,Summer,1964 Summer Paralympics (Tokyo),Athletics,Women's Javelin D,Silver,United States of America,C. Welgar,https://www.paralympic.org/c-welgar
1964,Tokyo,Summer,1964 Summer Paralympics (Tokyo),Athletics,Women's Shot Put C,Gold,United States of America,Rosalie Hixson,https://www.paralympic.org/rosalie-hixson
1964,Tokyo,Summer,1964 Summer Paralympics (Tokyo),Athletics,Women's Shot Put C,Silver,United States of America,J. Waterman,https://www.paralympic.org/j-waterman
1964,Tokyo,Summer,1964 Summer Paralympics (Tokyo),Athletics,Women's Shot Put D,Silver,United States of America,Patterson,https://www.paralympic.org/patterson-1
1964,Tokyo,Summer,1964 Summer Paralympics (Tokyo),Athletics,Women's Wheelchair Dash Below T10,Silver,United States of America,L. Patterson,https://www.paralympic.org/l-patterson
1964,Tokyo,Summer,1964 Summer Paralympics (Tokyo),Athletics,Women's Wheelchair Dash Below T10,Bronze,United States of America,C. Welgar,https://www.paralympic.org/c-welgar
1964,Tokyo,Summer,1964 Summer Paralympics (Tokyo),Dartchery,Mixed Pairs Open,Silver,United States of America,,
1964,Tokyo,Summer,1964 Summer Paralympics (Tokyo),Snooker,Men's Tournament Paraplegics - open,Silver,United States of America,Frank Vecera,https://www.paralympic.org/frank-vecera
1964,Tokyo,Summer,1964 Summer Paralympics (Tokyo),Swimming,Men's 50 m Freestyle Supine Complete class 3,Gold,United States of America,E. Schoep,https://www.paralympic.org/e-schoep
1964,Tokyo,Summer,1964 Summer Paralympics (Tokyo),Swimming,Men's 50 m Freestyle Supine Complete class 3,Bronze,United States of America,Bill Johnson,https://www.paralympic.org/bill-johnson
1964,Tokyo,Summer,1964 Summer Paralympics (Tokyo),Swimming,Men's 50 m Freestyle Supine Incomplete class 3,Silver,United States of America,H. Burkett,https://www.paralympic.org/h-burkett
1964,Tokyo,Summer,1964 Summer Paralympics (Tokyo),Swimming,Men's 50 m Freestyle Supine Complete class 4,Silver,United States of America,George Conn,https://www.paralympic.org/george-conn
1964,Tokyo,Summer,1964 Summer Paralympics (Tokyo),Swimming,Men's 50 m Freestyle Supine Incomplete class 4,Gold,United States of America,Ed Owen,https://www.paralympic.org/ed-owen
1964,Tokyo,Summer,1964 Summer Paralympics (Tokyo),Swimming,Men's 50 m Freestyle Supine Incomplete class 4,Silver,United States of America,Tim Harris,https://www.paralympic.org/tim-harris
1964,Tokyo,Summer,1964 Summer Paralympics (Tokyo),Swimming,Men's 50 m Freestyle Supine Complete class 5,Gold,United States of America,Phil Ramsey,https://www.paralympic.org/phil-ramsey
1964,Tokyo,Summer,1964 Summer Paralympics (Tokyo),Swimming,Men's 25 m Freestyle Supine Complete class 1,Silver,United States of America,Vincent Falardeau,https://www.paralympic.org/vincent-falardeau
1964,Tokyo,Summer,1964 Summer Paralympics (Tokyo),Swimming,Men's 25 m Freestyle Supine Complete class 1,Bronze,United States of America,S. Floresco,https://www.paralympic.org/s-floresco
1964,Tokyo,Summer,1964 Summer Paralympics (Tokyo),Swimming,Men's 25 m Freestyle Supine Incomplete class 1,Gold,United States of America,R. Rosenbaum,https://www.paralympic.org/r-rosenbaum
1964,Tokyo,Summer,1964 Summer Paralympics (Tokyo),Swimming,Men's 25 m Freestyle Supine Incomplete class 1,Silver,United States of America,S. Goldstein,https://www.paralympic.org/s-goldstein
1964,Tokyo,Summer,1964 Summer Paralympics (Tokyo),Swimming,Men's 50 m Breaststroke Complete class 3,Silver,United States of America,Bill Johnson,https://www.paralympic.org/bill-johnson
1964,Tokyo,Summer,1964 Summer Paralympics (Tokyo),Swimming,Men's 50 m Breaststroke Complete class 3,Bronze,United States of America,E. Schoep,https://www.paralympic.org/e-schoep
1964,Tokyo,Summer,1964 Summer Paralympics (Tokyo),Swimming,Men's 50 m Breaststroke Incomplete class 3,Silver,United States of America,H. Burkett,https://www.paralympic.org/h-burkett
1964,Tokyo,Summer,1964 Summer Paralympics (Tokyo),Swimming,Men's 50 m Breaststroke Complete class 4,Bronze,United States of America,George Conn,https://www.paralympic.org/george-conn
1964,Tokyo,Summer,1964 Summer Paralympics (Tokyo),Swimming,Men's 50 m Breaststroke Incomplete class 4,Gold,United States of America,Ed Owen,https://www.paralympic.org/ed-owen
1964,Tokyo,Summer,1964 Summer Paralympics (Tokyo),Swimming,Men's 50 m Breaststroke Incomplete class 4,Bronze,United States of America,Tim Harris,https://www.paralympic.org/tim-harris
1964,Tokyo,Summer,1964 Summer Paralympics (Tokyo),Swimming,Men's 50 m Breaststroke Complete class 5,Gold,United States of America,Phil Ramsey,https://www.paralympic.org/phil-ramsey
1964,Tokyo,Summer,1964 Summer Paralympics (Tokyo),Swimming,Men's 25 m Breaststroke Complete class 1,Silver,United States of America,S. Floresco,https://www.paralympic.org/s-floresco
1964,Tokyo,Summer,1964 Summer Paralympics (Tokyo),Swimming,Men's 25 m Breaststroke Complete class 1,Bronze,United States of America,Vincent Falardeau,https://www.paralympic.org/vincent-falardeau
1964,Tokyo,Summer,1964 Summer Paralympics (Tokyo),Swimming,Men's 25 m Breaststroke Incomplete class 1,Gold,United States of America,R. Rosenbaum,https://www.paralympic.org/r-rosenbaum
1964,Tokyo,Summer,1964 Summer Paralympics (Tokyo),Swimming,Men's 25 m Breaststroke Incomplete class 1,Bronze,United States of America,S. Goldstein,https://www.paralympic.org/s-goldstein
1964,Tokyo,Summer,1964 Summer Paralympics (Tokyo),Swimming,Men's 50 m Freestyle Prone Incomplete class 3,Gold,United States of America,H. Burkett,https://www.paralympic.org/h-burkett
1964,Tokyo,Summer,1964 Summer Paralympics (Tokyo),Swimming,Men's 50 m Freestyle Prone Complete class 4,Gold,United States of America,George Conn,https://www.paralympic.org/george-conn
1964,Tokyo,Summer,1964 Summer Paralympics (Tokyo),Swimming,Men's 50 m Freestyle Prone Incomplete class 4,Bronze,United States of America,Ed Owen,https://www.paralympic.org/ed-owen
1964,Tokyo,Summer,1964 Summer Paralympics (Tokyo),Swimming,Men's 50 m Freestyle Prone Cauda equina,Gold,United States of America,Phil Ramsey,https://www.paralympic.org/phil-ramsey
1964,Tokyo,Summer,1964 Summer Paralympics (Tokyo),Swimming,Men's 25 m Freestyle Prone Complete class 1,Silver,United States of America,Vincent Falardeau,https://www.paralympic.org/vincent-falardeau
1964,Tokyo,Summer,1964 Summer Paralympics (Tokyo),Swimming,Men's 25 m Freestyle Prone Complete class 1,Bronze,United States of America,S. Floresco,https://www.paralympic.org/s-floresco
1964,Tokyo,Summer,1964 Summer Paralympics (Tokyo),Swimming,Men's 25 m Freestyle Prone Incomplete class 1,Gold,United States of America,R. Rosenbaum,https://www.paralympic.org/r-rosenbaum
1964,Tokyo,Summer,1964 Summer Paralympics (Tokyo),Swimming,Men's 25 m Freestyle Prone Incomplete class 1,Silver,United States of America,S. Goldstein,https://www.paralympic.org/s-goldstein
1964,Tokyo,Summer,1964 Summer Paralympics (Tokyo),Swimming,Women's 50 m Freestyle Supine Incomplete class 3,Silver,United States of America,E. Cox,https://www.paralympic.org/e-cox
1964,Tokyo,Summer,1964 Summer Paralympics (Tokyo),Swimming,Women's 50 m Freestyle Supine Incomplete class 3,Bronze,United States of America,J. Howe,https://www.paralympic.org/j-howe
1964,Tokyo,Summer,1964 Summer Paralympics (Tokyo),Swimming,Women's 50 m Freestyle Supine Incomplete class 4,Gold,United States of America,Rosalie Hixson,https://www.paralympic.org/rosalie-hixson
1964,Tokyo,Summer,1964 Summer Paralympics (Tokyo),Swimming,Women's 50 m Freestyle Supine Incomplete class 4,Silver,United States of America,H. Chafee,https://www.paralympic.org/h-chafee
1964,Tokyo,Summer,1964 Summer Paralympics (Tokyo),Swimming,Women's 50 m Freestyle Supine Cauda equina,Silver,United States of America,C. Welgar,https://www.paralympic.org/c-welgar
1964,Tokyo,Summer,1964 Summer Paralympics (Tokyo),Swimming,Women's 25 m Freestyle Supine Complete class 1,Gold,United States of America,E. Mulay,https://www.paralympic.org/e-mulay
1964,Tokyo,Summer,1964 Summer Paralympics (Tokyo),Swimming,Women's 25 m Freestyle Supine Incomplete class 1,Gold,United States of America,J. Little,https://www.paralympic.org/j-little-0
1964,Tokyo,Summer,1964 Summer Paralympics (Tokyo),Swimming,Women's 25 m Freestyle Supine Incomplete class 2,Silver,United States of America,S. Simmons,https://www.paralympic.org/s-simmons
1964,Tokyo,Summer,1964 Summer Paralympics (Tokyo),Swimming,Women's 50 m Breaststroke Incomplete class 3,Bronze,United States of America,J. Howe,https://www.paralympic.org/j-howe
1964,Tokyo,Summer,1964 Summer Paralympics (Tokyo),Swimming,Women's 50 m Breaststroke Incomplete class 4,Gold,United States of America,H. Chafee,https://www.paralympic.org/h-chafee
1964,Tokyo,Summer,1964 Summer Paralympics (Tokyo),Swimming,Women's 50 m Breaststroke Incomplete class 4,Silver,United States of America,Rosalie Hixson,https://www.paralympic.org/rosalie-hixson
1964,Tokyo,Summer,1964 Summer Paralympics (Tokyo),Swimming,Women's 50 m Breaststroke Cauda equina,Silver,United States of America,C. Welgar,https://www.paralympic.org/c-welgar
1964,Tokyo,Summer,1964 Summer Paralympics (Tokyo),Swimming,Women's 25 m Breaststroke Incomplete class 1,Silver,United States of America,J. Little,https://www.paralympic.org/j-little-0
1964,Tokyo,Summer,1964 Summer Paralympics (Tokyo),Swimming,Women's 25 m Breaststroke Incomplete class 2,Gold,United States of America,S. Simmons,https://www.paralympic.org/s-simmons
1964,Tokyo,Summer,1964 Summer Paralympics (Tokyo),Swimming,Women's 50 m Freestyle Prone Complete class 3,Gold,United States of America,J. Slade,https://www.paralympic.org/j-slade
1964,Tokyo,Summer,1964 Summer Paralympics (Tokyo),Swimming,Women's 50 m Freestyle Prone Incomplete class 3,Silver,United States of America,E. Cox,https://www.paralympic.org/e-cox
1964,Tokyo,Summer,1964 Summer Paralympics (Tokyo),Swimming,Women's 50 m Freestyle Prone Incomplete class 3,Bronze,United States of America,J. Howe,https://www.paralympic.org/j-howe
1964,Tokyo,Summer,1964 Summer Paralympics (Tokyo),Swimming,Women's 50 m Freestyle Prone Incomplete class 4,Gold,United States of America,Rosalie Hixson,https://www.paralympic.org/rosalie-hixson
1964,Tokyo,Summer,1964 Summer Paralympics (Tokyo),Swimming,Women's 50 m Freestyle Prone Incomplete class 4,Bronze,United States of America,H. Chafee,https://www.paralympic.org/h-chafee
1964,Tokyo,Summer,1964 Summer Paralympics (Tokyo),Swimming,Women's 50 m Freestyle Prone Complete class 5,Bronze,United States of America,C. Welgar,https://www.paralympic.org/c-welgar
1964,Tokyo,Summer,1964 Summer Paralympics (Tokyo),Swimming,Women's 25 m Freestyle Prone Complete class 1,Gold,United States of America,E. Mulay,https://www.paralympic.org/e-mulay
1964,Tokyo,Summer,1964 Summer Paralympics (Tokyo),Swimming,Women's 25 m Freestyle Prone Incomplete class 1,Gold,United States of America,J. Little,https://www.paralympic.org/j-little-0
1964,Tokyo,Summer,1964 Summer Paralympics (Tokyo),Swimming,Women's 25 m Freestyle Prone Incomplete class 2,Gold,United States of America,S. Simmons,https://www.paralympic.org/s-simmons
1964,Tokyo,Summer,1964 Summer Paralympics (Tokyo),Swimming,Mixed Medley Relay Open,Gold,United States of America,,
1964,Tokyo,Summer,1964 Summer Paralympics (Tokyo),Table Tennis,Men's Doubles A1,Silver,United States of America,,
1964,Tokyo,Summer,1964 Summer Paralympics (Tokyo),Table Tennis,Men's Doubles A2,Silver,United States of America,,
1964,Tokyo,Summer,1964 Summer Paralympics (Tokyo),Table Tennis,Men's Doubles A2,Bronze,United States of America,,
1964,Tokyo,Summer,1964 Summer Paralympics (Tokyo),Table Tennis,Men's Singles A1,Gold,United States of America,S. Floresco,https://www.paralympic.org/s-floresco
1964,Tokyo,Summer,1964 Summer Paralympics (Tokyo),Table Tennis,Men's Singles A1,Bronze,United States of America,Vincent Falardeau,https://www.paralympic.org/vincent-falardeau
1964,Tokyo,Summer,1964 Summer Paralympics (Tokyo),Wheelchair Basketball,Men's Tournament A complete,Gold,United States of America,,
1964,Tokyo,Summer,1964 Summer Paralympics (Tokyo),Wheelchair Basketball,Men's Tournament B incomplete,Gold,United States of America,,
1964,Tokyo,Summer,1964 Summer Paralympics (Tokyo),Wheelchair Fencing,Women's Foil Individual,Silver,United States of America,J. Waterman,https://www.paralympic.org/j-waterman
1964,Tokyo,Summer,1964 Summer Paralympics (Tokyo),Wheelchair Fencing,Women's Foil Team,Bronze,United States of America,,
1964,Tokyo,Summer,1964 Summer Paralympics (Tokyo),Weightlifting,Men's Lightweight,Bronze,United States of America,Don Kennedy,https://www.paralympic.org/don-kennedy
1968,Tel Aviv,Summer,1968 Summer Paralympics (Tel Aviv),Archery,Men's Albion Round Open,Bronze,United States of America,Klemens,https://www.paralympic.org/klemens
1968,Tel Aviv,Summer,1968 Summer Paralympics (Tel Aviv),Archery,Men's Albion Round Team Open,Gold,United States of America,,
1968,Tel Aviv,Summer,1968 Summer Paralympics (Tel Aviv),Archery,Men's Columbia Round Open,Silver,United States of America,Reno Levis,https://www.paralympic.org/reno-levis
1968,Tel Aviv,Summer,1968 Summer Paralympics (Tel Aviv),Archery,Men's Columbia Round Team Open,Gold,United States of America,,
1968,Tel Aviv,Summer,1968 Summer Paralympics (Tel Aviv),Archery,Men's FITA Round Team Open,Bronze,United States of America,,
1968,Tel Aviv,Summer,1968 Summer Paralympics (Tel Aviv),Archery,Men's St. Nicholas Round Paraplegic,Gold,United States of America,Arballo,https://www.paralympic.org/arballo
1968,Tel Aviv,Summer,1968 Summer Paralympics (Tel Aviv),Archery,Women's Albion Round Open,Silver,United States of America,Webb,https://www.paralympic.org/webb
1968,Tel Aviv,Summer,1968 Summer Paralympics (Tel Aviv),Archery,Women's Columbia Round Open,Silver,United States of America,Soulek,https://www.paralympic.org/soulek
1968,Tel Aviv,Summer,1968 Summer Paralympics (Tel Aviv),Archery,Women's Columbia Round Open,Bronze,United States of America,Cornett,https://www.paralympic.org/cornett
1968,Tel Aviv,Summer,1968 Summer Paralympics (Tel Aviv),Archery,Women's FITA Round Open,Bronze,United States of America,Webb,https://www.paralympic.org/webb
1968,Tel Aviv,Summer,1968 Summer Paralympics (Tel Aviv),Archery,Women's St. Nicholas Round Paraplegic,Bronze,United States of America,Moore,https://www.paralympic.org/moore
1968,Tel Aviv,Summer,1968 Summer Paralympics (Tel Aviv),Athletics,Men's 100 m B,Silver,United States of America,David Williamson,https://www.paralympic.org/david-williamson
1968,Tel Aviv,Summer,1968 Summer Paralympics (Tel Aviv),Athletics,Men's 100 m C,Gold,United States of America,Gary Odorowski,https://www.paralympic.org/gary-odorowski
1968,Tel Aviv,Summer,1968 Summer Paralympics (Tel Aviv),Athletics,Men's 100 m C,Silver,United States of America,Branum,https://www.paralympic.org/branum
1968,Tel Aviv,Summer,1968 Summer Paralympics (Tel Aviv),Athletics,Men's Novices 60 m C,Gold,United States of America,Roman,https://www.paralympic.org/roman
1968,Tel Aviv,Summer,1968 Summer Paralympics (Tel Aviv),Athletics,Men's Novices 60 m C,Bronze,United States of America,Feltes,https://www.paralympic.org/feltes
1968,Tel Aviv,Summer,1968 Summer Paralympics (Tel Aviv),Athletics,Men's Club Throw B,Silver,United States of America,David Williamson,https://www.paralympic.org/david-williamson
1968,Tel Aviv,Summer,1968 Summer Paralympics (Tel Aviv),Athletics,Men's Club Throw C,Gold,United States of America,H. Smith,https://www.paralympic.org/h-smith
1968,Tel Aviv,Summer,1968 Summer Paralympics (Tel Aviv),Athletics,Men's Club Throw Special class,Gold,United States of America,Ed Owen,https://www.paralympic.org/ed-owen
1968,Tel Aviv,Summer,1968 Summer Paralympics (Tel Aviv),Athletics,Men's Club Throw Special class,Bronze,United States of America,Cameron,https://www.paralympic.org/cameron
1968,Tel Aviv,Summer,1968 Summer Paralympics (Tel Aviv),Athletics,Men's Discus Throw C,Silver,United States of America,H. Smith,https://www.paralympic.org/h-smith
1968,Tel Aviv,Summer,1968 Summer Paralympics (Tel Aviv),Athletics,Men's Discus Throw C,Bronze,United States of America,Arballo,https://www.paralympic.org/arballo
1968,Tel Aviv,Summer,1968 Summer Paralympics (Tel Aviv),Athletics,Men's Discus Throw Special class,Gold,United States of America,Ed Owen,https://www.paralympic.org/ed-owen
1968,Tel Aviv,Summer,1968 Summer Paralympics (Tel Aviv),Athletics,Men's Discus Throw Special class,Silver,United States of America,Demorest,https://www.paralympic.org/demorest
1968,Tel Aviv,Summer,1968 Summer Paralympics (Tel Aviv),Athletics,Men's Javelin B,Gold,United States of America,David Williamson,https://www.paralympic.org/david-williamson
1968,Tel Aviv,Summer,1968 Summer Paralympics (Tel Aviv),Athletics,Men's Javelin C,Bronze,United States of America,Reno Levis,https://www.paralympic.org/reno-levis
1968,Tel Aviv,Summer,1968 Summer Paralympics (Tel Aviv),Athletics,Men's Javelin Special class,Silver,United States of America,Cameron,https://www.paralympic.org/cameron
1968,Tel Aviv,Summer,1968 Summer Paralympics (Tel Aviv),Athletics,Men's Javelin Special class,Bronze,United States of America,Ed Owen,https://www.paralympic.org/ed-owen
1968,Tel Aviv,Summer,1968 Summer Paralympics (Tel Aviv),Athletics,Men's Pentathlon Incomplete,Gold,United States of America,H. Smith,https://www.paralympic.org/h-smith
1968,Tel Aviv,Summer,1968 Summer Paralympics (Tel Aviv),Athletics,Men's Pentathlon Special class,Gold,United States of America,Ed Owen,https://www.paralympic.org/ed-owen
1968,Tel Aviv,Summer,1968 Summer Paralympics (Tel Aviv),Athletics,Men's Pentathlon Special class,Silver,United States of America,Branum,https://www.paralympic.org/branum
1968,Tel Aviv,Summer,1968 Summer Paralympics (Tel Aviv),Athletics,Men's Precision Javelin Open,Bronze,United States of America,Reno Levis,https://www.paralympic.org/reno-levis
1968,Tel Aviv,Summer,1968 Summer Paralympics (Tel Aviv),Athletics,Men's 4x40 m Open,Gold,United States of America,,
1968,Tel Aviv,Summer,1968 Summer Paralympics (Tel Aviv),Athletics,Men's Shot Put C,Bronze,United States of America,Chrysler,https://www.paralympic.org/chrysler
1968,Tel Aviv,Summer,1968 Summer Paralympics (Tel Aviv),Athletics,Men's Shot Put Special class,Gold,United States of America,Ed Owen,https://www.paralympic.org/ed-owen
1968,Tel Aviv,Summer,1968 Summer Paralympics (Tel Aviv),Athletics,Men's Slalom Cervical class,Silver,United States of America,Gianino,https://www.paralympic.org/gianino
1968,Tel Aviv,Summer,1968 Summer Paralympics (Tel Aviv),Athletics,Men's Slalom Cervical class,Bronze,United States of America,Dunn,https://www.paralympic.org/dunn
1968,Tel Aviv,Summer,1968 Summer Paralympics (Tel Aviv),Athletics,Women's 60 m Wheelchair A,Gold,United States of America,C. Geisse,https://www.paralympic.org/c-geisse
1968,Tel Aviv,Summer,1968 Summer Paralympics (Tel Aviv),Athletics,Women's 60 m Wheelchair A,Silver,United States of America,Kirn,https://www.paralympic.org/kirn
1968,Tel Aviv,Summer,1968 Summer Paralympics (Tel Aviv),Athletics,Women's 60 m Wheelchair A,Bronze,United States of America,Cornett,https://www.paralympic.org/cornett
1968,Tel Aviv,Summer,1968 Summer Paralympics (Tel Aviv),Athletics,Women's 60 m Wheelchair C,Silver,United States of America,Keyser,https://www.paralympic.org/keyser
1968,Tel Aviv,Summer,1968 Summer Paralympics (Tel Aviv),Athletics,Women's Club Throw A,Bronze,United States of America,Kirn,https://www.paralympic.org/kirn
1968,Tel Aviv,Summer,1968 Summer Paralympics (Tel Aviv),Athletics,Women's Discus Throw A,Bronze,United States of America,Kirn,https://www.paralympic.org/kirn
1968,Tel Aviv,Summer,1968 Summer Paralympics (Tel Aviv),Athletics,Women's Discus Throw B,Bronze,United States of America,Bindley,https://www.paralympic.org/bindley
1968,Tel Aviv,Summer,1968 Summer Paralympics (Tel Aviv),Athletics,Women's Javelin A,Gold,United States of America,Kirn,https://www.paralympic.org/kirn
1968,Tel Aviv,Summer,1968 Summer Paralympics (Tel Aviv),Athletics,Women's Javelin B,Gold,United States of America,Rosalie Hixson,https://www.paralympic.org/rosalie-hixson
1968,Tel Aviv,Summer,1968 Summer Paralympics (Tel Aviv),Athletics,Women's Pentathlon Complete,Bronze,United States of America,Cornett,https://www.paralympic.org/cornett
1968,Tel Aviv,Summer,1968 Summer Paralympics (Tel Aviv),Athletics,Women's Precision Javelin Open,Bronze,United States of America,Rosalie Hixson,https://www.paralympic.org/rosalie-hixson
1968,Tel Aviv,Summer,1968 Summer Paralympics (Tel Aviv),Athletics,Women's 4x40 m Open,Gold,United States of America,,
1968,Tel Aviv,Summer,1968 Summer Paralympics (Tel Aviv),Athletics,Women's Shot Put A,Gold,United States of America,Kirn,https://www.paralympic.org/kirn
1968,Tel Aviv,Summer,1968 Summer Paralympics (Tel Aviv),Athletics,Women's Shot Put B,Bronze,United States of America,Rosalie Hixson,https://www.paralympic.org/rosalie-hixson
1968,Tel Aviv,Summer,1968 Summer Paralympics (Tel Aviv),Athletics,Women's Slalom A,Gold,United States of America,C. Giesse,https://www.paralympic.org/c-giesse
1968,Tel Aviv,Summer,1968 Summer Paralympics (Tel Aviv),Athletics,Women's Slalom A,Bronze,United States of America,Cornett,https://www.paralympic.org/cornett
1968,Tel Aviv,Summer,1968 Summer Paralympics (Tel Aviv),Athletics,Women's Slalom Cervical class,Silver,United States of America,Gurman,https://www.paralympic.org/gurman
1968,Tel Aviv,Summer,1968 Summer Paralympics (Tel Aviv),Dartchery,Mixed Pairs Open,Gold,United States of America,,
1968,Tel Aviv,Summer,1968 Summer Paralympics (Tel Aviv),Lawn Bowls,Men's Pairs,Bronze,United States of America,,
1968,Tel Aviv,Summer,1968 Summer Paralympics (Tel Aviv),Lawn Bowls,Women's Pairs,Silver,United States of America,,
1968,Tel Aviv,Summer,1968 Summer Paralympics (Tel Aviv),Lawn Bowls,Women's Singles,Silver,United States of America,Soulek,https://www.paralympic.org/soulek
1968,Tel Aviv,Summer,1968 Summer Paralympics (Tel Aviv),Swimming,Men's 3x50 m Medley Relay Open,Bronze,United States of America,,
1968,Tel Aviv,Summer,1968 Summer Paralympics (Tel Aviv),Swimming,Men's 50 m Backstroke Class 3 complete,Gold,United States of America,Chrysler,https://www.paralympic.org/chrysler
1968,Tel Aviv,Summer,1968 Summer Paralympics (Tel Aviv),Swimming,Men's 50 m Backstroke Class 3 incomplete,Bronze,United States of America,Fiorello,https://www.paralympic.org/fiorello
1968,Tel Aviv,Summer,1968 Summer Paralympics (Tel Aviv),Swimming,Men's 50 m Backstroke Special class,Silver,United States of America,Branum,https://www.paralympic.org/branum
1968,Tel Aviv,Summer,1968 Summer Paralympics (Tel Aviv),Swimming,Men's 25 m Backstroke Class 1 complete,Bronze,United States of America,Dunn,https://www.paralympic.org/dunn
1968,Tel Aviv,Summer,1968 Summer Paralympics (Tel Aviv),Swimming,Men's 25 m Backstroke Class 2 complete,Silver,United States of America,Vincent,https://www.paralympic.org/vincent
1968,Tel Aviv,Summer,1968 Summer Paralympics (Tel Aviv),Swimming,Men's 50 m Breaststroke Special class,Gold,United States of America,Ed Owen,https://www.paralympic.org/ed-owen
1968,Tel Aviv,Summer,1968 Summer Paralympics (Tel Aviv),Swimming,Men's 100 m Breaststroke Open,Gold,United States of America,Ed Owen,https://www.paralympic.org/ed-owen
1968,Tel Aviv,Summer,1968 Summer Paralympics (Tel Aviv),Swimming,Men's 25 m Breaststroke Class 1 complete,Gold,United States of America,Crase,https://www.paralympic.org/crase
1968,Tel Aviv,Summer,1968 Summer Paralympics (Tel Aviv),Swimming,Men's 25 m Breaststroke Class 2 complete,Bronze,United States of America,Vincent,https://www.paralympic.org/vincent
1968,Tel Aviv,Summer,1968 Summer Paralympics (Tel Aviv),Swimming,Men's 100 m Freestyle Open,Gold,United States of America,Branum,https://www.paralympic.org/branum
1968,Tel Aviv,Summer,1968 Summer Paralympics (Tel Aviv),Swimming,Men's 50 m Freestyle Class 3 complete,Gold,United States of America,Chrysler,https://www.paralympic.org/chrysler
1968,Tel Aviv,Summer,1968 Summer Paralympics (Tel Aviv),Swimming,Men's 50 m Freestyle Class 4 complete,Gold,United States of America,Foust,https://www.paralympic.org/foust
1968,Tel Aviv,Summer,1968 Summer Paralympics (Tel Aviv),Swimming,Men's 50 m Freestyle Class 4 incomplete,Silver,United States of America,Pollock,https://www.paralympic.org/pollock
1968,Tel Aviv,Summer,1968 Summer Paralympics (Tel Aviv),Swimming,Men's 25 m Freestyle Class 1 complete,Silver,United States of America,Crase,https://www.paralympic.org/crase
1968,Tel Aviv,Summer,1968 Summer Paralympics (Tel Aviv),Swimming,Men's 25 m Freestyle Class 2 complete,Bronze,United States of America,Vincent,https://www.paralympic.org/vincent
1968,Tel Aviv,Summer,1968 Summer Paralympics (Tel Aviv),Swimming,Men's 3x25 m Individual Medley Open,Bronze,United States of America,Branum,https://www.paralympic.org/branum
1968,Tel Aviv,Summer,1968 Summer Paralympics (Tel Aviv),Swimming,Women's 50 m Backstroke Class 4 complete,Gold,United States of America,Kaminski,https://www.paralympic.org/kaminski
1968,Tel Aviv,Summer,1968 Summer Paralympics (Tel Aviv),Swimming,Women's 50 m Backstroke Class 5 (cauda equina),Bronze,United States of America,Stratman,https://www.paralympic.org/stratman
1968,Tel Aviv,Summer,1968 Summer Paralympics (Tel Aviv),Swimming,Women's 25 m Backstroke Class 1 complete,Silver,United States of America,Gorman,https://www.paralympic.org/gorman
1968,Tel Aviv,Summer,1968 Summer Paralympics (Tel Aviv),Swimming,Women's 25 m Backstroke Class 2 complete,Silver,United States of America,Soulek,https://www.paralympic.org/soulek
1968,Tel Aviv,Summer,1968 Summer Paralympics (Tel Aviv),Swimming,Women's 50 m Breaststroke Class 4 complete,Gold,United States of America,Ailes,https://www.paralympic.org/ailes
1968,Tel Aviv,Summer,1968 Summer Paralympics (Tel Aviv),Swimming,Women's 25 m Breaststroke Class 1 complete,Gold,United States of America,Gorman,https://www.paralympic.org/gorman
1968,Tel Aviv,Summer,1968 Summer Paralympics (Tel Aviv),Swimming,Women's 25 m Breaststroke Class 1 complete,Silver,United States of America,Moore,https://www.paralympic.org/moore
1968,Tel Aviv,Summer,1968 Summer Paralympics (Tel Aviv),Swimming,Women's 25 m Breaststroke Class 2 complete,Bronze,United States of America,Cornett,https://www.paralympic.org/cornett
1968,Tel Aviv,Summer,1968 Summer Paralympics (Tel Aviv),Swimming,Women's 50 m Freestyle Class 4 complete,Gold,United States of America,Ailes,https://www.paralympic.org/ailes
1968,Tel Aviv,Summer,1968 Summer Paralympics (Tel Aviv),Swimming,Women's 25 m Freestyle Class 1 complete,Gold,United States of America,Moore,https://www.paralympic.org/moore
1968,Tel Aviv,Summer,1968 Summer Paralympics (Tel Aviv),Swimming,Women's 25 m Freestyle Class 1 complete,Silver,United States of America,Gorman,https://www.paralympic.org/gorman
1968,Tel Aviv,Summer,1968 Summer Paralympics (Tel Aviv),Swimming,Women's 25 m Freestyle Class 2 complete,Silver,United States of America,Cornett,https://www.paralympic.org/cornett
1968,Tel Aviv,Summer,1968 Summer Paralympics (Tel Aviv),Swimming,Women's 25 m Freestyle Class 2 incomplete,Silver,United States of America,Moore,https://www.paralympic.org/moore
1968,Tel Aviv,Summer,1968 Summer Paralympics (Tel Aviv),Table Tennis,Men's Doubles A1,Gold,United States of America,,
1968,Tel Aviv,Summer,1968 Summer Paralympics (Tel Aviv),Table Tennis,Men's Doubles A1,Bronze,United States of America,,
1968,Tel Aviv,Summer,1968 Summer Paralympics (Tel Aviv),Table Tennis,Men's Singles A1,Bronze,United States of America,McNichol,https://www.paralympic.org/mcnichol
1968,Tel Aviv,Summer,1968 Summer Paralympics (Tel Aviv),Table Tennis,Women's Singles A1,Bronze,United States of America,Sandra Coppard,https://www.paralympic.org/sandra-coppard
1968,Tel Aviv,Summer,1968 Summer Paralympics (Tel Aviv),Wheelchair Basketball,Men's Tournament,Silver,United States of America,,
1968,Tel Aviv,Summer,1968 Summer Paralympics (Tel Aviv),Wheelchair Basketball,Women's Tournament,Bronze,United States of America,,
1968,Tel Aviv,Summer,1968 Summer Paralympics (Tel Aviv),Weightlifting,Men's Middleweight,Bronze,United States of America,Jensen,https://www.paralympic.org/jensen-0
1968,Tel Aviv,Summer,1968 Summer Paralympics (Tel Aviv),Weightlifting,Men's Heavyweight,Bronze,United States of America,Rossini,https://www.paralympic.org/rossini
1972,Heidelberg,Summer,1972 Summer Paralympics (Heidelberg),Archery,Men's Short Western Round Open,Silver,United States of America,Jay Brown,https://www.paralympic.org/jay-brown
1972,Heidelberg,Summer,1972 Summer Paralympics (Heidelberg),Archery,Men's Short Western Round Team Open,Silver,United States of America,,
1972,Heidelberg,Summer,1972 Summer Paralympics (Heidelberg),Athletics,Men's 100 m 2,Gold,United States of America,Gary Kerr,https://www.paralympic.org/gary-kerr
1972,Heidelberg,Summer,1972 Summer Paralympics (Heidelberg),Athletics,Men's 100 m 2,Silver,United States of America,Goldmann,https://www.paralympic.org/goldmann
1972,Heidelberg,Summer,1972 Summer Paralympics (Heidelberg),Athletics,Men's 100 m 3,Bronze,United States of America,Stuewe,https://www.paralympic.org/stuewe
1972,Heidelberg,Summer,1972 Summer Paralympics (Heidelberg),Athletics,Men's 100 m 4,Gold,United States of America,Raymond Lewandowski,https://www.paralympic.org/raymond-lewandowski
1972,Heidelberg,Summer,1972 Summer Paralympics (Heidelberg),Athletics,Men's 100 m 5,Silver,United States of America,Gillette,https://www.paralympic.org/gillette
1972,Heidelberg,Summer,1972 Summer Paralympics (Heidelberg),Athletics,Men's Discus Throw 1A,Silver,United States of America,Rod Vleiger,https://www.paralympic.org/rod-vleiger
1972,Heidelberg,Summer,1972 Summer Paralympics (Heidelberg),Athletics,Men's Discus Throw 1A,Bronze,United States of America,McNichol,https://www.paralympic.org/mcnichol
1972,Heidelberg,Summer,1972 Summer Paralympics (Heidelberg),Athletics,Men's Discus Throw 1B,Silver,United States of America,Julius Duval,https://www.paralympic.org/julius-duval
1972,Heidelberg,Summer,1972 Summer Paralympics (Heidelberg),Athletics,Men's Discus Throw 5,Gold,United States of America,Ray Clark,https://www.paralympic.org/ray-clark
1972,Heidelberg,Summer,1972 Summer Paralympics (Heidelberg),Athletics,Men's Javelin 1A,Silver,United States of America,McNichol,https://www.paralympic.org/mcnichol
1972,Heidelberg,Summer,1972 Summer Paralympics (Heidelberg),Athletics,Men's Javelin 1B,Gold,United States of America,Julius Duval,https://www.paralympic.org/julius-duval
1972,Heidelberg,Summer,1972 Summer Paralympics (Heidelberg),Athletics,Men's Javelin 2,Bronze,United States of America,Ron Halsey,https://www.paralympic.org/ron-halsey
1972,Heidelberg,Summer,1972 Summer Paralympics (Heidelberg),Athletics,Men's Javelin 3,Silver,United States of America,David Williamson,https://www.paralympic.org/david-williamson
1972,Heidelberg,Summer,1972 Summer Paralympics (Heidelberg),Athletics,Men's Javelin 4,Silver,United States of America,Reno Levis,https://www.paralympic.org/reno-levis
1972,Heidelberg,Summer,1972 Summer Paralympics (Heidelberg),Athletics,Men's Javelin 5,Bronze,United States of America,Ray Clark,https://www.paralympic.org/ray-clark
1972,Heidelberg,Summer,1972 Summer Paralympics (Heidelberg),Athletics,Men's Pentathlon 1B,Silver,United States of America,Julius Duval,https://www.paralympic.org/julius-duval
1972,Heidelberg,Summer,1972 Summer Paralympics (Heidelberg),Athletics,Men's Pentathlon 3,Gold,United States of America,David Williamson,https://www.paralympic.org/david-williamson
1972,Heidelberg,Summer,1972 Summer Paralympics (Heidelberg),Athletics,Men's Pentathlon 4,Bronze,United States of America,Reno Levis,https://www.paralympic.org/reno-levis
1972,Heidelberg,Summer,1972 Summer Paralympics (Heidelberg),Athletics,Men's Pentathlon 5,Gold,United States of America,Ray Clark,https://www.paralympic.org/ray-clark
1972,Heidelberg,Summer,1972 Summer Paralympics (Heidelberg),Athletics,Men's Pentathlon 5,Silver,United States of America,Ed Owen,https://www.paralympic.org/ed-owen
1972,Heidelberg,Summer,1972 Summer Paralympics (Heidelberg),Athletics,Men's Precision Javelin Open,Silver,United States of America,Reno Levis,https://www.paralympic.org/reno-levis
1972,Heidelberg,Summer,1972 Summer Paralympics (Heidelberg),Athletics,Men's 4x60 m Open,Gold,United States of America,,
1972,Heidelberg,Summer,1972 Summer Paralympics (Heidelberg),Athletics,Men's Shot Put 1B,Gold,United States of America,Julius Duval,https://www.paralympic.org/julius-duval
1972,Heidelberg,Summer,1972 Summer Paralympics (Heidelberg),Athletics,Men's Shot Put 2,Silver,United States of America,Ron Halsey,https://www.paralympic.org/ron-halsey
1972,Heidelberg,Summer,1972 Summer Paralympics (Heidelberg),Athletics,Men's Shot Put 3,Gold,United States of America,David Williamson,https://www.paralympic.org/david-williamson
1972,Heidelberg,Summer,1972 Summer Paralympics (Heidelberg),Athletics,Men's Shot Put 4,Bronze,United States of America,Dale Wiley,https://www.paralympic.org/dale-wiley
1972,Heidelberg,Summer,1972 Summer Paralympics (Heidelberg),Athletics,Men's Slalom 1A,Silver,United States of America,Rod Vleiger,https://www.paralympic.org/rod-vleiger
1972,Heidelberg,Summer,1972 Summer Paralympics (Heidelberg),Athletics,Men's Slalom 1A,Bronze,United States of America,McNichol,https://www.paralympic.org/mcnichol
1972,Heidelberg,Summer,1972 Summer Paralympics (Heidelberg),Athletics,Men's Slalom 1B,Gold,United States of America,Rosenbaum,https://www.paralympic.org/rosenbaum
1972,Heidelberg,Summer,1972 Summer Paralympics (Heidelberg),Athletics,Men's Slalom 1B,Silver,United States of America,Robert Ockvirk,https://www.paralympic.org/robert-ockvirk
1972,Heidelberg,Summer,1972 Summer Paralympics (Heidelberg),Athletics,Men's Slalom 2,Silver,United States of America,Schmicking,https://www.paralympic.org/schmicking
1972,Heidelberg,Summer,1972 Summer Paralympics (Heidelberg),Athletics,Men's Slalom 3,Silver,United States of America,Roman,https://www.paralympic.org/roman
1972,Heidelberg,Summer,1972 Summer Paralympics (Heidelberg),Athletics,Women's 60 m Wheelchair 1A,Bronze,United States of America,Karen Donaldson,https://www.paralympic.org/karen-donaldson
1972,Heidelberg,Summer,1972 Summer Paralympics (Heidelberg),Athletics,Women's 60 m Wheelchair 4,Bronze,United States of America,Keyser,https://www.paralympic.org/keyser
1972,Heidelberg,Summer,1972 Summer Paralympics (Heidelberg),Athletics,Women's Discus Throw 1B,Bronze,United States of America,Broemmer,https://www.paralympic.org/broemmer
1972,Heidelberg,Summer,1972 Summer Paralympics (Heidelberg),Athletics,Women's Discus Throw 3,Bronze,United States of America,Rosalie Hixson,https://www.paralympic.org/rosalie-hixson
1972,Heidelberg,Summer,1972 Summer Paralympics (Heidelberg),Athletics,Women's Discus Throw 4,Bronze,United States of America,Darleen Quinlan,https://www.paralympic.org/darleen-quinlan
1972,Heidelberg,Summer,1972 Summer Paralympics (Heidelberg),Athletics,Women's Javelin 1B,Bronze,United States of America,Broemmer,https://www.paralympic.org/broemmer
1972,Heidelberg,Summer,1972 Summer Paralympics (Heidelberg),Athletics,Women's Javelin 3,Gold,United States of America,Rosalie Hixson,https://www.paralympic.org/rosalie-hixson
1972,Heidelberg,Summer,1972 Summer Paralympics (Heidelberg),Athletics,Women's Javelin 3,Bronze,United States of America,Kirn,https://www.paralympic.org/kirn
1972,Heidelberg,Summer,1972 Summer Paralympics (Heidelberg),Athletics,Women's Javelin 4,Gold,United States of America,Darleen Quinlan,https://www.paralympic.org/darleen-quinlan
1972,Heidelberg,Summer,1972 Summer Paralympics (Heidelberg),Athletics,Women's Pentathlon 2,Silver,United States of America,Fetter,https://www.paralympic.org/fetter
1972,Heidelberg,Summer,1972 Summer Paralympics (Heidelberg),Athletics,Women's Pentathlon 2,Bronze,United States of America,Sharon Myers,https://www.paralympic.org/sharon-myers
1972,Heidelberg,Summer,1972 Summer Paralympics (Heidelberg),Athletics,Women's Pentathlon 3,Silver,United States of America,Rosalie Hixson,https://www.paralympic.org/rosalie-hixson
1972,Heidelberg,Summer,1972 Summer Paralympics (Heidelberg),Athletics,Women's Precision Javelin Open,Silver,United States of America,Rosalie Hixson,https://www.paralympic.org/rosalie-hixson
1972,Heidelberg,Summer,1972 Summer Paralympics (Heidelberg),Athletics,Women's Shot Put 4,Bronze,United States of America,Darleen Quinlan,https://www.paralympic.org/darleen-quinlan
1972,Heidelberg,Summer,1972 Summer Paralympics (Heidelberg),Athletics,Women's Slalom 1B,Gold,United States of America,Broemmer,https://www.paralympic.org/broemmer
1972,Heidelberg,Summer,1972 Summer Paralympics (Heidelberg),Athletics,Women's Slalom 2,Bronze,United States of America,Sharon Myers,https://www.paralympic.org/sharon-myers
1972,Heidelberg,Summer,1972 Summer Paralympics (Heidelberg),Athletics,Women's Slalom 4,Gold,United States of America,Keyser,https://www.paralympic.org/keyser
1972,Heidelberg,Summer,1972 Summer Paralympics (Heidelberg),Athletics,Women's Slalom 4,Bronze,United States of America,Darleen Quinlan,https://www.paralympic.org/darleen-quinlan
1972,Heidelberg,Summer,1972 Summer Paralympics (Heidelberg),Dartchery,Mixed Pairs Open,Bronze,United States of America,,
1972,Heidelberg,Summer,1972 Summer Paralympics (Heidelberg),Swimming,Men's 3x50 m Medley Relay 2-4,Bronze,United States of America,,
1972,Heidelberg,Summer,1972 Summer Paralympics (Heidelberg),Swimming,Men's 25 m Backstroke 1B,Silver,United States of America,Robert Ockvirk,https://www.paralympic.org/robert-ockvirk
1972,Heidelberg,Summer,1972 Summer Paralympics (Heidelberg),Swimming,Men's 50 m Breaststroke 3,Bronze,United States of America,Griggs,https://www.paralympic.org/griggs
1972,Heidelberg,Summer,1972 Summer Paralympics (Heidelberg),Swimming,Men's 25 m Breaststroke 1B,Silver,United States of America,Robert Ockvirk,https://www.paralympic.org/robert-ockvirk
1972,Heidelberg,Summer,1972 Summer Paralympics (Heidelberg),Swimming,Men's 25 m Breaststroke 1B,Bronze,United States of America,R. Rosenbaum,https://www.paralympic.org/r-rosenbaum
1972,Heidelberg,Summer,1972 Summer Paralympics (Heidelberg),Swimming,Men's 50 m Freestyle 4,Bronze,United States of America,Foust,https://www.paralympic.org/foust
1972,Heidelberg,Summer,1972 Summer Paralympics (Heidelberg),Swimming,Men's 25 m Freestyle 1B,Silver,United States of America,Robert Ockvirk,https://www.paralympic.org/robert-ockvirk
1972,Heidelberg,Summer,1972 Summer Paralympics (Heidelberg),Swimming,Women's 25 m Backstroke 1A,Gold,United States of America,Karen Donaldson,https://www.paralympic.org/karen-donaldson
1972,Heidelberg,Summer,1972 Summer Paralympics (Heidelberg),Swimming,Women's 25 m Freestyle 2,Bronze,United States of America,Sharon Myers,https://www.paralympic.org/sharon-myers
1972,Heidelberg,Summer,1972 Summer Paralympics (Heidelberg),Table Tennis,Men's Doubles 1A,Bronze,United States of America,,
1972,Heidelberg,Summer,1972 Summer Paralympics (Heidelberg),Table Tennis,Men's Singles 4,Silver,United States of America,Michael Dempsey,https://www.paralympic.org/michael-dempsey
1972,Heidelberg,Summer,1972 Summer Paralympics (Heidelberg),Table Tennis,Women's Teams 2,Bronze,United States of America,,
1972,Heidelberg,Summer,1972 Summer Paralympics (Heidelberg),Wheelchair Basketball,Men's Tournament,Gold,United States of America,,
1972,Heidelberg,Summer,1972 Summer Paralympics (Heidelberg),Weightlifting,Men's Light-Featherweight,Silver,United States of America,Martin,https://www.paralympic.org/martin-0
1972,Heidelberg,Summer,1972 Summer Paralympics (Heidelberg),Weightlifting,Men's Middleweight,Gold,United States of America,Edward Coyle,https://www.paralympic.org/edward-coyle
1972,Heidelberg,Summer,1972 Summer Paralympics (Heidelberg),Weightlifting,Men's Middleweight,Bronze,United States of America,Tauber,https://www.paralympic.org/tauber
1972,Heidelberg,Summer,1972 Summer Paralympics (Heidelberg),Weightlifting,Men's Light-Heavyweight,Silver,United States of America,Patton,https://www.paralympic.org/patton
1972,Heidelberg,Summer,1972 Summer Paralympics (Heidelberg),Weightlifting,Men's Heavyweight,Silver,United States of America,Jon Brown,https://www.paralympic.org/jon-brown
1976,Toronto,Summer,1976 Summer Paralympics (Toronto),Archery,Men's FITA Round Team 2-5,Gold,United States of America,,
1976,Toronto,Summer,1976 Summer Paralympics (Toronto),Archery,Men's Short Metric Round Tetraplegic A-C,Gold,United States of America,West Brownlow,https://www.paralympic.org/west-brownlow
1976,Toronto,Summer,1976 Summer Paralympics (Toronto),Archery,Women's FITA Round Open,Bronze,United States of America,Rhonda July,https://www.paralympic.org/rhonda-july
1976,Toronto,Summer,1976 Summer Paralympics (Toronto),Archery,Women's FITA Round Team 2-5,Gold,United States of America,,
1976,Toronto,Summer,1976 Summer Paralympics (Toronto),Archery,Women's Novice Round Open,Bronze,United States of America,Noreen Vollbach,https://www.paralympic.org/noreen-vollbach
1976,Toronto,Summer,1976 Summer Paralympics (Toronto),Archery,Mixed Novice and Tetraplegics Round Team A-C,Bronze,United States of America,,
1976,Toronto,Summer,1976 Summer Paralympics (Toronto),Athletics,Men's 100 m B,Gold,United States of America,Winford Haynes,https://www.paralympic.org/winford-haynes
1976,Toronto,Summer,1976 Summer Paralympics (Toronto),Athletics,Men's 100 m D1,Gold,United States of America,C. Brinkman,https://www.paralympic.org/c-brinkman
1976,Toronto,Summer,1976 Summer Paralympics (Toronto),Athletics,Men's 100 m D1,Silver,United States of America,M. Johnson,https://www.paralympic.org/m-johnson
1976,Toronto,Summer,1976 Summer Paralympics (Toronto),Athletics,Men's 100 m 2,Gold,United States of America,Gary Kerr,https://www.paralympic.org/gary-kerr
1976,Toronto,Summer,1976 Summer Paralympics (Toronto),Athletics,Men's 100 m 3,Gold,United States of America,Jim Hernandez,https://www.paralympic.org/jim-hernandez
1976,Toronto,Summer,1976 Summer Paralympics (Toronto),Athletics,Men's 100 m 3,Bronze,United States of America,Charles Williams,https://www.paralympic.org/charles-williams
1976,Toronto,Summer,1976 Summer Paralympics (Toronto),Athletics,Men's 100 m 4,Gold,United States of America,David Kiley,https://www.paralympic.org/david-kiley
1976,Toronto,Summer,1976 Summer Paralympics (Toronto),Athletics,Men's 100 m 4,Silver,United States of America,Raymond Lewandowski,https://www.paralympic.org/raymond-lewandowski
1976,Toronto,Summer,1976 Summer Paralympics (Toronto),Athletics,Men's 100 m 5,Silver,United States of America,Randy Wix,https://www.paralympic.org/randy-wix
1976,Toronto,Summer,1976 Summer Paralympics (Toronto),Athletics,Men's 200 m 2,Silver,United States of America,Gary Kerr,https://www.paralympic.org/gary-kerr
1976,Toronto,Summer,1976 Summer Paralympics (Toronto),Athletics,Men's 200 m 3,Gold,United States of America,Jim Hernandez,https://www.paralympic.org/jim-hernandez
1976,Toronto,Summer,1976 Summer Paralympics (Toronto),Athletics,Men's 200 m 3,Silver,United States of America,Charles Williams,https://www.paralympic.org/charles-williams
1976,Toronto,Summer,1976 Summer Paralympics (Toronto),Athletics,Men's 400 m 3,Gold,United States of America,Charles Williams,https://www.paralympic.org/charles-williams
1976,Toronto,Summer,1976 Summer Paralympics (Toronto),Athletics,Men's 400 m 3,Bronze,United States of America,Jim Hernandez,https://www.paralympic.org/jim-hernandez
1976,Toronto,Summer,1976 Summer Paralympics (Toronto),Athletics,Men's 800 m 4,Gold,United States of America,David Kiley,https://www.paralympic.org/david-kiley
1976,Toronto,Summer,1976 Summer Paralympics (Toronto),Athletics,Men's 800 m 5,Silver,United States of America,Randy Wix,https://www.paralympic.org/randy-wix
1976,Toronto,Summer,1976 Summer Paralympics (Toronto),Athletics,Men's 1500 m 4,Gold,United States of America,David Kiley,https://www.paralympic.org/david-kiley
1976,Toronto,Summer,1976 Summer Paralympics (Toronto),Athletics,Men's 1500 m 5,Gold,United States of America,Randy Wix,https://www.paralympic.org/randy-wix
1976,Toronto,Summer,1976 Summer Paralympics (Toronto),Athletics,Men's 60 m 1C,Silver,United States of America,West Brownlow,https://www.paralympic.org/west-brownlow
1976,Toronto,Summer,1976 Summer Paralympics (Toronto),Athletics,Men's Club Throw 1A,Bronze,United States of America,Rod Vleiger,https://www.paralympic.org/rod-vleiger
1976,Toronto,Summer,1976 Summer Paralympics (Toronto),Athletics,Men's Club Throw 1B,Bronze,United States of America,Julius Duval,https://www.paralympic.org/julius-duval
1976,Toronto,Summer,1976 Summer Paralympics (Toronto),Athletics,Men's Discus Throw 1B,Gold,United States of America,Stephen Kempf,https://www.paralympic.org/stephen-kempf
1976,Toronto,Summer,1976 Summer Paralympics (Toronto),Athletics,Men's Discus Throw 1B,Silver,United States of America,Julius Duval,https://www.paralympic.org/julius-duval
1976,Toronto,Summer,1976 Summer Paralympics (Toronto),Athletics,Men's Discus Throw D1,Gold,United States of America,John Jerome,https://www.paralympic.org/john-jerome
1976,Toronto,Summer,1976 Summer Paralympics (Toronto),Athletics,Men's Discus Throw D1,Silver,United States of America,"J, Behan",https://www.paralympic.org/j-behan
1976,Toronto,Summer,1976 Summer Paralympics (Toronto),Athletics,Men's Discus Throw D1,Bronze,United States of America,C. Brinkman,https://www.paralympic.org/c-brinkman
1976,Toronto,Summer,1976 Summer Paralympics (Toronto),Athletics,Men's Discus Throw 2,Gold,United States of America,Robert Tusa,https://www.paralympic.org/robert-tusa
1976,Toronto,Summer,1976 Summer Paralympics (Toronto),Athletics,Men's Discus Throw 3,Silver,United States of America,David Williamson,https://www.paralympic.org/david-williamson
1976,Toronto,Summer,1976 Summer Paralympics (Toronto),Athletics,Men's Discus Throw 5,Silver,United States of America,Ed Owen,https://www.paralympic.org/ed-owen
1976,Toronto,Summer,1976 Summer Paralympics (Toronto),Athletics,Men's Discus Throw 5,Bronze,United States of America,Ray Clark,https://www.paralympic.org/ray-clark
1976,Toronto,Summer,1976 Summer Paralympics (Toronto),Athletics,Men's High Jump A,Gold,United States of America,John Bowman,https://www.paralympic.org/john-bowman
1976,Toronto,Summer,1976 Summer Paralympics (Toronto),Athletics,Men's High Jump A,Bronze,United States of America,T. Lewis,https://www.paralympic.org/t-lewis
1976,Toronto,Summer,1976 Summer Paralympics (Toronto),Athletics,Men's High Jump B,Silver,United States of America,Richard Barnhart,https://www.paralympic.org/richard-barnhart
1976,Toronto,Summer,1976 Summer Paralympics (Toronto),Athletics,Men's Javelin 1C,Gold,United States of America,Tommy Hite,https://www.paralympic.org/tommy-hite
1976,Toronto,Summer,1976 Summer Paralympics (Toronto),Athletics,Men's Javelin D1,Gold,United States of America,John Jerome,https://www.paralympic.org/john-jerome
1976,Toronto,Summer,1976 Summer Paralympics (Toronto),Athletics,Men's Javelin D1,Silver,United States of America,J. Behan,https://www.paralympic.org/j-behan-0
1976,Toronto,Summer,1976 Summer Paralympics (Toronto),Athletics,Men's Javelin D1,Bronze,United States of America,M. Johnson,https://www.paralympic.org/m-johnson
1976,Toronto,Summer,1976 Summer Paralympics (Toronto),Athletics,Men's Javelin 2,Silver,United States of America,Ron Halsey,https://www.paralympic.org/ron-halsey
1976,Toronto,Summer,1976 Summer Paralympics (Toronto),Athletics,Men's Javelin 3,Gold,United States of America,Reno Levis,https://www.paralympic.org/reno-levis
1976,Toronto,Summer,1976 Summer Paralympics (Toronto),Athletics,Men's Javelin 3,Bronze,United States of America,David Williamson,https://www.paralympic.org/david-williamson
1976,Toronto,Summer,1976 Summer Paralympics (Toronto),Athletics,Men's Javelin 5,Silver,United States of America,Ray Clark,https://www.paralympic.org/ray-clark
1976,Toronto,Summer,1976 Summer Paralympics (Toronto),Athletics,Men's Pentathlon 3,Bronze,United States of America,David Williamson,https://www.paralympic.org/david-williamson
1976,Toronto,Summer,1976 Summer Paralympics (Toronto),Athletics,Men's Pentathlon 5,Gold,United States of America,Ray Clark,https://www.paralympic.org/ray-clark
1976,Toronto,Summer,1976 Summer Paralympics (Toronto),Athletics,Men's Precision Javelin D1,Gold,United States of America,J. Behan,https://www.paralympic.org/j-behan-0
1976,Toronto,Summer,1976 Summer Paralympics (Toronto),Athletics,Men's Precision Javelin 1C-5,Gold,United States of America,Roy Nungester,https://www.paralympic.org/roy-nungester
1976,Toronto,Summer,1976 Summer Paralympics (Toronto),Athletics,Men's 4x40 m A-C,Gold,United States of America,,
1976,Toronto,Summer,1976 Summer Paralympics (Toronto),Athletics,Men's 4x60 m 2-5,Gold,United States of America,,
1976,Toronto,Summer,1976 Summer Paralympics (Toronto),Athletics,Men's Shot Put 1B,Gold,United States of America,Julius Duval,https://www.paralympic.org/julius-duval
1976,Toronto,Summer,1976 Summer Paralympics (Toronto),Athletics,Men's Shot Put 1B,Silver,United States of America,Stephen Kempf,https://www.paralympic.org/stephen-kempf
1976,Toronto,Summer,1976 Summer Paralympics (Toronto),Athletics,Men's Shot Put 1C,Bronze,United States of America,Tommy Hite,https://www.paralympic.org/tommy-hite
1976,Toronto,Summer,1976 Summer Paralympics (Toronto),Athletics,Men's Shot Put D1,Gold,United States of America,John Jerome,https://www.paralympic.org/john-jerome
1976,Toronto,Summer,1976 Summer Paralympics (Toronto),Athletics,Men's Shot Put D1,Silver,United States of America,J. Behan,https://www.paralympic.org/j-behan-0
1976,Toronto,Summer,1976 Summer Paralympics (Toronto),Athletics,Men's Shot Put 5,Gold,United States of America,Ray Clark,https://www.paralympic.org/ray-clark
1976,Toronto,Summer,1976 Summer Paralympics (Toronto),Athletics,Men's Slalom 1A,Silver,United States of America,Rod Vleiger,https://www.paralympic.org/rod-vleiger
1976,Toronto,Summer,1976 Summer Paralympics (Toronto),Athletics,Men's Slalom 1C,Bronze,United States of America,Tommy Hite,https://www.paralympic.org/tommy-hite
1976,Toronto,Summer,1976 Summer Paralympics (Toronto),Athletics,Men's Slalom 3,Bronze,United States of America,James Steuwe,https://www.paralympic.org/james-steuwe
1976,Toronto,Summer,1976 Summer Paralympics (Toronto),Athletics,Women's 100 m D1,Gold,United States of America,P. Martin,https://www.paralympic.org/p-martin
1976,Toronto,Summer,1976 Summer Paralympics (Toronto),Athletics,Women's 200 m 2,Bronze,United States of America,Glee Lyford,https://www.paralympic.org/glee-lyford
1976,Toronto,Summer,1976 Summer Paralympics (Toronto),Athletics,Women's 200 m 3,Gold,United States of America,Ellyn Boyd,https://www.paralympic.org/ellyn-boyd
1976,Toronto,Summer,1976 Summer Paralympics (Toronto),Athletics,Women's 200 m 3,Silver,United States of America,Karen Casper,https://www.paralympic.org/karen-casper
1976,Toronto,Summer,1976 Summer Paralympics (Toronto),Athletics,Women's 400 m 2,Bronze,United States of America,Glee Lyford,https://www.paralympic.org/glee-lyford
1976,Toronto,Summer,1976 Summer Paralympics (Toronto),Athletics,Women's 400 m 3,Gold,United States of America,Ellyn Boyd,https://www.paralympic.org/ellyn-boyd
1976,Toronto,Summer,1976 Summer Paralympics (Toronto),Athletics,Women's 400 m 3,Silver,United States of America,Karen Casper,https://www.paralympic.org/karen-casper
1976,Toronto,Summer,1976 Summer Paralympics (Toronto),Athletics,Women's 800 m 4,Gold,United States of America,Sharon Rahn,https://www.paralympic.org/sharon-rahn
1976,Toronto,Summer,1976 Summer Paralympics (Toronto),Athletics,Women's 60 m 1A,Silver,United States of America,Ruth Wendt,https://www.paralympic.org/ruth-wendt
1976,Toronto,Summer,1976 Summer Paralympics (Toronto),Athletics,Women's 60 m 1C,Silver,United States of America,Sharon Myers,https://www.paralympic.org/sharon-myers
1976,Toronto,Summer,1976 Summer Paralympics (Toronto),Athletics,Women's 60 m 2,Gold,United States of America,Glee Lyford,https://www.paralympic.org/glee-lyford
1976,Toronto,Summer,1976 Summer Paralympics (Toronto),Athletics,Women's 60 m 3,Silver,United States of America,Ellyn Boyd,https://www.paralympic.org/ellyn-boyd
1976,Toronto,Summer,1976 Summer Paralympics (Toronto),Athletics,Women's 60 m 3,Bronze,United States of America,Karen Casper,https://www.paralympic.org/karen-casper
1976,Toronto,Summer,1976 Summer Paralympics (Toronto),Athletics,Women's 60 m 4,Silver,United States of America,Sharon Rahn,https://www.paralympic.org/sharon-rahn
1976,Toronto,Summer,1976 Summer Paralympics (Toronto),Athletics,Women's 60 m 5,Bronze,United States of America,Constance Head,https://www.paralympic.org/constance-head
1976,Toronto,Summer,1976 Summer Paralympics (Toronto),Athletics,Women's Club Throw 1A,Silver,United States of America,Ruth Wendt,https://www.paralympic.org/ruth-wendt
1976,Toronto,Summer,1976 Summer Paralympics (Toronto),Athletics,Women's Club Throw 1B,Silver,United States of America,Ruth Rosenbaum,https://www.paralympic.org/ruth-rosenbaum
1976,Toronto,Summer,1976 Summer Paralympics (Toronto),Athletics,Women's Discus Throw 1A,Silver,United States of America,Ruth Wendt,https://www.paralympic.org/ruth-wendt
1976,Toronto,Summer,1976 Summer Paralympics (Toronto),Athletics,Women's Discus Throw 1B,Silver,United States of America,Ruth Rosenbaum,https://www.paralympic.org/ruth-rosenbaum
1976,Toronto,Summer,1976 Summer Paralympics (Toronto),Athletics,Women's Discus Throw 1C,Bronze,United States of America,Sharon Myers,https://www.paralympic.org/sharon-myers
1976,Toronto,Summer,1976 Summer Paralympics (Toronto),Athletics,Women's Discus Throw 4,Bronze,United States of America,Darleen Quinlan,https://www.paralympic.org/darleen-quinlan
1976,Toronto,Summer,1976 Summer Paralympics (Toronto),Athletics,Women's Javelin 1C,Bronze,United States of America,Sharon Myers,https://www.paralympic.org/sharon-myers
1976,Toronto,Summer,1976 Summer Paralympics (Toronto),Athletics,Women's Javelin D1,Gold,United States of America,P. Martin,https://www.paralympic.org/p-martin
1976,Toronto,Summer,1976 Summer Paralympics (Toronto),Athletics,Women's Javelin 3,Bronze,United States of America,Rosalie Hixson,https://www.paralympic.org/rosalie-hixson
1976,Toronto,Summer,1976 Summer Paralympics (Toronto),Athletics,Women's Javelin 4,Gold,United States of America,Darleen Quinlan,https://www.paralympic.org/darleen-quinlan
1976,Toronto,Summer,1976 Summer Paralympics (Toronto),Athletics,Women's Javelin 4,Silver,United States of America,Mickey Strole,https://www.paralympic.org/mickey-strole
1976,Toronto,Summer,1976 Summer Paralympics (Toronto),Athletics,Women's Long Jump A,Silver,United States of America,Donna Brown,https://www.paralympic.org/donna-brown
1976,Toronto,Summer,1976 Summer Paralympics (Toronto),Athletics,Women's Precision Club Throw 1A-1B,Bronze,United States of America,Ruth Rosenbaum,https://www.paralympic.org/ruth-rosenbaum
1976,Toronto,Summer,1976 Summer Paralympics (Toronto),Athletics,Women's Pentathlon 2,Silver,United States of America,Lynette Hunter,https://www.paralympic.org/lynette-hunter
1976,Toronto,Summer,1976 Summer Paralympics (Toronto),Athletics,Women's Precision Javelin D1,Gold,United States of America,P. Martin,https://www.paralympic.org/p-martin
1976,Toronto,Summer,1976 Summer Paralympics (Toronto),Athletics,Women's 4x40 m 2-5,Gold,United States of America,,
1976,Toronto,Summer,1976 Summer Paralympics (Toronto),Athletics,Women's Shot Put 1A,Bronze,United States of America,Ruth Wendt,https://www.paralympic.org/ruth-wendt
1976,Toronto,Summer,1976 Summer Paralympics (Toronto),Athletics,Women's Shot Put 1B,Gold,United States of America,Ruth Rosenbaum,https://www.paralympic.org/ruth-rosenbaum
1976,Toronto,Summer,1976 Summer Paralympics (Toronto),Athletics,Women's Shot Put 1C,Bronze,United States of America,Sharon Myers,https://www.paralympic.org/sharon-myers
1976,Toronto,Summer,1976 Summer Paralympics (Toronto),Athletics,Women's Shot Put D1,Gold,United States of America,P. Martin,https://www.paralympic.org/p-martin
1976,Toronto,Summer,1976 Summer Paralympics (Toronto),Athletics,Women's Shot Put 4,Silver,United States of America,Mickey Strole,https://www.paralympic.org/mickey-strole
1976,Toronto,Summer,1976 Summer Paralympics (Toronto),Athletics,Women's Shot Put 4,Bronze,United States of America,Darleen Quinlan,https://www.paralympic.org/darleen-quinlan
1976,Toronto,Summer,1976 Summer Paralympics (Toronto),Athletics,Women's Slalom 1A,Gold,United States of America,Ruth Wendt,https://www.paralympic.org/ruth-wendt
1976,Toronto,Summer,1976 Summer Paralympics (Toronto),Athletics,Women's Slalom 1A,Bronze,United States of America,Karen Donaldson,https://www.paralympic.org/karen-donaldson
1976,Toronto,Summer,1976 Summer Paralympics (Toronto),Athletics,Women's Slalom 1B,Gold,United States of America,Ruth Rosenbaum,https://www.paralympic.org/ruth-rosenbaum
1976,Toronto,Summer,1976 Summer Paralympics (Toronto),Athletics,Women's Slalom 1C,Gold,United States of America,Sharon Myers,https://www.paralympic.org/sharon-myers
1976,Toronto,Summer,1976 Summer Paralympics (Toronto),Athletics,Women's Slalom 2,Silver,United States of America,Glee Lyford,https://www.paralympic.org/glee-lyford
1976,Toronto,Summer,1976 Summer Paralympics (Toronto),Athletics,Women's Slalom 4,Silver,United States of America,Darleen Quinlan,https://www.paralympic.org/darleen-quinlan
1976,Toronto,Summer,1976 Summer Paralympics (Toronto),Dartchery,Men's Pairs Open,Silver,United States of America,,
1976,Toronto,Summer,1976 Summer Paralympics (Toronto),Dartchery,Women's Pairs Open,Gold,United States of America,,
1976,Toronto,Summer,1976 Summer Paralympics (Toronto),Lawn Bowls,Men's Singles D1,Gold,United States of America,M. Johnson,https://www.paralympic.org/m-johnson
1976,Toronto,Summer,1976 Summer Paralympics (Toronto),Snooker,Men's Tournament A-C,Silver,United States of America,Rod Vleiger,https://www.paralympic.org/rod-vleiger
1976,Toronto,Summer,1976 Summer Paralympics (Toronto),Swimming,Men's 3x50 m Medley Relay 2-4,Bronze,United States of America,,
1976,Toronto,Summer,1976 Summer Paralympics (Toronto),Swimming,Men's 50 m Backstroke D1,Bronze,United States of America,A. Alcocer,https://www.paralympic.org/alcocer
1976,Toronto,Summer,1976 Summer Paralympics (Toronto),Swimming,Men's 50 m Backstroke 4,Gold,United States of America,Scott Robeson,https://www.paralympic.org/scott-robeson
1976,Toronto,Summer,1976 Summer Paralympics (Toronto),Swimming,Men's 25 m Backstroke 1B,Bronze,United States of America,Garry Treadwell,https://www.paralympic.org/garry-treadwell
1976,Toronto,Summer,1976 Summer Paralympics (Toronto),Swimming,Men's 25 m Backstroke 1C,Gold,United States of America,Robert Ockvirk,https://www.paralympic.org/robert-ockvirk
1976,Toronto,Summer,1976 Summer Paralympics (Toronto),Swimming,Men's 50 m Breaststroke D1,Gold,United States of America,A. Alcocer,https://www.paralympic.org/alcocer
1976,Toronto,Summer,1976 Summer Paralympics (Toronto),Swimming,Men's 50 m Breaststroke 4,Gold,United States of America,Scott Robeson,https://www.paralympic.org/scott-robeson
1976,Toronto,Summer,1976 Summer Paralympics (Toronto),Swimming,Men's 25 m Breaststroke 1B,Silver,United States of America,Garry Treadwell,https://www.paralympic.org/garry-treadwell
1976,Toronto,Summer,1976 Summer Paralympics (Toronto),Swimming,Men's 25 m Breaststroke 1C,Gold,United States of America,Robert Ockvirk,https://www.paralympic.org/robert-ockvirk
1976,Toronto,Summer,1976 Summer Paralympics (Toronto),Swimming,Men's 25 m Butterfly 2,Gold,United States of America,Mark Borgstrom,https://www.paralympic.org/mark-borgstrom
1976,Toronto,Summer,1976 Summer Paralympics (Toronto),Swimming,Men's 25 m Butterfly 4,Gold,United States of America,Scott Robeson,https://www.paralympic.org/scott-robeson
1976,Toronto,Summer,1976 Summer Paralympics (Toronto),Swimming,Men's 50 m Freestyle 4,Gold,United States of America,Scott Robeson,https://www.paralympic.org/scott-robeson
1976,Toronto,Summer,1976 Summer Paralympics (Toronto),Swimming,Men's 3x50 m Individual Medley D1,Bronze,United States of America,A. Alcocer,https://www.paralympic.org/alcocer
1976,Toronto,Summer,1976 Summer Paralympics (Toronto),Swimming,Men's 3x50 m Individual Medley 4,Bronze,United States of America,Scott Robeson,https://www.paralympic.org/scott-robeson
1976,Toronto,Summer,1976 Summer Paralympics (Toronto),Swimming,Men's 4x50 m Freestyle Relay 2-6,Silver,United States of America,,
1976,Toronto,Summer,1976 Summer Paralympics (Toronto),Swimming,Men's 25 m Freestyle 1B,Gold,United States of America,Stephen Kempf,https://www.paralympic.org/stephen-kempf
1976,Toronto,Summer,1976 Summer Paralympics (Toronto),Swimming,Men's 25 m Freestyle 1C,Gold,United States of America,Robert Ockvirk,https://www.paralympic.org/robert-ockvirk
1976,Toronto,Summer,1976 Summer Paralympics (Toronto),Swimming,Men's 25 m Freestyle 2,Bronze,United States of America,Mark Borgstrom,https://www.paralympic.org/mark-borgstrom
1976,Toronto,Summer,1976 Summer Paralympics (Toronto),Swimming,Women's 3x50 m Medley Relay 2-4,Bronze,United States of America,,
1976,Toronto,Summer,1976 Summer Paralympics (Toronto),Swimming,Women's 50 m Backstroke 3,Gold,United States of America,Elena-Marie Bey,https://www.paralympic.org/elena-marie-bey
1976,Toronto,Summer,1976 Summer Paralympics (Toronto),Swimming,Women's 100 m Backstroke A,Gold,United States of America,L. Schuerot,https://www.paralympic.org/l-schuerot
1976,Toronto,Summer,1976 Summer Paralympics (Toronto),Swimming,Women's 100 m Backstroke A,Bronze,United States of America,R. Collett,https://www.paralympic.org/r-collett
1976,Toronto,Summer,1976 Summer Paralympics (Toronto),Swimming,Women's 25 m Backstroke 1A,Bronze,United States of America,Karen Donaldson,https://www.paralympic.org/karen-donaldson
1976,Toronto,Summer,1976 Summer Paralympics (Toronto),Swimming,Women's 25 m Backstroke 1C,Silver,United States of America,Sharon Myers,https://www.paralympic.org/sharon-myers
1976,Toronto,Summer,1976 Summer Paralympics (Toronto),Swimming,Women's 25 m Backstroke 2,Bronze,United States of America,Syd Jacobs,https://www.paralympic.org/syd-jacobs
1976,Toronto,Summer,1976 Summer Paralympics (Toronto),Swimming,Women's 50 m Breaststroke 3,Gold,United States of America,Elena-Marie Bey,https://www.paralympic.org/elena-marie-bey
1976,Toronto,Summer,1976 Summer Paralympics (Toronto),Swimming,Women's 100 m Butterfly A,Gold,United States of America,R. Collett,https://www.paralympic.org/r-collett
1976,Toronto,Summer,1976 Summer Paralympics (Toronto),Swimming,Women's 25 m Butterfly 2,Bronze,United States of America,Syd Jacobs,https://www.paralympic.org/syd-jacobs
1976,Toronto,Summer,1976 Summer Paralympics (Toronto),Swimming,Women's 25 m Butterfly 3,Gold,United States of America,Elena-Marie Bey,https://www.paralympic.org/elena-marie-bey
1976,Toronto,Summer,1976 Summer Paralympics (Toronto),Swimming,Women's 25 m Butterfly 4,Bronze,United States of America,Barbara Palombi,https://www.paralympic.org/barbara-palombi
1976,Toronto,Summer,1976 Summer Paralympics (Toronto),Swimming,Women's 100 m Freestyle A,Bronze,United States of America,R. Collett,https://www.paralympic.org/r-collett
1976,Toronto,Summer,1976 Summer Paralympics (Toronto),Swimming,Women's 50 m Freestyle D1,Gold,United States of America,P. Martin,https://www.paralympic.org/p-martin
1976,Toronto,Summer,1976 Summer Paralympics (Toronto),Swimming,Women's 50 m Freestyle 3,Gold,United States of America,Elena-Marie Bey,https://www.paralympic.org/elena-marie-bey
1976,Toronto,Summer,1976 Summer Paralympics (Toronto),Swimming,Women's 50 m Freestyle 4,Silver,United States of America,Mickey Strole,https://www.paralympic.org/mickey-strole
1976,Toronto,Summer,1976 Summer Paralympics (Toronto),Swimming,Women's 4x50 m Freestyle Relay 2-5,Silver,United States of America,,
1976,Toronto,Summer,1976 Summer Paralympics (Toronto),Table Tennis,Men's Singles 4-5,Silver,United States of America,Michael Dempsey,https://www.paralympic.org/michael-dempsey
1976,Toronto,Summer,1976 Summer Paralympics (Toronto),Table Tennis,Men's Singles D1,Gold,United States of America,M. Johnson,https://www.paralympic.org/m-johnson
1976,Toronto,Summer,1976 Summer Paralympics (Toronto),Table Tennis,Men's Singles D1,Bronze,United States of America,J. Behan,https://www.paralympic.org/j-behan-0
1976,Toronto,Summer,1976 Summer Paralympics (Toronto),Table Tennis,Men's Teams 4-5,Gold,United States of America,,
1976,Toronto,Summer,1976 Summer Paralympics (Toronto),Table Tennis,Women's Doubles 1B,Silver,United States of America,,
1976,Toronto,Summer,1976 Summer Paralympics (Toronto),Table Tennis,Women's Singles 1A,Silver,United States of America,Ruth Wendth,https://www.paralympic.org/ruth-wendth
1976,Toronto,Summer,1976 Summer Paralympics (Toronto),Table Tennis,Women's Teams 3,Bronze,United States of America,,
1976,Toronto,Summer,1976 Summer Paralympics (Toronto),Wheelchair Basketball,Men's Tournament,Gold,United States of America,,
1976,Toronto,Summer,1976 Summer Paralympics (Toronto),Weightlifting,Men's Lightweight,Gold,United States of America,Edward Coyle,https://www.paralympic.org/edward-coyle
1976,Toronto,Summer,1976 Summer Paralympics (Toronto),Weightlifting,Men's Middleweight,Bronze,United States of America,Richard Taurer,https://www.paralympic.org/richard-taurer
1976,Toronto,Summer,1976 Summer Paralympics (Toronto),Weightlifting,Men's Heavyweight,Gold,United States of America,Jon Brown,https://www.paralympic.org/jon-brown
1980,Arnhem,Summer,1980 Summer Paralympics (Arnhem),Archery,Men's Short Metric Round Paraplegic,Silver,United States of America,L. Zeise,https://www.paralympic.org/l-zeise
1980,Arnhem,Summer,1980 Summer Paralympics (Arnhem),Archery,Women's Advanced Metric Round Paraplegic,Gold,United States of America,K. Unsicker,https://www.paralympic.org/k-unsicker
1980,Arnhem,Summer,1980 Summer Paralympics (Arnhem),Athletics,Men's 100 m B,Silver,United States of America,Winford Haynes,https://www.paralympic.org/winford-haynes
1980,Arnhem,Summer,1980 Summer Paralympics (Arnhem),Athletics,Men's 100 m 2,Bronze,United States of America,Gary Kerr,https://www.paralympic.org/gary-kerr
1980,Arnhem,Summer,1980 Summer Paralympics (Arnhem),Athletics,Men's 100 m 4,Gold,United States of America,B. Parks,https://www.paralympic.org/b-parks
1980,Arnhem,Summer,1980 Summer Paralympics (Arnhem),Athletics,Men's 100 m D1 wheelchairs,Gold,United States of America,Jim Martinson,https://www.paralympic.org/jim-martinson
1980,Arnhem,Summer,1980 Summer Paralympics (Arnhem),Athletics,Men's 100 m D1 wheelchairs,Silver,United States of America,C. Brinkman,https://www.paralympic.org/c-brinkman
1980,Arnhem,Summer,1980 Summer Paralympics (Arnhem),Athletics,Men's 200 m 2,Silver,United States of America,Gary Kerr,https://www.paralympic.org/gary-kerr
1980,Arnhem,Summer,1980 Summer Paralympics (Arnhem),Athletics,Men's 400 m 2,Silver,United States of America,Gary Kerr,https://www.paralympic.org/gary-kerr
1980,Arnhem,Summer,1980 Summer Paralympics (Arnhem),Athletics,Men's 400 m D1 wheelchairs,Gold,United States of America,C. Brinkman,https://www.paralympic.org/c-brinkman
1980,Arnhem,Summer,1980 Summer Paralympics (Arnhem),Athletics,Men's 400 m D1 wheelchairs,Silver,United States of America,Jim Martinson,https://www.paralympic.org/jim-martinson
1980,Arnhem,Summer,1980 Summer Paralympics (Arnhem),Athletics,Men's 400 m D1 wheelchairs,Bronze,United States of America,J. Finch,https://www.paralympic.org/j-finch
1980,Arnhem,Summer,1980 Summer Paralympics (Arnhem),Athletics,Men's 800 m 4,Silver,United States of America,B. Parks,https://www.paralympic.org/b-parks
1980,Arnhem,Summer,1980 Summer Paralympics (Arnhem),Athletics,Men's 1500 m B,Silver,United States of America,Leamon Stansell,https://www.paralympic.org/leamon-stansell
1980,Arnhem,Summer,1980 Summer Paralympics (Arnhem),Athletics,Men's 1500 m 4,Gold,United States of America,B. Parks,https://www.paralympic.org/b-parks
1980,Arnhem,Summer,1980 Summer Paralympics (Arnhem),Athletics,Men's 60 m A,Silver,United States of America,Melvin Copeland,https://www.paralympic.org/melvin-copeland
1980,Arnhem,Summer,1980 Summer Paralympics (Arnhem),Athletics,Men's 80 m CP D,Bronze,United States of America,Arthur Graham,https://www.paralympic.org/arthur-graham
1980,Arnhem,Summer,1980 Summer Paralympics (Arnhem),Athletics,Men's Club Throw 1B,Gold,United States of America,Julius Duval,https://www.paralympic.org/julius-duval
1980,Arnhem,Summer,1980 Summer Paralympics (Arnhem),Athletics,Men's Discus Throw 1B,Gold,United States of America,Julius Duval,https://www.paralympic.org/julius-duval
1980,Arnhem,Summer,1980 Summer Paralympics (Arnhem),Athletics,Men's Discus Throw CP C,Bronze,United States of America,Rick Ross,https://www.paralympic.org/rick-ross
1980,Arnhem,Summer,1980 Summer Paralympics (Arnhem),Athletics,Men's Discus Throw CP D,Silver,United States of America,Tom Becke,https://www.paralympic.org/tom-becke
1980,Arnhem,Summer,1980 Summer Paralympics (Arnhem),Athletics,Men's Discus Throw CP D,Bronze,United States of America,Jack Kelly,https://www.paralympic.org/jack-kelly
1980,Arnhem,Summer,1980 Summer Paralympics (Arnhem),Athletics,Men's Discus Throw D1,Gold,United States of America,John Jerome,https://www.paralympic.org/john-jerome
1980,Arnhem,Summer,1980 Summer Paralympics (Arnhem),Athletics,Men's Discus Throw D1,Silver,United States of America,Richard Bryant,https://www.paralympic.org/richard-bryant
1980,Arnhem,Summer,1980 Summer Paralympics (Arnhem),Athletics,Men's Discus Throw 2,Bronze,United States of America,Robert Tusa,https://www.paralympic.org/robert-tusa
1980,Arnhem,Summer,1980 Summer Paralympics (Arnhem),Athletics,Men's High Jump A,Silver,United States of America,Robert Wright,https://www.paralympic.org/robert-wright
1980,Arnhem,Summer,1980 Summer Paralympics (Arnhem),Athletics,Men's High Jump A,Bronze,United States of America,John Bowman,https://www.paralympic.org/john-bowman
1980,Arnhem,Summer,1980 Summer Paralympics (Arnhem),Athletics,Men's Javelin CP D,Silver,United States of America,Charles Mowery,https://www.paralympic.org/charles-mowery
1980,Arnhem,Summer,1980 Summer Paralympics (Arnhem),Athletics,Men's Javelin D1,Gold,United States of America,John Jerome,https://www.paralympic.org/john-jerome
1980,Arnhem,Summer,1980 Summer Paralympics (Arnhem),Athletics,Men's Javelin 2,Silver,United States of America,Robert Tusa,https://www.paralympic.org/robert-tusa
1980,Arnhem,Summer,1980 Summer Paralympics (Arnhem),Athletics,Men's Javelin 3,Silver,United States of America,Reno Levis,https://www.paralympic.org/reno-levis
1980,Arnhem,Summer,1980 Summer Paralympics (Arnhem),Athletics,Men's Long Jump CP C,Silver,United States of America,Salvin Ficaro,https://www.paralympic.org/salvin-ficaro
1980,Arnhem,Summer,1980 Summer Paralympics (Arnhem),Athletics,Men's Long Jump CP C,Bronze,United States of America,Rick Ros,https://www.paralympic.org/rick-ros
1980,Arnhem,Summer,1980 Summer Paralympics (Arnhem),Athletics,Men's Pentathlon D1,Gold,United States of America,Richard Bryant,https://www.paralympic.org/richard-bryant
1980,Arnhem,Summer,1980 Summer Paralympics (Arnhem),Athletics,Men's Pentathlon 3,Gold,United States of America,Reno Levis,https://www.paralympic.org/reno-levis
1980,Arnhem,Summer,1980 Summer Paralympics (Arnhem),Athletics,Men's Pentathlon 4,Silver,United States of America,L. Zeise,https://www.paralympic.org/l-zeise
1980,Arnhem,Summer,1980 Summer Paralympics (Arnhem),Athletics,Men's 4x60 m 1A-1C,Silver,United States of America,,
1980,Arnhem,Summer,1980 Summer Paralympics (Arnhem),Athletics,Men's 4x80 m CP D,Gold,United States of America,,
1980,Arnhem,Summer,1980 Summer Paralympics (Arnhem),Athletics,Men's 4x100 m D1,Gold,United States of America,,
1980,Arnhem,Summer,1980 Summer Paralympics (Arnhem),Athletics,Men's 4x400 m D1,Gold,United States of America,,
1980,Arnhem,Summer,1980 Summer Paralympics (Arnhem),Athletics,Men's Shot Put 1A,Bronze,United States of America,S. Wilkins,https://www.paralympic.org/s-wilkins
1980,Arnhem,Summer,1980 Summer Paralympics (Arnhem),Athletics,Men's Shot Put 1B,Silver,United States of America,Julius Duval,https://www.paralympic.org/julius-duval
1980,Arnhem,Summer,1980 Summer Paralympics (Arnhem),Athletics,Men's Shot Put A,Gold,United States of America,James Neppl,https://www.paralympic.org/james-neppl
1980,Arnhem,Summer,1980 Summer Paralympics (Arnhem),Athletics,Men's Shot Put B,Silver,United States of America,James Mastro,https://www.paralympic.org/james-mastro
1980,Arnhem,Summer,1980 Summer Paralympics (Arnhem),Athletics,Men's Shot Put CP D,Gold,United States of America,Tom Becke,https://www.paralympic.org/tom-becke
1980,Arnhem,Summer,1980 Summer Paralympics (Arnhem),Athletics,Men's Shot Put D1,Gold,United States of America,John Jerome,https://www.paralympic.org/john-jerome
1980,Arnhem,Summer,1980 Summer Paralympics (Arnhem),Athletics,Men's Shot Put D1,Silver,United States of America,Richard Bryant,https://www.paralympic.org/richard-bryant
1980,Arnhem,Summer,1980 Summer Paralympics (Arnhem),Athletics,Men's 5000 m Walk B,Silver,United States of America,Gerald O'Neil,https://www.paralympic.org/gerald-o-neil
1980,Arnhem,Summer,1980 Summer Paralympics (Arnhem),Athletics,Women's 100 m B,Silver,United States of America,June Smith,https://www.paralympic.org/june-smith
1980,Arnhem,Summer,1980 Summer Paralympics (Arnhem),Athletics,Women's 100 m D,Gold,United States of America,Melody Williamson,https://www.paralympic.org/melody-williamson
1980,Arnhem,Summer,1980 Summer Paralympics (Arnhem),Athletics,Women's 100 m D,Silver,United States of America,R. Kirby,https://www.paralympic.org/r-kirby
1980,Arnhem,Summer,1980 Summer Paralympics (Arnhem),Athletics,Women's 200 m 2,Bronze,United States of America,Glee Lyford,https://www.paralympic.org/glee-lyford
1980,Arnhem,Summer,1980 Summer Paralympics (Arnhem),Athletics,Women's 200 m 3,Gold,United States of America,Candace Cable,https://www.paralympic.org/candace-cable
1980,Arnhem,Summer,1980 Summer Paralympics (Arnhem),Athletics,Women's 200 m 3,Bronze,United States of America,Karen Casper,https://www.paralympic.org/karen-casper
1980,Arnhem,Summer,1980 Summer Paralympics (Arnhem),Athletics,Women's 400 m A,Gold,United States of America,Lou Keller,https://www.paralympic.org/lou-keller
1980,Arnhem,Summer,1980 Summer Paralympics (Arnhem),Athletics,Women's 400 m B,Silver,United States of America,Brenda Wells,https://www.paralympic.org/brenda-wells
1980,Arnhem,Summer,1980 Summer Paralympics (Arnhem),Athletics,Women's 400 m B,Bronze,United States of America,Donna Webb,https://www.paralympic.org/donna-webb
1980,Arnhem,Summer,1980 Summer Paralympics (Arnhem),Athletics,Women's 400 m CP C,Bronze,United States of America,Linda Feeny,https://www.paralympic.org/linda-feeny
1980,Arnhem,Summer,1980 Summer Paralympics (Arnhem),Athletics,Women's 400 m CP D,Bronze,United States of America,Joanne Guardiola,https://www.paralympic.org/joanne-guardiola
1980,Arnhem,Summer,1980 Summer Paralympics (Arnhem),Athletics,Women's 400 m D,Gold,United States of America,R. Kirby,https://www.paralympic.org/r-kirby
1980,Arnhem,Summer,1980 Summer Paralympics (Arnhem),Athletics,Women's 400 m 2,Gold,United States of America,Glee Lyford,https://www.paralympic.org/glee-lyford
1980,Arnhem,Summer,1980 Summer Paralympics (Arnhem),Athletics,Women's 400 m 3,Gold,United States of America,Candace Cable,https://www.paralympic.org/candace-cable
1980,Arnhem,Summer,1980 Summer Paralympics (Arnhem),Athletics,Women's 800 m B,Silver,United States of America,Brenda Wells,https://www.paralympic.org/brenda-wells
1980,Arnhem,Summer,1980 Summer Paralympics (Arnhem),Athletics,Women's 800 m 4,Gold,United States of America,Sharon Rahn,https://www.paralympic.org/sharon-rahn
1980,Arnhem,Summer,1980 Summer Paralympics (Arnhem),Athletics,Women's 800 m 4,Silver,United States of America,Kathryne Lynne Carlton,https://www.paralympic.org/kathryne-lynne-carlton
1980,Arnhem,Summer,1980 Summer Paralympics (Arnhem),Athletics,Women's 800 m 5,Bronze,United States of America,C. Curtiss,https://www.paralympic.org/c-curtiss
1980,Arnhem,Summer,1980 Summer Paralympics (Arnhem),Athletics,Women's 1500 m 4,Gold,United States of America,Sharon Rahn,https://www.paralympic.org/sharon-rahn
1980,Arnhem,Summer,1980 Summer Paralympics (Arnhem),Athletics,Women's 1500 m 4,Silver,United States of America,Kathryne Lynne Carlton,https://www.paralympic.org/kathryne-lynne-carlton
1980,Arnhem,Summer,1980 Summer Paralympics (Arnhem),Athletics,Women's 1500 m 5,Bronze,United States of America,C. Curtiss,https://www.paralympic.org/c-curtiss
1980,Arnhem,Summer,1980 Summer Paralympics (Arnhem),Athletics,Women's 60 m 1A,Silver,United States of America,Karen Donaldson,https://www.paralympic.org/karen-donaldson
1980,Arnhem,Summer,1980 Summer Paralympics (Arnhem),Athletics,Women's 60 m 1B,Gold,United States of America,C. Patton,https://www.paralympic.org/c-patton
1980,Arnhem,Summer,1980 Summer Paralympics (Arnhem),Athletics,Women's 60 m 1C,Bronze,United States of America,Sharon Myers,https://www.paralympic.org/sharon-myers
1980,Arnhem,Summer,1980 Summer Paralympics (Arnhem),Athletics,Women's 60 m A,Gold,United States of America,Carmella Lovitt,https://www.paralympic.org/carmella-lovitt
1980,Arnhem,Summer,1980 Summer Paralympics (Arnhem),Athletics,Women's 60 m A,Silver,United States of America,Lou Keller,https://www.paralympic.org/lou-keller
1980,Arnhem,Summer,1980 Summer Paralympics (Arnhem),Athletics,Women's 60 m A,Bronze,United States of America,Melissa Ricketts,https://www.paralympic.org/melissa-ricketts
1980,Arnhem,Summer,1980 Summer Paralympics (Arnhem),Athletics,Women's 60 m CP C,Silver,United States of America,Margo Maddox,https://www.paralympic.org/margo-maddox
1980,Arnhem,Summer,1980 Summer Paralympics (Arnhem),Athletics,Women's 60 m CP C,Bronze,United States of America,Linda Feeny,https://www.paralympic.org/linda-feeny
1980,Arnhem,Summer,1980 Summer Paralympics (Arnhem),Athletics,Women's 60 m 2,Bronze,United States of America,Glee Lyford,https://www.paralympic.org/glee-lyford
1980,Arnhem,Summer,1980 Summer Paralympics (Arnhem),Athletics,Women's 60 m 4,Gold,United States of America,Sharon Rahn,https://www.paralympic.org/sharon-rahn
1980,Arnhem,Summer,1980 Summer Paralympics (Arnhem),Athletics,Women's 60 m 4,Bronze,United States of America,Kathryne Lynne Carlton,https://www.paralympic.org/kathryne-lynne-carlton
1980,Arnhem,Summer,1980 Summer Paralympics (Arnhem),Athletics,Women's Discus Throw 1B,Silver,United States of America,Ruth Rosenbaum,https://www.paralympic.org/ruth-rosenbaum
1980,Arnhem,Summer,1980 Summer Paralympics (Arnhem),Athletics,Women's Discus Throw 1C,Gold,United States of America,Sharon Myers,https://www.paralympic.org/sharon-myers
1980,Arnhem,Summer,1980 Summer Paralympics (Arnhem),Athletics,Women's Discus Throw A,Gold,United States of America,Melissa Ricketts,https://www.paralympic.org/melissa-ricketts
1980,Arnhem,Summer,1980 Summer Paralympics (Arnhem),Athletics,Women's Discus Throw B,Gold,United States of America,Janet Rowley,https://www.paralympic.org/janet-rowley
1980,Arnhem,Summer,1980 Summer Paralympics (Arnhem),Athletics,Women's Discus Throw CP C,Bronze,United States of America,Debbie Bush,https://www.paralympic.org/debbie-bush
1980,Arnhem,Summer,1980 Summer Paralympics (Arnhem),Athletics,Women's Discus Throw CP D,Gold,United States of America,Ann Marie Roberts,https://www.paralympic.org/ann-marie-roberts
1980,Arnhem,Summer,1980 Summer Paralympics (Arnhem),Athletics,Women's Discus Throw CP D,Silver,United States of America,Chris Fuller,https://www.paralympic.org/chris-fuller
1980,Arnhem,Summer,1980 Summer Paralympics (Arnhem),Athletics,Women's Discus Throw 4,Gold,United States of America,Kathryne Lynne Carlton,https://www.paralympic.org/kathryne-lynne-carlton
1980,Arnhem,Summer,1980 Summer Paralympics (Arnhem),Athletics,Women's High Jump B,Gold,United States of America,Janet Rowley,https://www.paralympic.org/janet-rowley
1980,Arnhem,Summer,1980 Summer Paralympics (Arnhem),Athletics,Women's High Jump B,Silver,United States of America,Lynelle Brantner,https://www.paralympic.org/lynelle-brantner
1980,Arnhem,Summer,1980 Summer Paralympics (Arnhem),Athletics,Women's Javelin 1C,Gold,United States of America,Sharon Myers,https://www.paralympic.org/sharon-myers
1980,Arnhem,Summer,1980 Summer Paralympics (Arnhem),Athletics,Women's Javelin A,Gold,United States of America,Melissa Ricketts,https://www.paralympic.org/melissa-ricketts
1980,Arnhem,Summer,1980 Summer Paralympics (Arnhem),Athletics,Women's Javelin CP C,Silver,United States of America,Bev Herzog,https://www.paralympic.org/bev-herzog
1980,Arnhem,Summer,1980 Summer Paralympics (Arnhem),Athletics,Women's Javelin CP D,Silver,United States of America,Mary Vaughn,https://www.paralympic.org/mary-vaughn
1980,Arnhem,Summer,1980 Summer Paralympics (Arnhem),Athletics,Women's Javelin CP D,Bronze,United States of America,Rosemarie Tirrelli,https://www.paralympic.org/rosemarie-tirrelli
1980,Arnhem,Summer,1980 Summer Paralympics (Arnhem),Athletics,Women's Javelin D,Silver,United States of America,Melody Williamson,https://www.paralympic.org/melody-williamson
1980,Arnhem,Summer,1980 Summer Paralympics (Arnhem),Athletics,Women's Javelin D1,Silver,United States of America,P. Martin,https://www.paralympic.org/p-martin
1980,Arnhem,Summer,1980 Summer Paralympics (Arnhem),Athletics,Women's Long Jump B,Silver,United States of America,Donna Webb,https://www.paralympic.org/donna-webb
1980,Arnhem,Summer,1980 Summer Paralympics (Arnhem),Athletics,Women's Long Jump CP C,Bronze,United States of America,Margo Maddox,https://www.paralympic.org/margo-maddox
1980,Arnhem,Summer,1980 Summer Paralympics (Arnhem),Athletics,Women's Long Jump CP D,Bronze,United States of America,Melissa Noe,https://www.paralympic.org/melissa-noe
1980,Arnhem,Summer,1980 Summer Paralympics (Arnhem),Athletics,Women's Pentathlon 1B,Silver,United States of America,Ruth Rosenbaum,https://www.paralympic.org/ruth-rosenbaum
1980,Arnhem,Summer,1980 Summer Paralympics (Arnhem),Athletics,Women's Pentathlon A,Silver,United States of America,Lou Keller,https://www.paralympic.org/lou-keller
1980,Arnhem,Summer,1980 Summer Paralympics (Arnhem),Athletics,Women's Pentathlon A,Bronze,United States of America,Donna Brown,https://www.paralympic.org/donna-brown
1980,Arnhem,Summer,1980 Summer Paralympics (Arnhem),Athletics,Women's Pentathlon B,Bronze,United States of America,Lynelle Brantner,https://www.paralympic.org/lynelle-brantner
1980,Arnhem,Summer,1980 Summer Paralympics (Arnhem),Athletics,Women's 4x60 m 1A-1C,Gold,United States of America,,
1980,Arnhem,Summer,1980 Summer Paralympics (Arnhem),Athletics,Women's 4x60 m CP C,Gold,United States of America,,
1980,Arnhem,Summer,1980 Summer Paralympics (Arnhem),Athletics,Women's 4x60 m 2-5,Silver,United States of America,,
1980,Arnhem,Summer,1980 Summer Paralympics (Arnhem),Athletics,Women's Shot Put 1B,Gold,United States of America,C. Patton,https://www.paralympic.org/c-patton
1980,Arnhem,Summer,1980 Summer Paralympics (Arnhem),Athletics,Women's Shot Put 1C,Silver,United States of America,Sharon Myers,https://www.paralympic.org/sharon-myers
1980,Arnhem,Summer,1980 Summer Paralympics (Arnhem),Athletics,Women's Shot Put A,Bronze,United States of America,Melissa Ricketts,https://www.paralympic.org/melissa-ricketts
1980,Arnhem,Summer,1980 Summer Paralympics (Arnhem),Athletics,Women's Shot Put B,Gold,United States of America,Janet Rowley,https://www.paralympic.org/janet-rowley
1980,Arnhem,Summer,1980 Summer Paralympics (Arnhem),Athletics,Women's Shot Put CP C,Silver,United States of America,Bev Herzog,https://www.paralympic.org/bev-herzog
1980,Arnhem,Summer,1980 Summer Paralympics (Arnhem),Athletics,Women's Slalom 1A,Gold,United States of America,Karen Donaldson,https://www.paralympic.org/karen-donaldson
1980,Arnhem,Summer,1980 Summer Paralympics (Arnhem),Athletics,Women's Slalom 1B,Gold,United States of America,C. Patton,https://www.paralympic.org/c-patton
1980,Arnhem,Summer,1980 Summer Paralympics (Arnhem),Athletics,Women's Slalom 1B,Silver,United States of America,Ruth Rosenbaum,https://www.paralympic.org/ruth-rosenbaum
1980,Arnhem,Summer,1980 Summer Paralympics (Arnhem),Athletics,Women's Slalom 1C,Silver,United States of America,Sharon Myers,https://www.paralympic.org/sharon-myers
1980,Arnhem,Summer,1980 Summer Paralympics (Arnhem),Athletics,Women's Slalom 3,Gold,United States of America,Darleen Quinlan,https://www.paralympic.org/darleen-quinlan
1980,Arnhem,Summer,1980 Summer Paralympics (Arnhem),Dartchery,Men's Pairs Open,Bronze,United States of America,,
1980,Arnhem,Summer,1980 Summer Paralympics (Arnhem),Goalball,Men's Tournament,Silver,United States of America,,
1980,Arnhem,Summer,1980 Summer Paralympics (Arnhem),Lawn Bowls,Men's Pairs 1A-1B,Bronze,United States of America,,
1980,Arnhem,Summer,1980 Summer Paralympics (Arnhem),Lawn Bowls,Men's Singles 1A-1B,Silver,United States of America,Rod Vleiger,https://www.paralympic.org/rod-vleiger
1980,Arnhem,Summer,1980 Summer Paralympics (Arnhem),Lawn Bowls,Men's Singles D1,Gold,United States of America,C. Brinkmann,https://www.paralympic.org/c-brinkmann
1980,Arnhem,Summer,1980 Summer Paralympics (Arnhem),Swimming,Men's 100 m Backstroke A,Bronze,United States of America,Scott Hegle,https://www.paralympic.org/scott-hegle
1980,Arnhem,Summer,1980 Summer Paralympics (Arnhem),Swimming,Men's 100 m Backstroke B,Silver,United States of America,Dean Winger,https://www.paralympic.org/dean-winger
1980,Arnhem,Summer,1980 Summer Paralympics (Arnhem),Swimming,Men's 100 m Backstroke B,Bronze,United States of America,Steve Wilson,https://www.paralympic.org/steve-wilson
1980,Arnhem,Summer,1980 Summer Paralympics (Arnhem),Swimming,Men's 100 m Backstroke 4,Gold,United States of America,Scott Robeson,https://www.paralympic.org/scott-robeson
1980,Arnhem,Summer,1980 Summer Paralympics (Arnhem),Swimming,Men's 25 m Backstroke 1C,Bronze,United States of America,Robert Ockvirk,https://www.paralympic.org/robert-ockvirk
1980,Arnhem,Summer,1980 Summer Paralympics (Arnhem),Swimming,Men's 100 m Breaststroke A,Bronze,United States of America,Jeff Wheatley,https://www.paralympic.org/jeff-wheatley
1980,Arnhem,Summer,1980 Summer Paralympics (Arnhem),Swimming,Men's 100 m Breaststroke B,Gold,United States of America,Steve Wilson,https://www.paralympic.org/steve-wilson
1980,Arnhem,Summer,1980 Summer Paralympics (Arnhem),Swimming,Men's 100 m Breaststroke B,Silver,United States of America,Dean Winger,https://www.paralympic.org/dean-winger
1980,Arnhem,Summer,1980 Summer Paralympics (Arnhem),Swimming,Men's 100 m Breaststroke D1,Silver,United States of America,J. Finch,https://www.paralympic.org/j-finch
1980,Arnhem,Summer,1980 Summer Paralympics (Arnhem),Swimming,Men's 25 m Breaststroke 1B,Silver,United States of America,G. Slupe,https://www.paralympic.org/g-slupe
1980,Arnhem,Summer,1980 Summer Paralympics (Arnhem),Swimming,Men's 100 m Butterfly A,Bronze,United States of America,Scott Hegle,https://www.paralympic.org/scott-hegle
1980,Arnhem,Summer,1980 Summer Paralympics (Arnhem),Swimming,Men's 100 m Butterfly B,Gold,United States of America,Dean Winger,https://www.paralympic.org/dean-winger
1980,Arnhem,Summer,1980 Summer Paralympics (Arnhem),Swimming,Men's 100 m Butterfly B,Bronze,United States of America,Steve Wilson,https://www.paralympic.org/steve-wilson
1980,Arnhem,Summer,1980 Summer Paralympics (Arnhem),Swimming,Men's 25 m Butterfly 4,Gold,United States of America,Scott Robeson,https://www.paralympic.org/scott-robeson
1980,Arnhem,Summer,1980 Summer Paralympics (Arnhem),Swimming,Men's 100 m Freestyle A,Bronze,United States of America,Scott Hegle,https://www.paralympic.org/scott-hegle
1980,Arnhem,Summer,1980 Summer Paralympics (Arnhem),Swimming,Men's 100 m Freestyle B,Gold,United States of America,Dean Winger,https://www.paralympic.org/dean-winger
1980,Arnhem,Summer,1980 Summer Paralympics (Arnhem),Swimming,Men's 100 m Freestyle B,Silver,United States of America,Steve Wilson,https://www.paralympic.org/steve-wilson
1980,Arnhem,Summer,1980 Summer Paralympics (Arnhem),Swimming,Men's 100 m Freestyle 4,Bronze,United States of America,Scott Robeson,https://www.paralympic.org/scott-robeson
1980,Arnhem,Summer,1980 Summer Paralympics (Arnhem),Swimming,Men's 4x50 m Individual Medley A,Silver,United States of America,Scott Hegle,https://www.paralympic.org/scott-hegle
1980,Arnhem,Summer,1980 Summer Paralympics (Arnhem),Swimming,Men's 4x50 m Individual Medley B,Gold,United States of America,Dean Winger,https://www.paralympic.org/dean-winger
1980,Arnhem,Summer,1980 Summer Paralympics (Arnhem),Swimming,Men's 4x50 m Individual Medley 4,Gold,United States of America,Scott Robeson,https://www.paralympic.org/scott-robeson
1980,Arnhem,Summer,1980 Summer Paralympics (Arnhem),Swimming,Men's 4x100 m Individual Medley A,Bronze,United States of America,Jeff Wheatley,https://www.paralympic.org/jeff-wheatley
1980,Arnhem,Summer,1980 Summer Paralympics (Arnhem),Swimming,Men's 4x100 m Individual Medley B,Gold,United States of America,Steve Wilson,https://www.paralympic.org/steve-wilson
1980,Arnhem,Summer,1980 Summer Paralympics (Arnhem),Swimming,Men's 4x50 m Freestyle Relay 2-6,Bronze,United States of America,,
1980,Arnhem,Summer,1980 Summer Paralympics (Arnhem),Swimming,Men's 4x100 m Freestyle Relay A-B,Gold,United States of America,,
1980,Arnhem,Summer,1980 Summer Paralympics (Arnhem),Swimming,Men's 4x100 m Medley Relay A-B,Gold,United States of America,,
1980,Arnhem,Summer,1980 Summer Paralympics (Arnhem),Swimming,Men's 25 m Freestyle 1B,Silver,United States of America,G. Slupe,https://www.paralympic.org/g-slupe
1980,Arnhem,Summer,1980 Summer Paralympics (Arnhem),Swimming,Men's 25 m Freestyle 1C,Bronze,United States of America,Robert Ockvirk,https://www.paralympic.org/robert-ockvirk
1980,Arnhem,Summer,1980 Summer Paralympics (Arnhem),Swimming,Men's 3x25 m Freestyle Relay 1A-1C,Silver,United States of America,,
1980,Arnhem,Summer,1980 Summer Paralympics (Arnhem),Swimming,Women's 3x50 m Medley Relay 2-4,Bronze,United States of America,,
1980,Arnhem,Summer,1980 Summer Paralympics (Arnhem),Swimming,Women's 3x100 m Medley Relay CP D,Silver,United States of America,,
1980,Arnhem,Summer,1980 Summer Paralympics (Arnhem),Swimming,Women's 100 m Backstroke A,Silver,United States of America,Susan Card,https://www.paralympic.org/susan-card
1980,Arnhem,Summer,1980 Summer Paralympics (Arnhem),Swimming,Women's 100 m Backstroke B,Gold,United States of America,Trischa Zorn,https://www.paralympic.org/trischa-zorn
1980,Arnhem,Summer,1980 Summer Paralympics (Arnhem),Swimming,Women's 100 m Backstroke B,Silver,United States of America,Marie van Liere,https://www.paralympic.org/marie-van-liere
1980,Arnhem,Summer,1980 Summer Paralympics (Arnhem),Swimming,Women's 100 m Backstroke B,Bronze,United States of America,Missy Akins,https://www.paralympic.org/missy-akins
1980,Arnhem,Summer,1980 Summer Paralympics (Arnhem),Swimming,Women's 100 m Backstroke CP D,Bronze,United States of America,Gayle Ginnish,https://www.paralympic.org/gayle-ginnish
1980,Arnhem,Summer,1980 Summer Paralympics (Arnhem),Swimming,Women's 25 m Backstroke 1A,Gold,United States of America,Karen Donaldson,https://www.paralympic.org/karen-donaldson
1980,Arnhem,Summer,1980 Summer Paralympics (Arnhem),Swimming,Women's 100 m Breaststroke B,Gold,United States of America,Missy Akins,https://www.paralympic.org/missy-akins
1980,Arnhem,Summer,1980 Summer Paralympics (Arnhem),Swimming,Women's 100 m Breaststroke D,Bronze,United States of America,Jan Wilson,https://www.paralympic.org/jan-wilson
1980,Arnhem,Summer,1980 Summer Paralympics (Arnhem),Swimming,Women's 25 m Breaststroke 1B,Bronze,United States of America,B. Baum,https://www.paralympic.org/b-baum
1980,Arnhem,Summer,1980 Summer Paralympics (Arnhem),Swimming,Women's 100 m Butterfly A,Bronze,United States of America,Sandy Dunne,https://www.paralympic.org/sandy-dunne
1980,Arnhem,Summer,1980 Summer Paralympics (Arnhem),Swimming,Women's 100 m Butterfly B,Gold,United States of America,Trischa Zorn,https://www.paralympic.org/trischa-zorn
1980,Arnhem,Summer,1980 Summer Paralympics (Arnhem),Swimming,Women's 100 m Butterfly B,Silver,United States of America,Missy Akins,https://www.paralympic.org/missy-akins
1980,Arnhem,Summer,1980 Summer Paralympics (Arnhem),Swimming,Women's 25 m Butterfly 2,Silver,United States of America,Syd Jacobs,https://www.paralympic.org/syd-jacobs
1980,Arnhem,Summer,1980 Summer Paralympics (Arnhem),Swimming,Women's 100 m Freestyle B,Gold,United States of America,Trischa Zorn,https://www.paralympic.org/trischa-zorn
1980,Arnhem,Summer,1980 Summer Paralympics (Arnhem),Swimming,Women's 100 m Freestyle B,Bronze,United States of America,Missy Akins,https://www.paralympic.org/missy-akins
1980,Arnhem,Summer,1980 Summer Paralympics (Arnhem),Swimming,Women's 100 m Freestyle E,Bronze,United States of America,F. Spivey,https://www.paralympic.org/f-spivey
1980,Arnhem,Summer,1980 Summer Paralympics (Arnhem),Swimming,Women's 4x50 m Individual Medley B,Gold,United States of America,Trischa Zorn,https://www.paralympic.org/trischa-zorn
1980,Arnhem,Summer,1980 Summer Paralympics (Arnhem),Swimming,Women's 4x50 m Individual Medley B,Silver,United States of America,Missy Akins,https://www.paralympic.org/missy-akins
1980,Arnhem,Summer,1980 Summer Paralympics (Arnhem),Swimming,Women's 4x50 m Individual Medley B,Bronze,United States of America,Marie van Liere,https://www.paralympic.org/marie-van-liere
1980,Arnhem,Summer,1980 Summer Paralympics (Arnhem),Swimming,Women's 4x100 m Individual Medley B,Gold,United States of America,Trischa Zorn,https://www.paralympic.org/trischa-zorn
1980,Arnhem,Summer,1980 Summer Paralympics (Arnhem),Swimming,Women's 4x100 m Individual Medley B,Silver,United States of America,Marie van Liere,https://www.paralympic.org/marie-van-liere
1980,Arnhem,Summer,1980 Summer Paralympics (Arnhem),Swimming,Women's 4x100 m Freestyle Relay A-B,Gold,United States of America,,
1980,Arnhem,Summer,1980 Summer Paralympics (Arnhem),Swimming,Women's 4x100 m Medley Relay A-B,Gold,United States of America,,
1980,Arnhem,Summer,1980 Summer Paralympics (Arnhem),Swimming,Women's 25 m Freestyle 1A,Gold,United States of America,Karen Donaldson,https://www.paralympic.org/karen-donaldson
1980,Arnhem,Summer,1980 Summer Paralympics (Arnhem),Swimming,Women's 3x25 m Freestyle Relay 1A-1C,Gold,United States of America,,
1980,Arnhem,Summer,1980 Summer Paralympics (Arnhem),Table Tennis,Men's Singles 2,Bronze,United States of America,Gary Kerr,https://www.paralympic.org/gary-kerr
1980,Arnhem,Summer,1980 Summer Paralympics (Arnhem),Table Tennis,Men's Singles 4,Gold,United States of America,Michael Dempsey,https://www.paralympic.org/michael-dempsey
1980,Arnhem,Summer,1980 Summer Paralympics (Arnhem),Table Tennis,Men's Singles C1,Gold,United States of America,M. Stephens,https://www.paralympic.org/m-stephens
1980,Arnhem,Summer,1980 Summer Paralympics (Arnhem),Table Tennis,Men's Teams 4,Silver,United States of America,,
1980,Arnhem,Summer,1980 Summer Paralympics (Arnhem),Table Tennis,Men's Teams 1B,Bronze,United States of America,,
1980,Arnhem,Summer,1980 Summer Paralympics (Arnhem),Wheelchair Basketball,Men's Tournament,Bronze,United States of America,,
1980,Arnhem,Summer,1980 Summer Paralympics (Arnhem),Wheelchair Basketball,Women's Tournament,Bronze,United States of America,,
1980,Arnhem,Summer,1980 Summer Paralympics (Arnhem),Wrestling,Men's -48 kg,Gold,United States of America,W. Gill,https://www.paralympic.org/w-gill
1980,Arnhem,Summer,1980 Summer Paralympics (Arnhem),Wrestling,Men's -52 kg,Gold,United States of America,Ken Sparks,https://www.paralympic.org/ken-sparks
1980,Arnhem,Summer,1980 Summer Paralympics (Arnhem),Wrestling,Men's -62 kg,Gold,United States of America,Rick Futrell,https://www.paralympic.org/rick-futrell
1980,Arnhem,Summer,1980 Summer Paralympics (Arnhem),Wrestling,Men's -68 kg,Gold,United States of America,Gerald O'Neil,https://www.paralympic.org/gerald-o-neil
1980,Arnhem,Summer,1980 Summer Paralympics (Arnhem),Wrestling,Men's -82 kg,Gold,United States of America,Eduardo Bordley,https://www.paralympic.org/eduardo-bordley
1980,Arnhem,Summer,1980 Summer Paralympics (Arnhem),Wrestling,Men's -90 kg,Gold,United States of America,S. Klein,https://www.paralympic.org/s-klein
1980,Arnhem,Summer,1980 Summer Paralympics (Arnhem),Wrestling,Men's -100 kg,Gold,United States of America,Dave Sime,https://www.paralympic.org/dave-sime
1980,Arnhem,Summer,1980 Summer Paralympics (Arnhem),Wrestling,Men's +100 kg,Gold,United States of America,James Mastro,https://www.paralympic.org/james-mastro
1980,Arnhem,Summer,1980 Summer Paralympics (Arnhem),Weightlifting,Men's Lightweight -65 kg Paraplegic,Silver,United States of America,Charles Roedelbronn,https://www.paralympic.org/charles-roedelbronn
1980,Arnhem,Summer,1980 Summer Paralympics (Arnhem),Weightlifting,Men's Middleweight -75 kg Paraplegic,Silver,United States of America,Edward Coyle,https://www.paralympic.org/edward-coyle
1980,Geilo,Winter,1980 Winter Paralympics (Geilo),Alpine Skiing,Men's Giant Slalom 4,Gold,United States of America,Doug Keil,https://www.paralympic.org/doug-keil
1980,Geilo,Winter,1980 Winter Paralympics (Geilo),Alpine Skiing,Men's Slalom 4,Gold,United States of America,Doug Keil,https://www.paralympic.org/doug-keil
1980,Geilo,Winter,1980 Winter Paralympics (Geilo),Alpine Skiing,Women's Giant Slalom 2A,Bronze,United States of America,Janet Penn,https://www.paralympic.org/janet-penn
1980,Geilo,Winter,1980 Winter Paralympics (Geilo),Alpine Skiing,Women's Giant Slalom 3A,Gold,United States of America,Cindy Castellano,https://www.paralympic.org/cindy-castellano
1980,Geilo,Winter,1980 Winter Paralympics (Geilo),Alpine Skiing,Women's Giant Slalom 3A,Silver,United States of America,Kathy Poohachof,https://www.paralympic.org/kathy-poohachof
1980,Geilo,Winter,1980 Winter Paralympics (Geilo),Alpine Skiing,Women's Slalom 3A,Gold,United States of America,Cindy Castellano,https://www.paralympic.org/cindy-castellano
1984,New York/Stoke Mandeville,Summer,1984 Summer Paralympics (New York/Stoke Mandeville),Archery,Men's Double Advanced Metric Round Paraplegic,Bronze,United States of America,Patrick Krishner,https://www.paralympic.org/patrick-krishner
1984,New York/Stoke Mandeville,Summer,1984 Summer Paralympics (New York/Stoke Mandeville),Archery,Women's Double FITA Round Paraplegic,Gold,United States of America,Susan Hagel,https://www.paralympic.org/susan-hagel
1984,New York/Stoke Mandeville,Summer,1984 Summer Paralympics (New York/Stoke Mandeville),Athletics,Men's 100 m 1A,Gold,United States of America,J. Lewellyn,https://www.paralympic.org/j-lewellyn
1984,New York/Stoke Mandeville,Summer,1984 Summer Paralympics (New York/Stoke Mandeville),Athletics,Men's 100 m 1C,Silver,United States of America,D. Wallen,https://www.paralympic.org/d-wallen
1984,New York/Stoke Mandeville,Summer,1984 Summer Paralympics (New York/Stoke Mandeville),Athletics,Men's 100 m 1C,Bronze,United States of America,J. Hayes,https://www.paralympic.org/j-hayes
1984,New York/Stoke Mandeville,Summer,1984 Summer Paralympics (New York/Stoke Mandeville),Athletics,Men's 100 m A1-3,Gold,United States of America,Jim Martinson,https://www.paralympic.org/jim-martinson
1984,New York/Stoke Mandeville,Summer,1984 Summer Paralympics (New York/Stoke Mandeville),Athletics,Men's 100 m A1-3,Silver,United States of America,Kris Lenzo,https://www.paralympic.org/kris-lenzo
1984,New York/Stoke Mandeville,Summer,1984 Summer Paralympics (New York/Stoke Mandeville),Athletics,Men's 100 m A6,Silver,United States of America,Ira Rankin,https://www.paralympic.org/ira-rankin
1984,New York/Stoke Mandeville,Summer,1984 Summer Paralympics (New York/Stoke Mandeville),Athletics,Men's 100 m B1,Gold,United States of America,Winford Haynes,https://www.paralympic.org/winford-haynes
1984,New York/Stoke Mandeville,Summer,1984 Summer Paralympics (New York/Stoke Mandeville),Athletics,Men's 100 m B3,Gold,United States of America,Paul Smith,https://www.paralympic.org/paul-smith-0
1984,New York/Stoke Mandeville,Summer,1984 Summer Paralympics (New York/Stoke Mandeville),Athletics,Men's 100 m C4,Bronze,United States of America,Waymon Ware,https://www.paralympic.org/waymon-ware
1984,New York/Stoke Mandeville,Summer,1984 Summer Paralympics (New York/Stoke Mandeville),Athletics,Men's 100 m C5,Gold,United States of America,John Sacco,https://www.paralympic.org/john-sacco
1984,New York/Stoke Mandeville,Summer,1984 Summer Paralympics (New York/Stoke Mandeville),Athletics,Men's 100 m C5,Silver,United States of America,Dean Houle,https://www.paralympic.org/dean-houle
1984,New York/Stoke Mandeville,Summer,1984 Summer Paralympics (New York/Stoke Mandeville),Athletics,Men's 100 m C5,Bronze,United States of America,Mark Kemp,https://www.paralympic.org/mark-kemp
1984,New York/Stoke Mandeville,Summer,1984 Summer Paralympics (New York/Stoke Mandeville),Athletics,Men's 100 m L2,Gold,United States of America,Scott Schneider,https://www.paralympic.org/scott-schneider
1984,New York/Stoke Mandeville,Summer,1984 Summer Paralympics (New York/Stoke Mandeville),Athletics,Men's 100 m L2,Bronze,United States of America,Gary Stone,https://www.paralympic.org/gary-stone
1984,New York/Stoke Mandeville,Summer,1984 Summer Paralympics (New York/Stoke Mandeville),Athletics,Men's 100 m L3,Silver,United States of America,Bill Lehr,https://www.paralympic.org/bill-lehr
1984,New York/Stoke Mandeville,Summer,1984 Summer Paralympics (New York/Stoke Mandeville),Athletics,Men's 100 m 5,Gold,United States of America,D. Barret,https://www.paralympic.org/d-barret
1984,New York/Stoke Mandeville,Summer,1984 Summer Paralympics (New York/Stoke Mandeville),Athletics,Men's 200 m 1A,Silver,United States of America,Bart Dodson,https://www.paralympic.org/bart-dodson
1984,New York/Stoke Mandeville,Summer,1984 Summer Paralympics (New York/Stoke Mandeville),Athletics,Men's 200 m 1C,Gold,United States of America,D. Wallen,https://www.paralympic.org/d-wallen
1984,New York/Stoke Mandeville,Summer,1984 Summer Paralympics (New York/Stoke Mandeville),Athletics,Men's 200 m 1C,Bronze,United States of America,J. Hayes,https://www.paralympic.org/j-hayes
1984,New York/Stoke Mandeville,Summer,1984 Summer Paralympics (New York/Stoke Mandeville),Athletics,Men's 200 m C2,Silver,United States of America,Tom Cush,https://www.paralympic.org/tom-cush
1984,New York/Stoke Mandeville,Summer,1984 Summer Paralympics (New York/Stoke Mandeville),Athletics,Men's 200 m C3,Bronze,United States of America,Richard Simon,https://www.paralympic.org/richard-simon
1984,New York/Stoke Mandeville,Summer,1984 Summer Paralympics (New York/Stoke Mandeville),Athletics,Men's 200 m 5,Silver,United States of America,D. Barret,https://www.paralympic.org/d-barret
1984,New York/Stoke Mandeville,Summer,1984 Summer Paralympics (New York/Stoke Mandeville),Athletics,Men's 200 m 5,Bronze,United States of America,Tom Foran,https://www.paralympic.org/tom-foran
1984,New York/Stoke Mandeville,Summer,1984 Summer Paralympics (New York/Stoke Mandeville),Athletics,Men's 400 m 1A,Silver,United States of America,J. Lewellyn,https://www.paralympic.org/j-lewellyn
1984,New York/Stoke Mandeville,Summer,1984 Summer Paralympics (New York/Stoke Mandeville),Athletics,Men's 400 m 1B,Silver,United States of America,N. Jorgensen,https://www.paralympic.org/n-jorgensen
1984,New York/Stoke Mandeville,Summer,1984 Summer Paralympics (New York/Stoke Mandeville),Athletics,Men's 400 m 1C,Silver,United States of America,D. Goodman,https://www.paralympic.org/d-goodman
1984,New York/Stoke Mandeville,Summer,1984 Summer Paralympics (New York/Stoke Mandeville),Athletics,Men's 400 m A1-3,Gold,United States of America,Kris Lenzo,https://www.paralympic.org/kris-lenzo
1984,New York/Stoke Mandeville,Summer,1984 Summer Paralympics (New York/Stoke Mandeville),Athletics,Men's 400 m A1-3,Bronze,United States of America,Jim Martinson,https://www.paralympic.org/jim-martinson
1984,New York/Stoke Mandeville,Summer,1984 Summer Paralympics (New York/Stoke Mandeville),Athletics,Men's 400 m B1,Gold,United States of America,Winford Haynes,https://www.paralympic.org/winford-haynes
1984,New York/Stoke Mandeville,Summer,1984 Summer Paralympics (New York/Stoke Mandeville),Athletics,Men's 400 m B1,Silver,United States of America,Lonzey Jenkins,https://www.paralympic.org/lonzey-jenkins
1984,New York/Stoke Mandeville,Summer,1984 Summer Paralympics (New York/Stoke Mandeville),Athletics,Men's 400 m B3,Bronze,United States of America,Paul Smith,https://www.paralympic.org/paul-smith-0
1984,New York/Stoke Mandeville,Summer,1984 Summer Paralympics (New York/Stoke Mandeville),Athletics,Men's 400 m L2,Silver,United States of America,Scott Schneider,https://www.paralympic.org/scott-schneider
1984,New York/Stoke Mandeville,Summer,1984 Summer Paralympics (New York/Stoke Mandeville),Athletics,Men's 400 m L2,Bronze,United States of America,Gary Stone,https://www.paralympic.org/gary-stone
1984,New York/Stoke Mandeville,Summer,1984 Summer Paralympics (New York/Stoke Mandeville),Athletics,Men's 400 m L3,Silver,United States of America,Bill Lehr,https://www.paralympic.org/bill-lehr
1984,New York/Stoke Mandeville,Summer,1984 Summer Paralympics (New York/Stoke Mandeville),Athletics,Men's 400 m 4,Silver,United States of America,R. Snow,https://www.paralympic.org/r-snow
1984,New York/Stoke Mandeville,Summer,1984 Summer Paralympics (New York/Stoke Mandeville),Athletics,Men's 400 m 5,Silver,United States of America,D. Barret,https://www.paralympic.org/d-barret
1984,New York/Stoke Mandeville,Summer,1984 Summer Paralympics (New York/Stoke Mandeville),Athletics,Men's 400 m 5,Bronze,United States of America,Tom Foran,https://www.paralympic.org/tom-foran
1984,New York/Stoke Mandeville,Summer,1984 Summer Paralympics (New York/Stoke Mandeville),Athletics,Men's 800 m 1A,Silver,United States of America,J. Lewellyn,https://www.paralympic.org/j-lewellyn
1984,New York/Stoke Mandeville,Summer,1984 Summer Paralympics (New York/Stoke Mandeville),Athletics,Men's 800 m 1B,Bronze,United States of America,N. Jorgensen,https://www.paralympic.org/n-jorgensen
1984,New York/Stoke Mandeville,Summer,1984 Summer Paralympics (New York/Stoke Mandeville),Athletics,Men's 800 m 1C,Gold,United States of America,D. Goodman,https://www.paralympic.org/d-goodman
1984,New York/Stoke Mandeville,Summer,1984 Summer Paralympics (New York/Stoke Mandeville),Athletics,Men's 800 m A1-3,Silver,United States of America,Jim Martinson,https://www.paralympic.org/jim-martinson
1984,New York/Stoke Mandeville,Summer,1984 Summer Paralympics (New York/Stoke Mandeville),Athletics,Men's 800 m B3,Silver,United States of America,Leamon Stansell,https://www.paralympic.org/leamon-stansell
1984,New York/Stoke Mandeville,Summer,1984 Summer Paralympics (New York/Stoke Mandeville),Athletics,Men's 800 m L3,Silver,United States of America,Bill Lehr,https://www.paralympic.org/bill-lehr
1984,New York/Stoke Mandeville,Summer,1984 Summer Paralympics (New York/Stoke Mandeville),Athletics,Men's 800 m 3,Bronze,United States of America,J. Rodolf,https://www.paralympic.org/j-rodolf
1984,New York/Stoke Mandeville,Summer,1984 Summer Paralympics (New York/Stoke Mandeville),Athletics,Men's 800 m 4,Silver,United States of America,R. Snow,https://www.paralympic.org/r-snow
1984,New York/Stoke Mandeville,Summer,1984 Summer Paralympics (New York/Stoke Mandeville),Athletics,Men's 1500 m B3,Bronze,United States of America,Leamon Stansell,https://www.paralympic.org/leamon-stansell
1984,New York/Stoke Mandeville,Summer,1984 Summer Paralympics (New York/Stoke Mandeville),Athletics,Men's 1500 m 4,Bronze,United States of America,R. Snow,https://www.paralympic.org/r-snow
1984,New York/Stoke Mandeville,Summer,1984 Summer Paralympics (New York/Stoke Mandeville),Athletics,Men's 5000 m B3,Gold,United States of America,Leamon Stansell,https://www.paralympic.org/leamon-stansell
1984,New York/Stoke Mandeville,Summer,1984 Summer Paralympics (New York/Stoke Mandeville),Athletics,Men's 5000 m 3,Silver,United States of America,G. Murray,https://www.paralympic.org/g-murray
1984,New York/Stoke Mandeville,Summer,1984 Summer Paralympics (New York/Stoke Mandeville),Athletics,Men's 5000 m 3,Bronze,United States of America,J. Rodolf,https://www.paralympic.org/j-rodolf
1984,New York/Stoke Mandeville,Summer,1984 Summer Paralympics (New York/Stoke Mandeville),Athletics,Men's 5000 m 5,Gold,United States of America,Tom Foran,https://www.paralympic.org/tom-foran
1984,New York/Stoke Mandeville,Summer,1984 Summer Paralympics (New York/Stoke Mandeville),Athletics,Men's 20 m (Arm) C2,Bronze,United States of America,Mike Bowen,https://www.paralympic.org/mike-bowen
1984,New York/Stoke Mandeville,Summer,1984 Summer Paralympics (New York/Stoke Mandeville),Athletics,Men's 60 m C2,Silver,United States of America,Tom Cush,https://www.paralympic.org/tom-cush
1984,New York/Stoke Mandeville,Summer,1984 Summer Paralympics (New York/Stoke Mandeville),Athletics,Men's 60 m C3,Bronze,United States of America,Rene Rivera,https://www.paralympic.org/rene-rivera
1984,New York/Stoke Mandeville,Summer,1984 Summer Paralympics (New York/Stoke Mandeville),Athletics,Men's 60 m L1,Silver,United States of America,Doug Harris,https://www.paralympic.org/doug-harris
1984,New York/Stoke Mandeville,Summer,1984 Summer Paralympics (New York/Stoke Mandeville),Athletics,Men's 60 m L1,Bronze,United States of America,Tony Worley,https://www.paralympic.org/tony-worley
1984,New York/Stoke Mandeville,Summer,1984 Summer Paralympics (New York/Stoke Mandeville),Athletics,Men's Cross Country 1000 m C6,Bronze,United States of America,Salvin Ficara,https://www.paralympic.org/salvin-ficara
1984,New York/Stoke Mandeville,Summer,1984 Summer Paralympics (New York/Stoke Mandeville),Athletics,Men's Club Throw 1A,Gold,United States of America,Bart Dodson,https://www.paralympic.org/bart-dodson
1984,New York/Stoke Mandeville,Summer,1984 Summer Paralympics (New York/Stoke Mandeville),Athletics,Men's Club Throw 1A,Bronze,United States of America,S. Wilkins,https://www.paralympic.org/s-wilkins
1984,New York/Stoke Mandeville,Summer,1984 Summer Paralympics (New York/Stoke Mandeville),Athletics,Men's Club Throw C4,Bronze,United States of America,Rene Rivera,https://www.paralympic.org/rene-rivera
1984,New York/Stoke Mandeville,Summer,1984 Summer Paralympics (New York/Stoke Mandeville),Athletics,Men's Club Throw C6,Bronze,United States of America,Marvin Ross,https://www.paralympic.org/marvin-ross
1984,New York/Stoke Mandeville,Summer,1984 Summer Paralympics (New York/Stoke Mandeville),Athletics,Men's Discus Throw A1,Gold,United States of America,Richard Gould,https://www.paralympic.org/richard-gould
1984,New York/Stoke Mandeville,Summer,1984 Summer Paralympics (New York/Stoke Mandeville),Athletics,Men's Discus Throw A1,Bronze,United States of America,John Jerome,https://www.paralympic.org/john-jerome
1984,New York/Stoke Mandeville,Summer,1984 Summer Paralympics (New York/Stoke Mandeville),Athletics,Men's Discus Throw A2,Gold,United States of America,David Bowers,https://www.paralympic.org/david-bowers
1984,New York/Stoke Mandeville,Summer,1984 Summer Paralympics (New York/Stoke Mandeville),Athletics,Men's Discus Throw A4,Gold,United States of America,Antoine Archie,https://www.paralympic.org/antoine-archie
1984,New York/Stoke Mandeville,Summer,1984 Summer Paralympics (New York/Stoke Mandeville),Athletics,Men's Discus Throw A4,Bronze,United States of America,Jim McElhiney,https://www.paralympic.org/jim-mcelhiney
1984,New York/Stoke Mandeville,Summer,1984 Summer Paralympics (New York/Stoke Mandeville),Athletics,Men's Discus Throw A9,Gold,United States of America,Robert Hoskins,https://www.paralympic.org/robert-hoskins
1984,New York/Stoke Mandeville,Summer,1984 Summer Paralympics (New York/Stoke Mandeville),Athletics,Men's Discus Throw B1,Gold,United States of America,Leroy Franks,https://www.paralympic.org/leroy-franks
1984,New York/Stoke Mandeville,Summer,1984 Summer Paralympics (New York/Stoke Mandeville),Athletics,Men's Discus Throw B2,Gold,United States of America,Todd Hodgin,https://www.paralympic.org/todd-hodgin
1984,New York/Stoke Mandeville,Summer,1984 Summer Paralympics (New York/Stoke Mandeville),Athletics,Men's Discus Throw B2,Silver,United States of America,James Mastro,https://www.paralympic.org/james-mastro
1984,New York/Stoke Mandeville,Summer,1984 Summer Paralympics (New York/Stoke Mandeville),Athletics,Men's Discus Throw C4,Silver,United States of America,Eric Owens,https://www.paralympic.org/eric-owens
1984,New York/Stoke Mandeville,Summer,1984 Summer Paralympics (New York/Stoke Mandeville),Athletics,Men's Discus Throw C5,Silver,United States of America,Robert Gordon,https://www.paralympic.org/robert-gordon
1984,New York/Stoke Mandeville,Summer,1984 Summer Paralympics (New York/Stoke Mandeville),Athletics,Men's Discus Throw C8,Gold,United States of America,Tom Becke,https://www.paralympic.org/tom-becke
1984,New York/Stoke Mandeville,Summer,1984 Summer Paralympics (New York/Stoke Mandeville),Athletics,Men's Discus Throw L1,Bronze,United States of America,Tony Worley,https://www.paralympic.org/tony-worley
1984,New York/Stoke Mandeville,Summer,1984 Summer Paralympics (New York/Stoke Mandeville),Athletics,Men's Discus Throw L2,Bronze,United States of America,Scott Schneider,https://www.paralympic.org/scott-schneider
1984,New York/Stoke Mandeville,Summer,1984 Summer Paralympics (New York/Stoke Mandeville),Athletics,Men's Discus Throw L4,Silver,United States of America,Shaun Graham,https://www.paralympic.org/shaun-graham
1984,New York/Stoke Mandeville,Summer,1984 Summer Paralympics (New York/Stoke Mandeville),Athletics,Men's Discus Throw 3,Gold,United States of America,J. Sampaga,https://www.paralympic.org/j-sampaga
1984,New York/Stoke Mandeville,Summer,1984 Summer Paralympics (New York/Stoke Mandeville),Athletics,Men's Distance Throw C1,Silver,United States of America,Claude Prophete,https://www.paralympic.org/claude-prophete
1984,New York/Stoke Mandeville,Summer,1984 Summer Paralympics (New York/Stoke Mandeville),Athletics,Men's Distance Throw C2,Silver,United States of America,Tom Cush,https://www.paralympic.org/tom-cush
1984,New York/Stoke Mandeville,Summer,1984 Summer Paralympics (New York/Stoke Mandeville),Athletics,Men's High Jump A4,Gold,United States of America,Ronnie Alsup,https://www.paralympic.org/ronnie-alsup
1984,New York/Stoke Mandeville,Summer,1984 Summer Paralympics (New York/Stoke Mandeville),Athletics,Men's Javelin 1B,Gold,United States of America,Douglas Heir,https://www.paralympic.org/douglas-heir
1984,New York/Stoke Mandeville,Summer,1984 Summer Paralympics (New York/Stoke Mandeville),Athletics,Men's Javelin A1,Gold,United States of America,John Jerome,https://www.paralympic.org/john-jerome
1984,New York/Stoke Mandeville,Summer,1984 Summer Paralympics (New York/Stoke Mandeville),Athletics,Men's Javelin A1,Bronze,United States of America,Richard Bryant,https://www.paralympic.org/richard-bryant
1984,New York/Stoke Mandeville,Summer,1984 Summer Paralympics (New York/Stoke Mandeville),Athletics,Men's Javelin A4,Gold,United States of America,Antoine Archie,https://www.paralympic.org/antoine-archie
1984,New York/Stoke Mandeville,Summer,1984 Summer Paralympics (New York/Stoke Mandeville),Athletics,Men's Javelin A9,Bronze,United States of America,Robert Hoskins,https://www.paralympic.org/robert-hoskins
1984,New York/Stoke Mandeville,Summer,1984 Summer Paralympics (New York/Stoke Mandeville),Athletics,Men's Javelin B1,Bronze,United States of America,William Fennessee,https://www.paralympic.org/william-fennessee
1984,New York/Stoke Mandeville,Summer,1984 Summer Paralympics (New York/Stoke Mandeville),Athletics,Men's Javelin B2,Silver,United States of America,Reni Jackson,https://www.paralympic.org/reni-jackson
1984,New York/Stoke Mandeville,Summer,1984 Summer Paralympics (New York/Stoke Mandeville),Athletics,Men's Javelin C8,Gold,United States of America,Tom Becke,https://www.paralympic.org/tom-becke
1984,New York/Stoke Mandeville,Summer,1984 Summer Paralympics (New York/Stoke Mandeville),Athletics,Men's Javelin 3,Silver,United States of America,J. Sampaga,https://www.paralympic.org/j-sampaga
1984,New York/Stoke Mandeville,Summer,1984 Summer Paralympics (New York/Stoke Mandeville),Athletics,Men's King of the Straight - 100 m 1A-6,Silver,United States of America,D. Barret,https://www.paralympic.org/d-barret
1984,New York/Stoke Mandeville,Summer,1984 Summer Paralympics (New York/Stoke Mandeville),Athletics,Men's Long Jump A4,Gold,United States of America,Ronnie Alsup,https://www.paralympic.org/ronnie-alsup
1984,New York/Stoke Mandeville,Summer,1984 Summer Paralympics (New York/Stoke Mandeville),Athletics,Men's Long Jump B3,Gold,United States of America,Paul Smith,https://www.paralympic.org/paul-smith-0
1984,New York/Stoke Mandeville,Summer,1984 Summer Paralympics (New York/Stoke Mandeville),Athletics,Men's Long Jump B3,Bronze,United States of America,Garland Burress,https://www.paralympic.org/garland-burress
1984,New York/Stoke Mandeville,Summer,1984 Summer Paralympics (New York/Stoke Mandeville),Athletics,Men's Marathon 1C,Silver,United States of America,D. Wallen,https://www.paralympic.org/d-wallen
1984,New York/Stoke Mandeville,Summer,1984 Summer Paralympics (New York/Stoke Mandeville),Athletics,Men's Marathon 5,Silver,United States of America,B. Hedrick,https://www.paralympic.org/b-hedrick
1984,New York/Stoke Mandeville,Summer,1984 Summer Paralympics (New York/Stoke Mandeville),Athletics,Men's Marathon 5,Bronze,United States of America,Tom Foran,https://www.paralympic.org/tom-foran
1984,New York/Stoke Mandeville,Summer,1984 Summer Paralympics (New York/Stoke Mandeville),Athletics,Men's Medicine Ball Thrust C2,Gold,United States of America,Tom Cush,https://www.paralympic.org/tom-cush
1984,New York/Stoke Mandeville,Summer,1984 Summer Paralympics (New York/Stoke Mandeville),Athletics,Men's Pentathlon 1A,Gold,United States of America,Bart Dodson,https://www.paralympic.org/bart-dodson
1984,New York/Stoke Mandeville,Summer,1984 Summer Paralympics (New York/Stoke Mandeville),Athletics,Men's Pentathlon 1B,Silver,United States of America,Douglas Heir,https://www.paralympic.org/douglas-heir
1984,New York/Stoke Mandeville,Summer,1984 Summer Paralympics (New York/Stoke Mandeville),Athletics,Men's Pentathlon 1C,Bronze,United States of America,D. Wallen,https://www.paralympic.org/d-wallen
1984,New York/Stoke Mandeville,Summer,1984 Summer Paralympics (New York/Stoke Mandeville),Athletics,Men's Pentathlon B3,Bronze,United States of America,Garland Burress,https://www.paralympic.org/garland-burress
1984,New York/Stoke Mandeville,Summer,1984 Summer Paralympics (New York/Stoke Mandeville),Athletics,Men's Pentathlon 4,Bronze,United States of America,J. Zajac,https://www.paralympic.org/j-zajac
1984,New York/Stoke Mandeville,Summer,1984 Summer Paralympics (New York/Stoke Mandeville),Athletics,Men's Precision Throw C1,Bronze,United States of America,Ted Judge,https://www.paralympic.org/ted-judge
1984,New York/Stoke Mandeville,Summer,1984 Summer Paralympics (New York/Stoke Mandeville),Athletics,Men's 4x100 m 1A-1C,Gold,United States of America,,
1984,New York/Stoke Mandeville,Summer,1984 Summer Paralympics (New York/Stoke Mandeville),Athletics,Men's 4x100 m A4-9,Bronze,United States of America,,
1984,New York/Stoke Mandeville,Summer,1984 Summer Paralympics (New York/Stoke Mandeville),Athletics,Men's 4x100 m 2-5,Silver,United States of America,,
1984,New York/Stoke Mandeville,Summer,1984 Summer Paralympics (New York/Stoke Mandeville),Athletics,Men's Shot Put 1A,Silver,United States of America,S. Wilkins,https://www.paralympic.org/s-wilkins
1984,New York/Stoke Mandeville,Summer,1984 Summer Paralympics (New York/Stoke Mandeville),Athletics,Men's Shot Put 1B,Gold,United States of America,Douglas Heir,https://www.paralympic.org/douglas-heir
1984,New York/Stoke Mandeville,Summer,1984 Summer Paralympics (New York/Stoke Mandeville),Athletics,Men's Shot Put A1,Silver,United States of America,John Jerome,https://www.paralympic.org/john-jerome
1984,New York/Stoke Mandeville,Summer,1984 Summer Paralympics (New York/Stoke Mandeville),Athletics,Men's Shot Put A4,Bronze,United States of America,Jim McElhiney,https://www.paralympic.org/jim-mcelhiney
1984,New York/Stoke Mandeville,Summer,1984 Summer Paralympics (New York/Stoke Mandeville),Athletics,Men's Shot Put A9,Gold,United States of America,Robert Hoskins,https://www.paralympic.org/robert-hoskins
1984,New York/Stoke Mandeville,Summer,1984 Summer Paralympics (New York/Stoke Mandeville),Athletics,Men's Shot Put B1,Gold,United States of America,James Neppl,https://www.paralympic.org/james-neppl
1984,New York/Stoke Mandeville,Summer,1984 Summer Paralympics (New York/Stoke Mandeville),Athletics,Men's Shot Put B2,Gold,United States of America,James Mastro,https://www.paralympic.org/james-mastro
1984,New York/Stoke Mandeville,Summer,1984 Summer Paralympics (New York/Stoke Mandeville),Athletics,Men's Shot Put B2,Silver,United States of America,Todd Hodgin,https://www.paralympic.org/todd-hodgin
1984,New York/Stoke Mandeville,Summer,1984 Summer Paralympics (New York/Stoke Mandeville),Athletics,Men's Shot Put B3,Silver,United States of America,Kevin Szott,https://www.paralympic.org/kevin-szott
1984,New York/Stoke Mandeville,Summer,1984 Summer Paralympics (New York/Stoke Mandeville),Athletics,Men's Shot Put C5,Bronze,United States of America,Robert Gordon,https://www.paralympic.org/robert-gordon
1984,New York/Stoke Mandeville,Summer,1984 Summer Paralympics (New York/Stoke Mandeville),Athletics,Men's Shot Put C6,Bronze,United States of America,Bill Hunsberger,https://www.paralympic.org/bill-hunsberger
1984,New York/Stoke Mandeville,Summer,1984 Summer Paralympics (New York/Stoke Mandeville),Athletics,Men's Shot Put C8,Gold,United States of America,Tom Becke,https://www.paralympic.org/tom-becke
1984,New York/Stoke Mandeville,Summer,1984 Summer Paralympics (New York/Stoke Mandeville),Athletics,Men's Shot Put L1,Silver,United States of America,Tony Worley,https://www.paralympic.org/tony-worley
1984,New York/Stoke Mandeville,Summer,1984 Summer Paralympics (New York/Stoke Mandeville),Athletics,Men's Shot Put L4,Silver,United States of America,Shaun Graham,https://www.paralympic.org/shaun-graham
1984,New York/Stoke Mandeville,Summer,1984 Summer Paralympics (New York/Stoke Mandeville),Athletics,Men's Shot Put 4,Silver,United States of America,J. Zajac,https://www.paralympic.org/j-zajac
1984,New York/Stoke Mandeville,Summer,1984 Summer Paralympics (New York/Stoke Mandeville),Athletics,Men's Slalom 1A,Bronze,United States of America,Sebastian de Francesco,https://www.paralympic.org/sebastian-de-francesco
1984,New York/Stoke Mandeville,Summer,1984 Summer Paralympics (New York/Stoke Mandeville),Athletics,Men's Slalom C1,Silver,United States of America,Ted Judge,https://www.paralympic.org/ted-judge
1984,New York/Stoke Mandeville,Summer,1984 Summer Paralympics (New York/Stoke Mandeville),Athletics,Men's Slalom C2,Silver,United States of America,Mike Bowen,https://www.paralympic.org/mike-bowen
1984,New York/Stoke Mandeville,Summer,1984 Summer Paralympics (New York/Stoke Mandeville),Athletics,Men's Slalom C3,Gold,United States of America,Ron Mullis,https://www.paralympic.org/ron-mullis
1984,New York/Stoke Mandeville,Summer,1984 Summer Paralympics (New York/Stoke Mandeville),Athletics,Men's Slalom C3,Silver,United States of America,Rene Rivera,https://www.paralympic.org/rene-rivera
1984,New York/Stoke Mandeville,Summer,1984 Summer Paralympics (New York/Stoke Mandeville),Athletics,Men's Slalom C4,Gold,United States of America,Eric Owens,https://www.paralympic.org/eric-owens
1984,New York/Stoke Mandeville,Summer,1984 Summer Paralympics (New York/Stoke Mandeville),Athletics,Men's Slalom (Leg) C2,Gold,United States of America,Tom Cush,https://www.paralympic.org/tom-cush
1984,New York/Stoke Mandeville,Summer,1984 Summer Paralympics (New York/Stoke Mandeville),Athletics,Men's Triple Jump B3,Gold,United States of America,Garland Burress,https://www.paralympic.org/garland-burress
1984,New York/Stoke Mandeville,Summer,1984 Summer Paralympics (New York/Stoke Mandeville),Athletics,Men's Triple Jump B3,Silver,United States of America,Paul Smith,https://www.paralympic.org/paul-smith-0
1984,New York/Stoke Mandeville,Summer,1984 Summer Paralympics (New York/Stoke Mandeville),Athletics,Women's 100 m 1A,Bronze,United States of America,K. Holm,https://www.paralympic.org/k-holm
1984,New York/Stoke Mandeville,Summer,1984 Summer Paralympics (New York/Stoke Mandeville),Athletics,Women's 100 m 1B,Gold,United States of America,J. Mora,https://www.paralympic.org/j-mora-0
1984,New York/Stoke Mandeville,Summer,1984 Summer Paralympics (New York/Stoke Mandeville),Athletics,Women's 100 m A4,Silver,United States of America,Karen Farmer,https://www.paralympic.org/karen-farmer
1984,New York/Stoke Mandeville,Summer,1984 Summer Paralympics (New York/Stoke Mandeville),Athletics,Women's 100 m B1,Silver,United States of America,Lori Bennett,https://www.paralympic.org/lori-bennett
1984,New York/Stoke Mandeville,Summer,1984 Summer Paralympics (New York/Stoke Mandeville),Athletics,Women's 100 m B3,Gold,United States of America,Beth Bishop,https://www.paralympic.org/beth-bishop
1984,New York/Stoke Mandeville,Summer,1984 Summer Paralympics (New York/Stoke Mandeville),Athletics,Women's 100 m C4,Silver,United States of America,Kimala Searcy,https://www.paralympic.org/kimala-searcy
1984,New York/Stoke Mandeville,Summer,1984 Summer Paralympics (New York/Stoke Mandeville),Athletics,Women's 100 m C5,Gold,United States of America,Kathy Kessler,https://www.paralympic.org/kathy-kessler
1984,New York/Stoke Mandeville,Summer,1984 Summer Paralympics (New York/Stoke Mandeville),Athletics,Women's 100 m C8,Silver,United States of America,Deborah Hearn,https://www.paralympic.org/deborah-hearn
1984,New York/Stoke Mandeville,Summer,1984 Summer Paralympics (New York/Stoke Mandeville),Athletics,Women's 100 m L2,Silver,United States of America,Terri Dixon,https://www.paralympic.org/terri-dixon
1984,New York/Stoke Mandeville,Summer,1984 Summer Paralympics (New York/Stoke Mandeville),Athletics,Women's 100 m L3,Gold,United States of America,Twyanna Caldwell,https://www.paralympic.org/twyanna-caldwell
1984,New York/Stoke Mandeville,Summer,1984 Summer Paralympics (New York/Stoke Mandeville),Athletics,Women's 100 m 2,Silver,United States of America,Glee Lyford,https://www.paralympic.org/glee-lyford
1984,New York/Stoke Mandeville,Summer,1984 Summer Paralympics (New York/Stoke Mandeville),Athletics,Women's 100 m 2,Bronze,United States of America,B. Moore,https://www.paralympic.org/b-moore
1984,New York/Stoke Mandeville,Summer,1984 Summer Paralympics (New York/Stoke Mandeville),Athletics,Women's 200 m 1A,Bronze,United States of America,K. Holm,https://www.paralympic.org/k-holm
1984,New York/Stoke Mandeville,Summer,1984 Summer Paralympics (New York/Stoke Mandeville),Athletics,Women's 200 m 1B,Gold,United States of America,J. Mora,https://www.paralympic.org/j-mora-0
1984,New York/Stoke Mandeville,Summer,1984 Summer Paralympics (New York/Stoke Mandeville),Athletics,Women's 200 m A1-3,Gold,United States of America,Youlanda Barker,https://www.paralympic.org/youlanda-barker
1984,New York/Stoke Mandeville,Summer,1984 Summer Paralympics (New York/Stoke Mandeville),Athletics,Women's 200 m A1-3,Bronze,United States of America,Melody Williamson,https://www.paralympic.org/melody-williamson
1984,New York/Stoke Mandeville,Summer,1984 Summer Paralympics (New York/Stoke Mandeville),Athletics,Women's 200 m C2,Silver,United States of America,Terri Feinstein,https://www.paralympic.org/terri-feinstein
1984,New York/Stoke Mandeville,Summer,1984 Summer Paralympics (New York/Stoke Mandeville),Athletics,Women's 200 m C2,Bronze,United States of America,Angela Davis,https://www.paralympic.org/angela-davis
1984,New York/Stoke Mandeville,Summer,1984 Summer Paralympics (New York/Stoke Mandeville),Athletics,Women's 200 m C3,Silver,United States of America,Elizabeth Fleming,https://www.paralympic.org/elizabeth-fleming
1984,New York/Stoke Mandeville,Summer,1984 Summer Paralympics (New York/Stoke Mandeville),Athletics,Women's 200 m 2,Bronze,United States of America,B. Moore,https://www.paralympic.org/b-moore
1984,New York/Stoke Mandeville,Summer,1984 Summer Paralympics (New York/Stoke Mandeville),Athletics,Women's 400 m 1A,Bronze,United States of America,K. Holm,https://www.paralympic.org/k-holm
1984,New York/Stoke Mandeville,Summer,1984 Summer Paralympics (New York/Stoke Mandeville),Athletics,Women's 400 m 1B,Gold,United States of America,J. Mora,https://www.paralympic.org/j-mora-0
1984,New York/Stoke Mandeville,Summer,1984 Summer Paralympics (New York/Stoke Mandeville),Athletics,Women's 400 m A4,Silver,United States of America,Karen Farmer,https://www.paralympic.org/karen-farmer
1984,New York/Stoke Mandeville,Summer,1984 Summer Paralympics (New York/Stoke Mandeville),Athletics,Women's 400 m B3,Gold,United States of America,Beth Bishop,https://www.paralympic.org/beth-bishop
1984,New York/Stoke Mandeville,Summer,1984 Summer Paralympics (New York/Stoke Mandeville),Athletics,Women's 400 m C4,Silver,United States of America,Kimala Searcy,https://www.paralympic.org/kimala-searcy
1984,New York/Stoke Mandeville,Summer,1984 Summer Paralympics (New York/Stoke Mandeville),Athletics,Women's 400 m C4,Bronze,United States of America,Cathy Brown,https://www.paralympic.org/cathy-brown
1984,New York/Stoke Mandeville,Summer,1984 Summer Paralympics (New York/Stoke Mandeville),Athletics,Women's 400 m L2,Silver,United States of America,Terri Dixon,https://www.paralympic.org/terri-dixon
1984,New York/Stoke Mandeville,Summer,1984 Summer Paralympics (New York/Stoke Mandeville),Athletics,Women's 400 m 2,Silver,United States of America,B. Moore,https://www.paralympic.org/b-moore
1984,New York/Stoke Mandeville,Summer,1984 Summer Paralympics (New York/Stoke Mandeville),Athletics,Women's 400 m 2,Bronze,United States of America,Glee Lyford,https://www.paralympic.org/glee-lyford
1984,New York/Stoke Mandeville,Summer,1984 Summer Paralympics (New York/Stoke Mandeville),Athletics,Women's 800 m 1A,Bronze,United States of America,K. Holm,https://www.paralympic.org/k-holm
1984,New York/Stoke Mandeville,Summer,1984 Summer Paralympics (New York/Stoke Mandeville),Athletics,Women's 800 m 1C,Silver,United States of America,J. Mora,https://www.paralympic.org/j-mora-0
1984,New York/Stoke Mandeville,Summer,1984 Summer Paralympics (New York/Stoke Mandeville),Athletics,Women's 800 m B1,Gold,United States of America,Lori Bennett,https://www.paralympic.org/lori-bennett
1984,New York/Stoke Mandeville,Summer,1984 Summer Paralympics (New York/Stoke Mandeville),Athletics,Women's 800 m B3,Gold,United States of America,Wanda Watts,https://www.paralympic.org/wanda-watts
1984,New York/Stoke Mandeville,Summer,1984 Summer Paralympics (New York/Stoke Mandeville),Athletics,Women's 800 m C4,Silver,United States of America,Kimala Searcy,https://www.paralympic.org/kimala-searcy
1984,New York/Stoke Mandeville,Summer,1984 Summer Paralympics (New York/Stoke Mandeville),Athletics,Women's 800 m C4,Bronze,United States of America,Cathy Brown,https://www.paralympic.org/cathy-brown
1984,New York/Stoke Mandeville,Summer,1984 Summer Paralympics (New York/Stoke Mandeville),Athletics,Women's 800 m 2,Silver,United States of America,J. Schiff,https://www.paralympic.org/j-schiff
1984,New York/Stoke Mandeville,Summer,1984 Summer Paralympics (New York/Stoke Mandeville),Athletics,Women's 800 m 2,Bronze,United States of America,B. Moore,https://www.paralympic.org/b-moore
1984,New York/Stoke Mandeville,Summer,1984 Summer Paralympics (New York/Stoke Mandeville),Athletics,Women's 800 m 4,Bronze,United States of America,S. Norman,https://www.paralympic.org/s-norman
1984,New York/Stoke Mandeville,Summer,1984 Summer Paralympics (New York/Stoke Mandeville),Athletics,Women's 1500 m B3,Bronze,United States of America,Wanda Watts,https://www.paralympic.org/wanda-watts
1984,New York/Stoke Mandeville,Summer,1984 Summer Paralympics (New York/Stoke Mandeville),Athletics,Women's 1500 m 2,Silver,United States of America,B. Moore,https://www.paralympic.org/b-moore
1984,New York/Stoke Mandeville,Summer,1984 Summer Paralympics (New York/Stoke Mandeville),Athletics,Women's 1500 m 2,Bronze,United States of America,Glee Lyford,https://www.paralympic.org/glee-lyford
1984,New York/Stoke Mandeville,Summer,1984 Summer Paralympics (New York/Stoke Mandeville),Athletics,Women's 1500 m 4,Bronze,United States of America,S. Norman,https://www.paralympic.org/s-norman
1984,New York/Stoke Mandeville,Summer,1984 Summer Paralympics (New York/Stoke Mandeville),Athletics,Women's 3000 m B2,Bronze,United States of America,Maria Serrat,https://www.paralympic.org/maria-serrat
1984,New York/Stoke Mandeville,Summer,1984 Summer Paralympics (New York/Stoke Mandeville),Athletics,Women's 5000 m 2,Silver,United States of America,B. Moore,https://www.paralympic.org/b-moore
1984,New York/Stoke Mandeville,Summer,1984 Summer Paralympics (New York/Stoke Mandeville),Athletics,Women's 5000 m 2,Bronze,United States of America,J. Schiff,https://www.paralympic.org/j-schiff
1984,New York/Stoke Mandeville,Summer,1984 Summer Paralympics (New York/Stoke Mandeville),Athletics,Women's 5000 m 4,Gold,United States of America,S. Norman,https://www.paralympic.org/s-norman
1984,New York/Stoke Mandeville,Summer,1984 Summer Paralympics (New York/Stoke Mandeville),Athletics,Women's 20 m (Arm) C2,Gold,United States of America,Nancy Anderson,https://www.paralympic.org/nancy-anderson
1984,New York/Stoke Mandeville,Summer,1984 Summer Paralympics (New York/Stoke Mandeville),Athletics,Women's 60 m A1-3,Gold,United States of America,Youlanda Barker,https://www.paralympic.org/youlanda-barker
1984,New York/Stoke Mandeville,Summer,1984 Summer Paralympics (New York/Stoke Mandeville),Athletics,Women's 60 m A1-3,Bronze,United States of America,Melody Williamson,https://www.paralympic.org/melody-williamson
1984,New York/Stoke Mandeville,Summer,1984 Summer Paralympics (New York/Stoke Mandeville),Athletics,Women's 60 m C2,Silver,United States of America,Terri Feinstein,https://www.paralympic.org/terri-feinstein
1984,New York/Stoke Mandeville,Summer,1984 Summer Paralympics (New York/Stoke Mandeville),Athletics,Women's 60 m C3,Bronze,United States of America,Elizabeth Fleming,https://www.paralympic.org/elizabeth-fleming
1984,New York/Stoke Mandeville,Summer,1984 Summer Paralympics (New York/Stoke Mandeville),Athletics,Women's Cross Country 1000 m C7,Gold,United States of America,Susan Moucha,https://www.paralympic.org/susan-moucha
1984,New York/Stoke Mandeville,Summer,1984 Summer Paralympics (New York/Stoke Mandeville),Athletics,Women's Cross Country 1000 m C8,Silver,United States of America,Ann Marie Roberts,https://www.paralympic.org/ann-marie-roberts
1984,New York/Stoke Mandeville,Summer,1984 Summer Paralympics (New York/Stoke Mandeville),Athletics,Women's Cross Country 1000 m C8,Bronze,United States of America,Deborah Hearn,https://www.paralympic.org/deborah-hearn
1984,New York/Stoke Mandeville,Summer,1984 Summer Paralympics (New York/Stoke Mandeville),Athletics,Women's Club Throw C2,Silver,United States of America,Jane Spitzley,https://www.paralympic.org/jane-spitzley
1984,New York/Stoke Mandeville,Summer,1984 Summer Paralympics (New York/Stoke Mandeville),Athletics,Women's Club Throw C4,Gold,United States of America,Joan Blalark,https://www.paralympic.org/joan-blalark
1984,New York/Stoke Mandeville,Summer,1984 Summer Paralympics (New York/Stoke Mandeville),Athletics,Women's Discus Throw A4,Gold,United States of America,Karen Farmer,https://www.paralympic.org/karen-farmer
1984,New York/Stoke Mandeville,Summer,1984 Summer Paralympics (New York/Stoke Mandeville),Athletics,Women's Discus Throw B2,Gold,United States of America,Janet Rowley,https://www.paralympic.org/janet-rowley
1984,New York/Stoke Mandeville,Summer,1984 Summer Paralympics (New York/Stoke Mandeville),Athletics,Women's Discus Throw C3,Gold,United States of America,Cecelia Pierce,https://www.paralympic.org/cecelia-pierce
1984,New York/Stoke Mandeville,Summer,1984 Summer Paralympics (New York/Stoke Mandeville),Athletics,Women's Discus Throw C3,Silver,United States of America,Manyon Lyons,https://www.paralympic.org/manyon-lyons
1984,New York/Stoke Mandeville,Summer,1984 Summer Paralympics (New York/Stoke Mandeville),Athletics,Women's Discus Throw C4,Silver,United States of America,Joan Blalark,https://www.paralympic.org/joan-blalark
1984,New York/Stoke Mandeville,Summer,1984 Summer Paralympics (New York/Stoke Mandeville),Athletics,Women's Discus Throw C6,Bronze,United States of America,Shirley Coleman,https://www.paralympic.org/shirley-coleman
1984,New York/Stoke Mandeville,Summer,1984 Summer Paralympics (New York/Stoke Mandeville),Athletics,Women's Discus Throw C8,Gold,United States of America,Ann Marie Roberts,https://www.paralympic.org/ann-marie-roberts
1984,New York/Stoke Mandeville,Summer,1984 Summer Paralympics (New York/Stoke Mandeville),Athletics,Women's Discus Throw L2,Bronze,United States of America,Mary Lou Baranski,https://www.paralympic.org/mary-lou-baranski
1984,New York/Stoke Mandeville,Summer,1984 Summer Paralympics (New York/Stoke Mandeville),Athletics,Women's Discus Throw L3,Silver,United States of America,Twyanna Caldwell,https://www.paralympic.org/twyanna-caldwell
1984,New York/Stoke Mandeville,Summer,1984 Summer Paralympics (New York/Stoke Mandeville),Athletics,Women's Discus Throw 4,Gold,United States of America,Kathryne Lynne Carlton,https://www.paralympic.org/kathryne-lynne-carlton
1984,New York/Stoke Mandeville,Summer,1984 Summer Paralympics (New York/Stoke Mandeville),Athletics,Women's Distance Throw C1,Gold,United States of America,Maureen Gaynor,https://www.paralympic.org/maureen-gaynor
1984,New York/Stoke Mandeville,Summer,1984 Summer Paralympics (New York/Stoke Mandeville),Athletics,Women's High Jump A6,Silver,United States of America,Julie Holley,https://www.paralympic.org/julie-holley
1984,New York/Stoke Mandeville,Summer,1984 Summer Paralympics (New York/Stoke Mandeville),Athletics,Women's High Jump B2,Gold,United States of America,Janet Rowley,https://www.paralympic.org/janet-rowley
1984,New York/Stoke Mandeville,Summer,1984 Summer Paralympics (New York/Stoke Mandeville),Athletics,Women's High Jump B3,Gold,United States of America,Melba Houghton,https://www.paralympic.org/melba-houghton
1984,New York/Stoke Mandeville,Summer,1984 Summer Paralympics (New York/Stoke Mandeville),Athletics,Women's Javelin A2,Bronze,United States of America,Melody Williamson,https://www.paralympic.org/melody-williamson
1984,New York/Stoke Mandeville,Summer,1984 Summer Paralympics (New York/Stoke Mandeville),Athletics,Women's Javelin A4,Silver,United States of America,Karen Farmer,https://www.paralympic.org/karen-farmer
1984,New York/Stoke Mandeville,Summer,1984 Summer Paralympics (New York/Stoke Mandeville),Athletics,Women's Javelin B2,Gold,United States of America,Karen Helmacy,https://www.paralympic.org/karen-helmacy
1984,New York/Stoke Mandeville,Summer,1984 Summer Paralympics (New York/Stoke Mandeville),Athletics,Women's Javelin B2,Bronze,United States of America,Janet Rowley,https://www.paralympic.org/janet-rowley
1984,New York/Stoke Mandeville,Summer,1984 Summer Paralympics (New York/Stoke Mandeville),Athletics,Women's Javelin B3,Gold,United States of America,Lori Johnson,https://www.paralympic.org/lori-johnson
1984,New York/Stoke Mandeville,Summer,1984 Summer Paralympics (New York/Stoke Mandeville),Athletics,Women's Javelin C8,Silver,United States of America,Deborah Hearn,https://www.paralympic.org/deborah-hearn
1984,New York/Stoke Mandeville,Summer,1984 Summer Paralympics (New York/Stoke Mandeville),Athletics,Women's Javelin L2,Silver,United States of America,Mary Lou Baranski,https://www.paralympic.org/mary-lou-baranski
1984,New York/Stoke Mandeville,Summer,1984 Summer Paralympics (New York/Stoke Mandeville),Athletics,Women's Javelin L3,Silver,United States of America,Twyanna Caldwell,https://www.paralympic.org/twyanna-caldwell
1984,New York/Stoke Mandeville,Summer,1984 Summer Paralympics (New York/Stoke Mandeville),Athletics,Women's Javelin 2,Bronze,United States of America,Annette Houk,https://www.paralympic.org/annette-houk
1984,New York/Stoke Mandeville,Summer,1984 Summer Paralympics (New York/Stoke Mandeville),Athletics,Women's Javelin 4,Silver,United States of America,Kathryne Lynne Carlton,https://www.paralympic.org/kathryne-lynne-carlton
1984,New York/Stoke Mandeville,Summer,1984 Summer Paralympics (New York/Stoke Mandeville),Athletics,Women's Long Jump B3,Silver,United States of America,Beth Bishop,https://www.paralympic.org/beth-bishop
1984,New York/Stoke Mandeville,Summer,1984 Summer Paralympics (New York/Stoke Mandeville),Athletics,Women's Marathon 2,Gold,United States of America,J. Schiff,https://www.paralympic.org/j-schiff
1984,New York/Stoke Mandeville,Summer,1984 Summer Paralympics (New York/Stoke Mandeville),Athletics,Women's Marathon 4,Bronze,United States of America,S. Norman,https://www.paralympic.org/s-norman
1984,New York/Stoke Mandeville,Summer,1984 Summer Paralympics (New York/Stoke Mandeville),Athletics,Women's Pentathlon 4,Gold,United States of America,Kathryne Lynne Carlton,https://www.paralympic.org/kathryne-lynne-carlton
1984,New York/Stoke Mandeville,Summer,1984 Summer Paralympics (New York/Stoke Mandeville),Athletics,Women's 4x100 m 2-5,Silver,United States of America,,
1984,New York/Stoke Mandeville,Summer,1984 Summer Paralympics (New York/Stoke Mandeville),Athletics,Women's 4x200 m 2-5,Gold,United States of America,,
1984,New York/Stoke Mandeville,Summer,1984 Summer Paralympics (New York/Stoke Mandeville),Athletics,Women's 4x400 m 2-5,Silver,United States of America,,
1984,New York/Stoke Mandeville,Summer,1984 Summer Paralympics (New York/Stoke Mandeville),Athletics,Women's Shot Put A4,Gold,United States of America,Karen Farmer,https://www.paralympic.org/karen-farmer
1984,New York/Stoke Mandeville,Summer,1984 Summer Paralympics (New York/Stoke Mandeville),Athletics,Women's Shot Put B2,Gold,United States of America,Janet Rowley,https://www.paralympic.org/janet-rowley
1984,New York/Stoke Mandeville,Summer,1984 Summer Paralympics (New York/Stoke Mandeville),Athletics,Women's Shot Put C8,Gold,United States of America,Ann Marie Roberts,https://www.paralympic.org/ann-marie-roberts
1984,New York/Stoke Mandeville,Summer,1984 Summer Paralympics (New York/Stoke Mandeville),Athletics,Women's Shot Put C8,Bronze,United States of America,Deborah Hearn,https://www.paralympic.org/deborah-hearn
1984,New York/Stoke Mandeville,Summer,1984 Summer Paralympics (New York/Stoke Mandeville),Athletics,Women's Shot Put L2,Bronze,United States of America,Mary Lou Baranski,https://www.paralympic.org/mary-lou-baranski
1984,New York/Stoke Mandeville,Summer,1984 Summer Paralympics (New York/Stoke Mandeville),Athletics,Women's Shot Put L3,Silver,United States of America,Twyanna Caldwell,https://www.paralympic.org/twyanna-caldwell
1984,New York/Stoke Mandeville,Summer,1984 Summer Paralympics (New York/Stoke Mandeville),Athletics,Women's Slalom 1B,Gold,United States of America,Ruth Rosenbaum,https://www.paralympic.org/ruth-rosenbaum
1984,New York/Stoke Mandeville,Summer,1984 Summer Paralympics (New York/Stoke Mandeville),Athletics,Women's Slalom C1,Gold,United States of America,Maureen Gaynor,https://www.paralympic.org/maureen-gaynor
1984,New York/Stoke Mandeville,Summer,1984 Summer Paralympics (New York/Stoke Mandeville),Athletics,Women's Slalom C2,Gold,United States of America,Nancy Anderson,https://www.paralympic.org/nancy-anderson
1984,New York/Stoke Mandeville,Summer,1984 Summer Paralympics (New York/Stoke Mandeville),Athletics,Women's Slalom C4,Silver,United States of America,Joan Blalark,https://www.paralympic.org/joan-blalark
1984,New York/Stoke Mandeville,Summer,1984 Summer Paralympics (New York/Stoke Mandeville),Athletics,Women's Slalom C4,Bronze,United States of America,Cathy Brown,https://www.paralympic.org/cathy-brown
1984,New York/Stoke Mandeville,Summer,1984 Summer Paralympics (New York/Stoke Mandeville),Athletics,Women's Slalom 3,Bronze,United States of America,J. Dilorenzo,https://www.paralympic.org/j-dilorenzo
1984,New York/Stoke Mandeville,Summer,1984 Summer Paralympics (New York/Stoke Mandeville),Athletics,Women's Slalom 4,Bronze,United States of America,Kathryne Lynne Carlton,https://www.paralympic.org/kathryne-lynne-carlton
1984,New York/Stoke Mandeville,Summer,1984 Summer Paralympics (New York/Stoke Mandeville),Athletics,Mixed 3x60 m C2-3,Gold,United States of America,,
1984,New York/Stoke Mandeville,Summer,1984 Summer Paralympics (New York/Stoke Mandeville),Boccia,Men's Individual C2,Gold,United States of America,Craig Clifton,https://www.paralympic.org/craig-clifton
1984,New York/Stoke Mandeville,Summer,1984 Summer Paralympics (New York/Stoke Mandeville),Boccia,Women's Individual C1,Silver,United States of America,Candy Demarois,https://www.paralympic.org/candy-demarois
1984,New York/Stoke Mandeville,Summer,1984 Summer Paralympics (New York/Stoke Mandeville),Boccia,Women's Individual C2,Gold,United States of America,Nancy Anderson,https://www.paralympic.org/nancy-anderson
1984,New York/Stoke Mandeville,Summer,1984 Summer Paralympics (New York/Stoke Mandeville),Boccia,Women's Individual C2,Bronze,United States of America,Jane Spitzley,https://www.paralympic.org/jane-spitzley
1984,New York/Stoke Mandeville,Summer,1984 Summer Paralympics (New York/Stoke Mandeville),Boccia,Mixed Team,Bronze,United States of America,,
1984,New York/Stoke Mandeville,Summer,1984 Summer Paralympics (New York/Stoke Mandeville),Cycling,"Men's Road Bicycle 1,500 m CP Div 4",Silver,United States of America,Richard Lufkin,https://www.paralympic.org/richard-lufkin
1984,New York/Stoke Mandeville,Summer,1984 Summer Paralympics (New York/Stoke Mandeville),Cycling,"Men's Road Bicycle 5,000 m CP Div 4",Bronze,United States of America,Richard Lufkin,https://www.paralympic.org/richard-lufkin
1984,New York/Stoke Mandeville,Summer,1984 Summer Paralympics (New York/Stoke Mandeville),Equestrian,Mixed Dressage - Advanced Walk/Trot C4-5,Silver,United States of America,Cynthia Good,https://www.paralympic.org/cynthia-good
1984,New York/Stoke Mandeville,Summer,1984 Summer Paralympics (New York/Stoke Mandeville),Equestrian,Mixed Dressage - Advanced Walk/Trot C3/6,Silver,United States of America,Steve Roloff,https://www.paralympic.org/steve-roloff
1984,New York/Stoke Mandeville,Summer,1984 Summer Paralympics (New York/Stoke Mandeville),Equestrian,Mixed Dressage - Elem./Advanced Walk C3,Gold,United States of America,Wendy Shugal,https://www.paralympic.org/wendy-shugal
1984,New York/Stoke Mandeville,Summer,1984 Summer Paralympics (New York/Stoke Mandeville),Equestrian,Mixed Dressage - Elem./Advanced Walk C3,Silver,United States of America,Tim Saxton,https://www.paralympic.org/tim-saxton
1984,New York/Stoke Mandeville,Summer,1984 Summer Paralympics (New York/Stoke Mandeville),Equestrian,Mixed Dressage - Elementary Walk C1-2,Gold,United States of America,Tim Saxton,https://www.paralympic.org/tim-saxton
1984,New York/Stoke Mandeville,Summer,1984 Summer Paralympics (New York/Stoke Mandeville),Equestrian,Mixed Dressage - Elementary Walk/Trot C4-5,Silver,United States of America,Cynthia Good,https://www.paralympic.org/cynthia-good
1984,New York/Stoke Mandeville,Summer,1984 Summer Paralympics (New York/Stoke Mandeville),Equestrian,Mixed Dressage - Elementary Walk/Trot C3/6,Gold,United States of America,Steve Roloff,https://www.paralympic.org/steve-roloff
1984,New York/Stoke Mandeville,Summer,1984 Summer Paralympics (New York/Stoke Mandeville),Equestrian,Mixed Dressage - Elementary Walk/Trot C3/6,Silver,United States of America,Wendy Shugal,https://www.paralympic.org/wendy-shugal
1984,New York/Stoke Mandeville,Summer,1984 Summer Paralympics (New York/Stoke Mandeville),Equestrian,Mixed Inst level test 1 Open,Gold,United States of America,Kurt Krueger,https://www.paralympic.org/kurt-krueger
1984,New York/Stoke Mandeville,Summer,1984 Summer Paralympics (New York/Stoke Mandeville),Equestrian,Mixed Inst level test 1 Open,Silver,United States of America,Susan Ragowski,https://www.paralympic.org/susan-ragowski
1984,New York/Stoke Mandeville,Summer,1984 Summer Paralympics (New York/Stoke Mandeville),Equestrian,Mixed Obstacle Course - Relay Race Open,Bronze,United States of America,,
1984,New York/Stoke Mandeville,Summer,1984 Summer Paralympics (New York/Stoke Mandeville),Equestrian,Mixed Obstacle Course - Walk C1-3,Gold,United States of America,Tim Saxton,https://www.paralympic.org/tim-saxton
1984,New York/Stoke Mandeville,Summer,1984 Summer Paralympics (New York/Stoke Mandeville),Equestrian,Mixed Obstacle Course - Walk/Trot C4-8,Silver,United States of America,Cynthia Good,https://www.paralympic.org/cynthia-good
1984,New York/Stoke Mandeville,Summer,1984 Summer Paralympics (New York/Stoke Mandeville),Football 7 Side,Men's Tournament Wheelchair,Gold,United States of America,,
1984,New York/Stoke Mandeville,Summer,1984 Summer Paralympics (New York/Stoke Mandeville),Goalball,Men's Tournament,Gold,United States of America,,
1984,New York/Stoke Mandeville,Summer,1984 Summer Paralympics (New York/Stoke Mandeville),Goalball,Women's Tournament,Gold,United States of America,,
1984,New York/Stoke Mandeville,Summer,1984 Summer Paralympics (New York/Stoke Mandeville),Lawn Bowls,Women's Singles A2/4,Bronze,United States of America,Melody Williamson,https://www.paralympic.org/melody-williamson
1984,New York/Stoke Mandeville,Summer,1984 Summer Paralympics (New York/Stoke Mandeville),Powerlifting,Men's -52 kg,Gold,United States of America,Alfred Dore,https://www.paralympic.org/alfred-dore
1984,New York/Stoke Mandeville,Summer,1984 Summer Paralympics (New York/Stoke Mandeville),Powerlifting,Men's -60 kg,Gold,United States of America,Dean Houle,https://www.paralympic.org/dean-houle
1984,New York/Stoke Mandeville,Summer,1984 Summer Paralympics (New York/Stoke Mandeville),Powerlifting,Men's -75 kg,Silver,United States of America,Juan Dixon,https://www.paralympic.org/juan-dixon
1984,New York/Stoke Mandeville,Summer,1984 Summer Paralympics (New York/Stoke Mandeville),Powerlifting,Men's -82.5 kg,Bronze,United States of America,Tom Becke,https://www.paralympic.org/tom-becke
1984,New York/Stoke Mandeville,Summer,1984 Summer Paralympics (New York/Stoke Mandeville),Powerlifting,Men's +90 kg,Gold,United States of America,Charles Reid,https://www.paralympic.org/charles-reid
1984,New York/Stoke Mandeville,Summer,1984 Summer Paralympics (New York/Stoke Mandeville),Shooting,Men's Air Rifle Kneeling 1A-1C,Bronze,United States of America,West Brownlow,https://www.paralympic.org/west-brownlow
1984,New York/Stoke Mandeville,Summer,1984 Summer Paralympics (New York/Stoke Mandeville),Shooting,Men's Air Pistol 1A-1C,Bronze,United States of America,West Brownlow,https://www.paralympic.org/west-brownlow
1984,New York/Stoke Mandeville,Summer,1984 Summer Paralympics (New York/Stoke Mandeville),Shooting,Men's Air Rifle Prone 2-6,Gold,United States of America,R. Withrow,https://www.paralympic.org/r-withrow
1984,New York/Stoke Mandeville,Summer,1984 Summer Paralympics (New York/Stoke Mandeville),Swimming,Men's 50 m Backstroke C8,Silver,United States of America,Charles Mowery,https://www.paralympic.org/charles-mowery
1984,New York/Stoke Mandeville,Summer,1984 Summer Paralympics (New York/Stoke Mandeville),Swimming,Men's 100 m Backstroke A3,Bronze,United States of America,Dave Reynolds,https://www.paralympic.org/dave-reynolds
1984,New York/Stoke Mandeville,Summer,1984 Summer Paralympics (New York/Stoke Mandeville),Swimming,Men's 100 m Backstroke B2,Silver,United States of America,Todd Hodgin,https://www.paralympic.org/todd-hodgin
1984,New York/Stoke Mandeville,Summer,1984 Summer Paralympics (New York/Stoke Mandeville),Swimming,Men's 100 m Backstroke B3,Bronze,United States of America,Brian Hudson,https://www.paralympic.org/brian-hudson
1984,New York/Stoke Mandeville,Summer,1984 Summer Paralympics (New York/Stoke Mandeville),Swimming,Men's 25 m Backstroke 1C,Silver,United States of America,D. Goodman,https://www.paralympic.org/d-goodman
1984,New York/Stoke Mandeville,Summer,1984 Summer Paralympics (New York/Stoke Mandeville),Swimming,Men's 50 m Breaststroke B1,Silver,United States of America,Keith Zoller,https://www.paralympic.org/keith-zoller
1984,New York/Stoke Mandeville,Summer,1984 Summer Paralympics (New York/Stoke Mandeville),Swimming,Men's 50 m Breaststroke B3,Gold,United States of America,Robert Hatcher,https://www.paralympic.org/robert-hatcher
1984,New York/Stoke Mandeville,Summer,1984 Summer Paralympics (New York/Stoke Mandeville),Swimming,Men's 50 m Breaststroke C8,Gold,United States of America,Charles Mowery,https://www.paralympic.org/charles-mowery
1984,New York/Stoke Mandeville,Summer,1984 Summer Paralympics (New York/Stoke Mandeville),Swimming,Men's 50 m Breaststroke 3,Bronze,United States of America,Ian Jaquiss,https://www.paralympic.org/ian-jaquiss
1984,New York/Stoke Mandeville,Summer,1984 Summer Paralympics (New York/Stoke Mandeville),Swimming,Men's 100 m Breaststroke B3,Silver,United States of America,Brian Hudson,https://www.paralympic.org/brian-hudson
1984,New York/Stoke Mandeville,Summer,1984 Summer Paralympics (New York/Stoke Mandeville),Swimming,Men's 400 m Breaststroke B1,Bronze,United States of America,Rodney Hyder,https://www.paralympic.org/rodney-hyder
1984,New York/Stoke Mandeville,Summer,1984 Summer Paralympics (New York/Stoke Mandeville),Swimming,Men's 400 m Breaststroke B3,Silver,United States of America,Brian Hudson,https://www.paralympic.org/brian-hudson
1984,New York/Stoke Mandeville,Summer,1984 Summer Paralympics (New York/Stoke Mandeville),Swimming,Men's 25 m Breaststroke 1B,Bronze,United States of America,Rick Mason,https://www.paralympic.org/rick-mason
1984,New York/Stoke Mandeville,Summer,1984 Summer Paralympics (New York/Stoke Mandeville),Swimming,Men's 25 m Breaststroke 1C,Silver,United States of America,D. Goodman,https://www.paralympic.org/d-goodman
1984,New York/Stoke Mandeville,Summer,1984 Summer Paralympics (New York/Stoke Mandeville),Swimming,Men's 100 m Butterfly B2,Gold,United States of America,John Morgan,https://www.paralympic.org/john-morgan
1984,New York/Stoke Mandeville,Summer,1984 Summer Paralympics (New York/Stoke Mandeville),Swimming,Men's 100 m Butterfly B3,Bronze,United States of America,Brian Hudson,https://www.paralympic.org/brian-hudson
1984,New York/Stoke Mandeville,Summer,1984 Summer Paralympics (New York/Stoke Mandeville),Swimming,Men's 25 m Butterfly 1B,Gold,United States of America,S. Green,https://www.paralympic.org/s-green
1984,New York/Stoke Mandeville,Summer,1984 Summer Paralympics (New York/Stoke Mandeville),Swimming,Men's 25 m Butterfly 1B,Bronze,United States of America,Rick Mason,https://www.paralympic.org/rick-mason
1984,New York/Stoke Mandeville,Summer,1984 Summer Paralympics (New York/Stoke Mandeville),Swimming,Men's 25 m Butterfly 1C,Bronze,United States of America,D. Goodman,https://www.paralympic.org/d-goodman
1984,New York/Stoke Mandeville,Summer,1984 Summer Paralympics (New York/Stoke Mandeville),Swimming,Men's 25 m Butterfly 3,Bronze,United States of America,Ian Jaquiss,https://www.paralympic.org/ian-jaquiss
1984,New York/Stoke Mandeville,Summer,1984 Summer Paralympics (New York/Stoke Mandeville),Swimming,Men's 100 m Freestyle A3,Silver,United States of America,Dave Reynolds,https://www.paralympic.org/dave-reynolds
1984,New York/Stoke Mandeville,Summer,1984 Summer Paralympics (New York/Stoke Mandeville),Swimming,Men's 100 m Freestyle B2,Gold,United States of America,John Morgan,https://www.paralympic.org/john-morgan
1984,New York/Stoke Mandeville,Summer,1984 Summer Paralympics (New York/Stoke Mandeville),Swimming,Men's 100 m Freestyle B3,Silver,United States of America,Richard Ropka,https://www.paralympic.org/richard-ropka
1984,New York/Stoke Mandeville,Summer,1984 Summer Paralympics (New York/Stoke Mandeville),Swimming,Men's 100 m Freestyle C4,Bronze,United States of America,Steve Marossy,https://www.paralympic.org/steve-marossy
1984,New York/Stoke Mandeville,Summer,1984 Summer Paralympics (New York/Stoke Mandeville),Swimming,Men's 400 m Freestyle B2,Gold,United States of America,John Morgan,https://www.paralympic.org/john-morgan
1984,New York/Stoke Mandeville,Summer,1984 Summer Paralympics (New York/Stoke Mandeville),Swimming,Men's 50 m Freestyle B1,Gold,United States of America,Rodney Hyder,https://www.paralympic.org/rodney-hyder
1984,New York/Stoke Mandeville,Summer,1984 Summer Paralympics (New York/Stoke Mandeville),Swimming,Men's 50 m Freestyle B2,Silver,United States of America,Todd Hodgin,https://www.paralympic.org/todd-hodgin
1984,New York/Stoke Mandeville,Summer,1984 Summer Paralympics (New York/Stoke Mandeville),Swimming,Men's 50 m Freestyle B2,Bronze,United States of America,Chris Hogans,https://www.paralympic.org/chris-hogans
1984,New York/Stoke Mandeville,Summer,1984 Summer Paralympics (New York/Stoke Mandeville),Swimming,Men's 50 m Freestyle B3,Gold,United States of America,Robert Hatcher,https://www.paralympic.org/robert-hatcher
1984,New York/Stoke Mandeville,Summer,1984 Summer Paralympics (New York/Stoke Mandeville),Swimming,Men's 50 m Freestyle C4,Bronze,United States of America,Steve Marossy,https://www.paralympic.org/steve-marossy
1984,New York/Stoke Mandeville,Summer,1984 Summer Paralympics (New York/Stoke Mandeville),Swimming,Men's 50 m Freestyle L3,Bronze,United States of America,Bill Lehr,https://www.paralympic.org/bill-lehr
1984,New York/Stoke Mandeville,Summer,1984 Summer Paralympics (New York/Stoke Mandeville),Swimming,Men's 200 m Individual Medley A3,Bronze,United States of America,Dave Reynolds,https://www.paralympic.org/dave-reynolds
1984,New York/Stoke Mandeville,Summer,1984 Summer Paralympics (New York/Stoke Mandeville),Swimming,Men's 200 m Individual Medley B2,Gold,United States of America,John Morgan,https://www.paralympic.org/john-morgan
1984,New York/Stoke Mandeville,Summer,1984 Summer Paralympics (New York/Stoke Mandeville),Swimming,Men's 200 m Individual Medley B3,Bronze,United States of America,Brian Hudson,https://www.paralympic.org/brian-hudson
1984,New York/Stoke Mandeville,Summer,1984 Summer Paralympics (New York/Stoke Mandeville),Swimming,Men's 400 m Individual Medley B1,Bronze,United States of America,Mark Heaphy,https://www.paralympic.org/mark-heaphy
1984,New York/Stoke Mandeville,Summer,1984 Summer Paralympics (New York/Stoke Mandeville),Swimming,Men's 400 m Individual Medley B2,Gold,United States of America,John Morgan,https://www.paralympic.org/john-morgan
1984,New York/Stoke Mandeville,Summer,1984 Summer Paralympics (New York/Stoke Mandeville),Swimming,Men's 400 m Individual Medley B3,Silver,United States of America,Robert Hatcher,https://www.paralympic.org/robert-hatcher
1984,New York/Stoke Mandeville,Summer,1984 Summer Paralympics (New York/Stoke Mandeville),Swimming,Men's 4x100 m Freestyle Relay B1-B3,Gold,United States of America,,
1984,New York/Stoke Mandeville,Summer,1984 Summer Paralympics (New York/Stoke Mandeville),Swimming,Men's 4x100 m Medley Relay B1-B3,Silver,United States of America,,
1984,New York/Stoke Mandeville,Summer,1984 Summer Paralympics (New York/Stoke Mandeville),Swimming,Men's 25 m Freestyle 1B,Silver,United States of America,S. Green,https://www.paralympic.org/s-green
1984,New York/Stoke Mandeville,Summer,1984 Summer Paralympics (New York/Stoke Mandeville),Swimming,Men's 25 m Freestyle 1B,Bronze,United States of America,Rick Mason,https://www.paralympic.org/rick-mason
1984,New York/Stoke Mandeville,Summer,1984 Summer Paralympics (New York/Stoke Mandeville),Swimming,Men's 25 m Freestyle 1C,Bronze,United States of America,D. Goodman,https://www.paralympic.org/d-goodman
1984,New York/Stoke Mandeville,Summer,1984 Summer Paralympics (New York/Stoke Mandeville),Swimming,Men's 25 m Freestyle C2,Bronze,United States of America,Bill Reilly,https://www.paralympic.org/bill-reilly
1984,New York/Stoke Mandeville,Summer,1984 Summer Paralympics (New York/Stoke Mandeville),Swimming,Men's 25 m Freestyle with Aids C1,Gold,United States of America,Rick Resa,https://www.paralympic.org/rick-resa
1984,New York/Stoke Mandeville,Summer,1984 Summer Paralympics (New York/Stoke Mandeville),Swimming,Men's 25 m Freestyle with Aids C2,Gold,United States of America,Mike Bowen,https://www.paralympic.org/mike-bowen
1984,New York/Stoke Mandeville,Summer,1984 Summer Paralympics (New York/Stoke Mandeville),Swimming,Men's 3x25 m Individual Medley 1C,Bronze,United States of America,D. Goodman,https://www.paralympic.org/d-goodman
1984,New York/Stoke Mandeville,Summer,1984 Summer Paralympics (New York/Stoke Mandeville),Swimming,Women's 50 m Backstroke C8,Silver,United States of America,Linda Nilson,https://www.paralympic.org/linda-nilson
1984,New York/Stoke Mandeville,Summer,1984 Summer Paralympics (New York/Stoke Mandeville),Swimming,Women's 50 m Backstroke C8,Bronze,United States of America,Gayle Ginnish,https://www.paralympic.org/gayle-ginnish
1984,New York/Stoke Mandeville,Summer,1984 Summer Paralympics (New York/Stoke Mandeville),Swimming,Women's 100 m Backstroke A1,Silver,United States of America,Cheryl Anderson,https://www.paralympic.org/cheryl-anderson
1984,New York/Stoke Mandeville,Summer,1984 Summer Paralympics (New York/Stoke Mandeville),Swimming,Women's 100 m Backstroke B2,Gold,United States of America,Trischa Zorn,https://www.paralympic.org/trischa-zorn
1984,New York/Stoke Mandeville,Summer,1984 Summer Paralympics (New York/Stoke Mandeville),Swimming,Women's 100 m Backstroke B3,Gold,United States of America,Barbara Eiler,https://www.paralympic.org/barbara-eiler
1984,New York/Stoke Mandeville,Summer,1984 Summer Paralympics (New York/Stoke Mandeville),Swimming,Women's 100 m Backstroke B3,Silver,United States of America,Cathy Schmitt,https://www.paralympic.org/cathy-schmitt
1984,New York/Stoke Mandeville,Summer,1984 Summer Paralympics (New York/Stoke Mandeville),Swimming,Women's 100 m Backstroke B3,Bronze,United States of America,Marie Vanliere,https://www.paralympic.org/marie-vanliere
1984,New York/Stoke Mandeville,Summer,1984 Summer Paralympics (New York/Stoke Mandeville),Swimming,Women's 100 m Backstroke C7,Bronze,United States of America,Susan Moucha,https://www.paralympic.org/susan-moucha
1984,New York/Stoke Mandeville,Summer,1984 Summer Paralympics (New York/Stoke Mandeville),Swimming,Women's 100 m Backstroke C8,Bronze,United States of America,Linda Nilson,https://www.paralympic.org/linda-nilson
1984,New York/Stoke Mandeville,Summer,1984 Summer Paralympics (New York/Stoke Mandeville),Swimming,Women's 100 m Backstroke 4,Gold,United States of America,M. Bevard,https://www.paralympic.org/m-bevard
1984,New York/Stoke Mandeville,Summer,1984 Summer Paralympics (New York/Stoke Mandeville),Swimming,Women's 25 m Backstroke L2,Bronze,United States of America,Mary Lou Baranski,https://www.paralympic.org/mary-lou-baranski
1984,New York/Stoke Mandeville,Summer,1984 Summer Paralympics (New York/Stoke Mandeville),Swimming,Women's 50 m Breaststroke B2,Gold,United States of America,Jean Witters,https://www.paralympic.org/jean-witters
1984,New York/Stoke Mandeville,Summer,1984 Summer Paralympics (New York/Stoke Mandeville),Swimming,Women's 50 m Breaststroke B2,Silver,United States of America,Norma Brown,https://www.paralympic.org/norma-brown
1984,New York/Stoke Mandeville,Summer,1984 Summer Paralympics (New York/Stoke Mandeville),Swimming,Women's 50 m Breaststroke B3,Gold,United States of America,Marie Vanliere,https://www.paralympic.org/marie-vanliere
1984,New York/Stoke Mandeville,Summer,1984 Summer Paralympics (New York/Stoke Mandeville),Swimming,Women's 50 m Breaststroke B3,Silver,United States of America,Tonia McHugh,https://www.paralympic.org/tonia-mchugh
1984,New York/Stoke Mandeville,Summer,1984 Summer Paralympics (New York/Stoke Mandeville),Swimming,Women's 50 m Breaststroke B3,Bronze,United States of America,Kristy Satterfield,https://www.paralympic.org/kristy-satterfield
1984,New York/Stoke Mandeville,Summer,1984 Summer Paralympics (New York/Stoke Mandeville),Swimming,Women's 100 m Breaststroke A1,Gold,United States of America,Cheryl Anderson,https://www.paralympic.org/cheryl-anderson
1984,New York/Stoke Mandeville,Summer,1984 Summer Paralympics (New York/Stoke Mandeville),Swimming,Women's 100 m Breaststroke A2,Gold,United States of America,Jan Wilson,https://www.paralympic.org/jan-wilson
1984,New York/Stoke Mandeville,Summer,1984 Summer Paralympics (New York/Stoke Mandeville),Swimming,Women's 100 m Breaststroke B2,Gold,United States of America,Vurah Runyon,https://www.paralympic.org/vurah-runyon
1984,New York/Stoke Mandeville,Summer,1984 Summer Paralympics (New York/Stoke Mandeville),Swimming,Women's 100 m Breaststroke B3,Silver,United States of America,Cathy Schmitt,https://www.paralympic.org/cathy-schmitt
1984,New York/Stoke Mandeville,Summer,1984 Summer Paralympics (New York/Stoke Mandeville),Swimming,Women's 100 m Breaststroke 4,Gold,United States of America,M. Bevard,https://www.paralympic.org/m-bevard
1984,New York/Stoke Mandeville,Summer,1984 Summer Paralympics (New York/Stoke Mandeville),Swimming,Women's 400 m Breaststroke B3,Gold,United States of America,Cathy Schmitt,https://www.paralympic.org/cathy-schmitt
1984,New York/Stoke Mandeville,Summer,1984 Summer Paralympics (New York/Stoke Mandeville),Swimming,Women's 400 m Breaststroke B3,Silver,United States of America,Lori Johnson,https://www.paralympic.org/lori-johnson
1984,New York/Stoke Mandeville,Summer,1984 Summer Paralympics (New York/Stoke Mandeville),Swimming,Women's 400 m Breaststroke B3,Bronze,United States of America,Marie Vanliere,https://www.paralympic.org/marie-vanliere
1984,New York/Stoke Mandeville,Summer,1984 Summer Paralympics (New York/Stoke Mandeville),Swimming,Women's 25 m Breaststroke 1B,Bronze,United States of America,B. Smith,https://www.paralympic.org/b-smith-0
1984,New York/Stoke Mandeville,Summer,1984 Summer Paralympics (New York/Stoke Mandeville),Swimming,Women's 50 m Butterfly 4,Gold,United States of America,M. Bevard,https://www.paralympic.org/m-bevard
1984,New York/Stoke Mandeville,Summer,1984 Summer Paralympics (New York/Stoke Mandeville),Swimming,Women's 100 m Butterfly A2,Silver,United States of America,Jan Wilson,https://www.paralympic.org/jan-wilson
1984,New York/Stoke Mandeville,Summer,1984 Summer Paralympics (New York/Stoke Mandeville),Swimming,Women's 100 m Butterfly B2,Gold,United States of America,Trischa Zorn,https://www.paralympic.org/trischa-zorn
1984,New York/Stoke Mandeville,Summer,1984 Summer Paralympics (New York/Stoke Mandeville),Swimming,Women's 100 m Butterfly B3,Gold,United States of America,Barbara Eiler,https://www.paralympic.org/barbara-eiler
1984,New York/Stoke Mandeville,Summer,1984 Summer Paralympics (New York/Stoke Mandeville),Swimming,Women's 25 m Butterfly 1B,Bronze,United States of America,B. Smith,https://www.paralympic.org/b-smith-0
1984,New York/Stoke Mandeville,Summer,1984 Summer Paralympics (New York/Stoke Mandeville),Swimming,Women's 100 m Freestyle A1,Silver,United States of America,Cheryl Anderson,https://www.paralympic.org/cheryl-anderson
1984,New York/Stoke Mandeville,Summer,1984 Summer Paralympics (New York/Stoke Mandeville),Swimming,Women's 100 m Freestyle A2,Bronze,United States of America,Jan Wilson,https://www.paralympic.org/jan-wilson
1984,New York/Stoke Mandeville,Summer,1984 Summer Paralympics (New York/Stoke Mandeville),Swimming,Women's 100 m Freestyle A9,Bronze,United States of America,Terri Turnbull,https://www.paralympic.org/terri-turnbull
1984,New York/Stoke Mandeville,Summer,1984 Summer Paralympics (New York/Stoke Mandeville),Swimming,Women's 100 m Freestyle B2,Gold,United States of America,Trischa Zorn,https://www.paralympic.org/trischa-zorn
1984,New York/Stoke Mandeville,Summer,1984 Summer Paralympics (New York/Stoke Mandeville),Swimming,Women's 100 m Freestyle B3,Gold,United States of America,Barbara Eiler,https://www.paralympic.org/barbara-eiler
1984,New York/Stoke Mandeville,Summer,1984 Summer Paralympics (New York/Stoke Mandeville),Swimming,Women's 100 m Freestyle C7,Bronze,United States of America,Susan Moucha,https://www.paralympic.org/susan-moucha
1984,New York/Stoke Mandeville,Summer,1984 Summer Paralympics (New York/Stoke Mandeville),Swimming,Women's 100 m Freestyle C8,Bronze,United States of America,Gayle Ginnish,https://www.paralympic.org/gayle-ginnish
1984,New York/Stoke Mandeville,Summer,1984 Summer Paralympics (New York/Stoke Mandeville),Swimming,Women's 100 m Freestyle 4,Gold,United States of America,M. Bevard,https://www.paralympic.org/m-bevard
1984,New York/Stoke Mandeville,Summer,1984 Summer Paralympics (New York/Stoke Mandeville),Swimming,Women's 400 m Freestyle A2,Bronze,United States of America,Jan Wilson,https://www.paralympic.org/jan-wilson
1984,New York/Stoke Mandeville,Summer,1984 Summer Paralympics (New York/Stoke Mandeville),Swimming,Women's 400 m Freestyle B2,Bronze,United States of America,Vurah Runyon,https://www.paralympic.org/vurah-runyon
1984,New York/Stoke Mandeville,Summer,1984 Summer Paralympics (New York/Stoke Mandeville),Swimming,Women's 400 m Freestyle 4,Gold,United States of America,M. Bevard,https://www.paralympic.org/m-bevard
1984,New York/Stoke Mandeville,Summer,1984 Summer Paralympics (New York/Stoke Mandeville),Swimming,Women's 50 m Freestyle B2,Silver,United States of America,Norma Brown,https://www.paralympic.org/norma-brown
1984,New York/Stoke Mandeville,Summer,1984 Summer Paralympics (New York/Stoke Mandeville),Swimming,Women's 50 m Freestyle B2,Bronze,United States of America,Jean Witters,https://www.paralympic.org/jean-witters
1984,New York/Stoke Mandeville,Summer,1984 Summer Paralympics (New York/Stoke Mandeville),Swimming,Women's 50 m Freestyle B3,Gold,United States of America,Lori Johnson,https://www.paralympic.org/lori-johnson
1984,New York/Stoke Mandeville,Summer,1984 Summer Paralympics (New York/Stoke Mandeville),Swimming,Women's 50 m Freestyle B3,Bronze,United States of America,Tonia McHugh,https://www.paralympic.org/tonia-mchugh
1984,New York/Stoke Mandeville,Summer,1984 Summer Paralympics (New York/Stoke Mandeville),Swimming,Women's 50 m Freestyle C3,Silver,United States of America,Wendy Shugol,https://www.paralympic.org/wendy-shugol
1984,New York/Stoke Mandeville,Summer,1984 Summer Paralympics (New York/Stoke Mandeville),Swimming,Women's 50 m Freestyle C7,Bronze,United States of America,Susan Moucha,https://www.paralympic.org/susan-moucha
1984,New York/Stoke Mandeville,Summer,1984 Summer Paralympics (New York/Stoke Mandeville),Swimming,Women's 200 m Individual Medley A1,Gold,United States of America,Cheryl Anderson,https://www.paralympic.org/cheryl-anderson
1984,New York/Stoke Mandeville,Summer,1984 Summer Paralympics (New York/Stoke Mandeville),Swimming,Women's 200 m Individual Medley A2,Bronze,United States of America,Jan Wilson,https://www.paralympic.org/jan-wilson
1984,New York/Stoke Mandeville,Summer,1984 Summer Paralympics (New York/Stoke Mandeville),Swimming,Women's 200 m Individual Medley B2,Gold,United States of America,Trischa Zorn,https://www.paralympic.org/trischa-zorn
1984,New York/Stoke Mandeville,Summer,1984 Summer Paralympics (New York/Stoke Mandeville),Swimming,Women's 200 m Individual Medley B3,Gold,United States of America,Barbara Eiler,https://www.paralympic.org/barbara-eiler
1984,New York/Stoke Mandeville,Summer,1984 Summer Paralympics (New York/Stoke Mandeville),Swimming,Women's 4x50 m Individual Medley 4,Gold,United States of America,M. Bevard,https://www.paralympic.org/m-bevard
1984,New York/Stoke Mandeville,Summer,1984 Summer Paralympics (New York/Stoke Mandeville),Swimming,Women's 400 m Individual Medley B2,Gold,United States of America,Trischa Zorn,https://www.paralympic.org/trischa-zorn
1984,New York/Stoke Mandeville,Summer,1984 Summer Paralympics (New York/Stoke Mandeville),Swimming,Women's 400 m Individual Medley B3,Gold,United States of America,Cathy Schmitt,https://www.paralympic.org/cathy-schmitt
1984,New York/Stoke Mandeville,Summer,1984 Summer Paralympics (New York/Stoke Mandeville),Swimming,Women's 400 m Individual Medley B3,Bronze,United States of America,Marie Vanliere,https://www.paralympic.org/marie-vanliere
1984,New York/Stoke Mandeville,Summer,1984 Summer Paralympics (New York/Stoke Mandeville),Swimming,Women's 4x50 m Freestyle Relay C1-C8,Silver,United States of America,,
1984,New York/Stoke Mandeville,Summer,1984 Summer Paralympics (New York/Stoke Mandeville),Swimming,Women's 4x100 m Freestyle Relay A1-A9,Silver,United States of America,,
1984,New York/Stoke Mandeville,Summer,1984 Summer Paralympics (New York/Stoke Mandeville),Swimming,Women's 4x100 m Freestyle Relay B1-B3,Silver,United States of America,,
1984,New York/Stoke Mandeville,Summer,1984 Summer Paralympics (New York/Stoke Mandeville),Swimming,Women's 4x100 m Medley Relay A1-A9,Silver,United States of America,,
1984,New York/Stoke Mandeville,Summer,1984 Summer Paralympics (New York/Stoke Mandeville),Swimming,Women's 4x100 m Medley Relay B1-B3,Gold,United States of America,,
1984,New York/Stoke Mandeville,Summer,1984 Summer Paralympics (New York/Stoke Mandeville),Swimming,Women's 25 m Freestyle C2,Silver,United States of America,Nancy Anderson,https://www.paralympic.org/nancy-anderson
1984,New York/Stoke Mandeville,Summer,1984 Summer Paralympics (New York/Stoke Mandeville),Swimming,Women's 25 m Freestyle C3,Silver,United States of America,Wendy Shugol,https://www.paralympic.org/wendy-shugol
1984,New York/Stoke Mandeville,Summer,1984 Summer Paralympics (New York/Stoke Mandeville),Swimming,Women's 25 m Freestyle L2,Bronze,United States of America,Mary Lou Baranski,https://www.paralympic.org/mary-lou-baranski
1984,New York/Stoke Mandeville,Summer,1984 Summer Paralympics (New York/Stoke Mandeville),Swimming,Women's 3x25 m Individual Medley 1B,Bronze,United States of America,B. Smith,https://www.paralympic.org/b-smith-0
1984,New York/Stoke Mandeville,Summer,1984 Summer Paralympics (New York/Stoke Mandeville),Table Tennis,Men's Singles 4,Bronze,United States of America,Michael Dempsey,https://www.paralympic.org/michael-dempsey
1984,New York/Stoke Mandeville,Summer,1984 Summer Paralympics (New York/Stoke Mandeville),Table Tennis,Men's Singles L2,Silver,United States of America,M. Stephens,https://www.paralympic.org/m-stephens
1984,New York/Stoke Mandeville,Summer,1984 Summer Paralympics (New York/Stoke Mandeville),Table Tennis,Men's Singles L5,Silver,United States of America,Marcelino Monesterial,https://www.paralympic.org/marcelino-monesterial
1984,New York/Stoke Mandeville,Summer,1984 Summer Paralympics (New York/Stoke Mandeville),Table Tennis,Men's Teams 1A,Silver,United States of America,,
1984,New York/Stoke Mandeville,Summer,1984 Summer Paralympics (New York/Stoke Mandeville),Table Tennis,Women's Singles 3,Silver,United States of America,J. Brown,https://www.paralympic.org/j-brown
1984,New York/Stoke Mandeville,Summer,1984 Summer Paralympics (New York/Stoke Mandeville),Table Tennis,Women's Teams 1A-C,Silver,United States of America,,
1984,New York/Stoke Mandeville,Summer,1984 Summer Paralympics (New York/Stoke Mandeville),Wrestling,Men's -48 kg,Silver,United States of America,Shaible,https://www.paralympic.org/shaible
1984,New York/Stoke Mandeville,Summer,1984 Summer Paralympics (New York/Stoke Mandeville),Wrestling,Men's -52 kg,Gold,United States of America,Darly Podacheenie,https://www.paralympic.org/darly-podacheenie
1984,New York/Stoke Mandeville,Summer,1984 Summer Paralympics (New York/Stoke Mandeville),Wrestling,Men's -57 kg,Gold,United States of America,Ken Sparks,https://www.paralympic.org/ken-sparks
1984,New York/Stoke Mandeville,Summer,1984 Summer Paralympics (New York/Stoke Mandeville),Wrestling,Men's -62 kg,Gold,United States of America,Keith West,https://www.paralympic.org/keith-west
1984,New York/Stoke Mandeville,Summer,1984 Summer Paralympics (New York/Stoke Mandeville),Wrestling,Men's -68 kg,Silver,United States of America,Winford Haynes,https://www.paralympic.org/winford-haynes
1984,New York/Stoke Mandeville,Summer,1984 Summer Paralympics (New York/Stoke Mandeville),Wrestling,Men's -74 kg,Gold,United States of America,Jack Gibbs,https://www.paralympic.org/jack-gibbs
1984,New York/Stoke Mandeville,Summer,1984 Summer Paralympics (New York/Stoke Mandeville),Wrestling,Men's -82 kg,Gold,United States of America,George Morris,https://www.paralympic.org/george-morris
1984,New York/Stoke Mandeville,Summer,1984 Summer Paralympics (New York/Stoke Mandeville),Wrestling,Men's -90 kg,Gold,United States of America,Garland Burress,https://www.paralympic.org/garland-burress
1984,New York/Stoke Mandeville,Summer,1984 Summer Paralympics (New York/Stoke Mandeville),Wrestling,Men's -100 kg,Gold,United States of America,James Mastro,https://www.paralympic.org/james-mastro
1984,New York/Stoke Mandeville,Summer,1984 Summer Paralympics (New York/Stoke Mandeville),Weightlifting,Men's -51 kg Paraplegic,Bronze,United States of America,M. Knutson,https://www.paralympic.org/m-knutson
1984,New York/Stoke Mandeville,Summer,1984 Summer Paralympics (New York/Stoke Mandeville),Weightlifting,Men's -75 kg Integrated,Silver,United States of America,Donald Deutsch,https://www.paralympic.org/donald-deutsch
1984,New York/Stoke Mandeville,Summer,1984 Summer Paralympics (New York/Stoke Mandeville),Weightlifting,Men's -75 kg Paraplegic,Gold,United States of America,Charles Roedelbronn,https://www.paralympic.org/charles-roedelbronn
1984,New York/Stoke Mandeville,Summer,1984 Summer Paralympics (New York/Stoke Mandeville),Weightlifting,Men's -85 kg Paraplegic,Bronze,United States of America,Mitchell Strickland,https://www.paralympic.org/mitchell-strickland
1984,New York/Stoke Mandeville,Summer,1984 Summer Paralympics (New York/Stoke Mandeville),Weightlifting,Men's +95 kg Integrated,Silver,United States of America,David Bowers,https://www.paralympic.org/david-bowers
1984,Innsbruck,Winter,1984 Winter Paralympics (Innsbruck),Alpine Skiing,Men's Alpine Combination LW3,Gold,United States of America,Paul Dibello,https://www.paralympic.org/paul-dibello
1984,Innsbruck,Winter,1984 Winter Paralympics (Innsbruck),Alpine Skiing,Men's Alpine Combination LW3,Silver,United States of America,Jack Benedick,https://www.paralympic.org/jack-benedick
1984,Innsbruck,Winter,1984 Winter Paralympics (Innsbruck),Alpine Skiing,Men's Alpine Combination B1,Bronze,United States of America,Mike May,https://www.paralympic.org/mike-may
1984,Innsbruck,Winter,1984 Winter Paralympics (Innsbruck),Alpine Skiing,Men's Downhill LW1,Silver,United States of America,Andy Fasth,https://www.paralympic.org/andy-fasth
1984,Innsbruck,Winter,1984 Winter Paralympics (Innsbruck),Alpine Skiing,Men's Downhill LW3,Gold,United States of America,Paul Dibello,https://www.paralympic.org/paul-dibello
1984,Innsbruck,Winter,1984 Winter Paralympics (Innsbruck),Alpine Skiing,Men's Downhill B1,Bronze,United States of America,Mike May,https://www.paralympic.org/mike-may
1984,Innsbruck,Winter,1984 Winter Paralympics (Innsbruck),Alpine Skiing,Men's Giant Slalom LW1,Silver,United States of America,Andy Fasth,https://www.paralympic.org/andy-fasth
1984,Innsbruck,Winter,1984 Winter Paralympics (Innsbruck),Alpine Skiing,Men's Giant Slalom LW3,Gold,United States of America,Paul Dibello,https://www.paralympic.org/paul-dibello
1984,Innsbruck,Winter,1984 Winter Paralympics (Innsbruck),Alpine Skiing,Men's Giant Slalom B1,Bronze,United States of America,Mike May,https://www.paralympic.org/mike-may
1984,Innsbruck,Winter,1984 Winter Paralympics (Innsbruck),Alpine Skiing,Men's Giant Slalom B2,Silver,United States of America,Glen Abramowski,https://www.paralympic.org/glen-abramowski
1984,Innsbruck,Winter,1984 Winter Paralympics (Innsbruck),Alpine Skiing,Men's Slalom LW1,Bronze,United States of America,Rod Hernley,https://www.paralympic.org/rod-hernley
1984,Innsbruck,Winter,1984 Winter Paralympics (Innsbruck),Alpine Skiing,Men's Slalom LW2,Bronze,United States of America,David Jamison,https://www.paralympic.org/david-jamison
1984,Innsbruck,Winter,1984 Winter Paralympics (Innsbruck),Alpine Skiing,Men's Slalom LW3,Gold,United States of America,Paul Dibello,https://www.paralympic.org/paul-dibello
1984,Innsbruck,Winter,1984 Winter Paralympics (Innsbruck),Alpine Skiing,Men's Slalom LW6/8,Bronze,United States of America,Reed Robinson,https://www.paralympic.org/reed-robinson
1984,Innsbruck,Winter,1984 Winter Paralympics (Innsbruck),Alpine Skiing,Men's Slalom LW9,Silver,United States of America,Brad Hudiberg,https://www.paralympic.org/brad-hudiberg
1984,Innsbruck,Winter,1984 Winter Paralympics (Innsbruck),Alpine Skiing,Women's Alpine Combination LW2,Silver,United States of America,Bonnie St. John,https://www.paralympic.org/bonnie-st-john
1984,Innsbruck,Winter,1984 Winter Paralympics (Innsbruck),Alpine Skiing,Women's Alpine Combination LW6/8,Silver,United States of America,Kathy Poohachof,https://www.paralympic.org/kathy-poohachof
1984,Innsbruck,Winter,1984 Winter Paralympics (Innsbruck),Alpine Skiing,Women's Alpine Combination B1,Gold,United States of America,Sheila Holzworth,https://www.paralympic.org/sheila-holzworth
1984,Innsbruck,Winter,1984 Winter Paralympics (Innsbruck),Alpine Skiing,Women's Alpine Combination B1,Bronze,United States of America,Cara Dunne,https://www.paralympic.org/cara-dunne
1984,Innsbruck,Winter,1984 Winter Paralympics (Innsbruck),Alpine Skiing,Women's Alpine Combination B2,Bronze,United States of America,Connie Conley,https://www.paralympic.org/connie-conley
1984,Innsbruck,Winter,1984 Winter Paralympics (Innsbruck),Alpine Skiing,Women's Downhill LW4,Bronze,United States of America,Lana Jo Chapin,https://www.paralympic.org/lana-jo-chapin
1984,Innsbruck,Winter,1984 Winter Paralympics (Innsbruck),Alpine Skiing,Women's Downhill LW6/8,Silver,United States of America,Kathy Poohachof,https://www.paralympic.org/kathy-poohachof
1984,Innsbruck,Winter,1984 Winter Paralympics (Innsbruck),Alpine Skiing,Women's Downhill B1,Silver,United States of America,Sheila Holzworth,https://www.paralympic.org/sheila-holzworth
1984,Innsbruck,Winter,1984 Winter Paralympics (Innsbruck),Alpine Skiing,Women's Downhill B1,Bronze,United States of America,Cara Dunne,https://www.paralympic.org/cara-dunne
1984,Innsbruck,Winter,1984 Winter Paralympics (Innsbruck),Alpine Skiing,Women's Downhill B2,Bronze,United States of America,Connie Conley,https://www.paralympic.org/connie-conley
1984,Innsbruck,Winter,1984 Winter Paralympics (Innsbruck),Alpine Skiing,Women's Giant Slalom LW2,Bronze,United States of America,Bonnie St. John,https://www.paralympic.org/bonnie-st-john
1984,Innsbruck,Winter,1984 Winter Paralympics (Innsbruck),Alpine Skiing,Women's Giant Slalom LW4,Bronze,United States of America,Janet Penn,https://www.paralympic.org/janet-penn
1984,Innsbruck,Winter,1984 Winter Paralympics (Innsbruck),Alpine Skiing,Women's Giant Slalom LW6/8,Silver,United States of America,Kathy Poohachof,https://www.paralympic.org/kathy-poohachof
1984,Innsbruck,Winter,1984 Winter Paralympics (Innsbruck),Alpine Skiing,Women's Giant Slalom B1,Gold,United States of America,Sheila Holzworth,https://www.paralympic.org/sheila-holzworth
1984,Innsbruck,Winter,1984 Winter Paralympics (Innsbruck),Alpine Skiing,Women's Giant Slalom B1,Silver,United States of America,Cara Dunne,https://www.paralympic.org/cara-dunne
1984,Innsbruck,Winter,1984 Winter Paralympics (Innsbruck),Alpine Skiing,Women's Giant Slalom B2,Silver,United States of America,Connie Conley,https://www.paralympic.org/connie-conley
1984,Innsbruck,Winter,1984 Winter Paralympics (Innsbruck),Alpine Skiing,Women's Slalom LW2,Bronze,United States of America,Bonnie St. John,https://www.paralympic.org/bonnie-st-john
1984,Innsbruck,Winter,1984 Winter Paralympics (Innsbruck),Alpine Skiing,Women's Slalom LW4,Gold,United States of America,Janet Penn,https://www.paralympic.org/janet-penn
1984,Innsbruck,Winter,1984 Winter Paralympics (Innsbruck),Alpine Skiing,Women's Slalom LW6/8,Silver,United States of America,Kathy Poohachof,https://www.paralympic.org/kathy-poohachof
1984,Innsbruck,Winter,1984 Winter Paralympics (Innsbruck),Cross Country,Women's 4x5 km Relay B1-2,Silver,United States of America,,
1988,Seoul,Summer,1988 Summer Paralympics (Seoul),Archery,Men's Double Short Metric Round 1A-1C,Bronze,United States of America,Michael Stauner,https://www.paralympic.org/michael-stauner
1988,Seoul,Summer,1988 Summer Paralympics (Seoul),Athletics,Men's 100 m 1A,Silver,United States of America,Bart Dodson,https://www.paralympic.org/bart-dodson
1988,Seoul,Summer,1988 Summer Paralympics (Seoul),Athletics,Men's 100 m 1B,Bronze,United States of America,William Furbish,https://www.paralympic.org/william-furbish
1988,Seoul,Summer,1988 Summer Paralympics (Seoul),Athletics,Men's 100 m 1C,Gold,United States of America,Randy Dorman,https://www.paralympic.org/randy-dorman
1988,Seoul,Summer,1988 Summer Paralympics (Seoul),Athletics,Men's 100 m A2A9,Gold,United States of America,Todd Schaffhauser,https://www.paralympic.org/todd-schaffhauser
1988,Seoul,Summer,1988 Summer Paralympics (Seoul),Athletics,Men's 100 m A4A9,Gold,United States of America,Dennis Oehler,https://www.paralympic.org/dennis-oehler
1988,Seoul,Summer,1988 Summer Paralympics (Seoul),Athletics,Men's 100 m B2,Silver,United States of America,Andre Asbury,https://www.paralympic.org/andre-asbury
1988,Seoul,Summer,1988 Summer Paralympics (Seoul),Athletics,Men's 100 m C2,Gold,United States of America,David Osborn,https://www.paralympic.org/david-osborn
1988,Seoul,Summer,1988 Summer Paralympics (Seoul),Athletics,Men's 100 m C4-5,Bronze,United States of America,David Larson,https://www.paralympic.org/david-larson
1988,Seoul,Summer,1988 Summer Paralympics (Seoul),Athletics,Men's 100 m C8,Bronze,United States of America,Thomas Dieti,https://www.paralympic.org/thomas-dieti
1988,Seoul,Summer,1988 Summer Paralympics (Seoul),Athletics,Men's 100 m 2,Bronze,United States of America,Bob Gibson,https://www.paralympic.org/bob-gibson
1988,Seoul,Summer,1988 Summer Paralympics (Seoul),Athletics,Men's 200 m 1B,Bronze,United States of America,Bruce Froendt,https://www.paralympic.org/bruce-froendt
1988,Seoul,Summer,1988 Summer Paralympics (Seoul),Athletics,Men's 200 m 1C,Bronze,United States of America,Darrell Ray,https://www.paralympic.org/darrell-ray
1988,Seoul,Summer,1988 Summer Paralympics (Seoul),Athletics,Men's 200 m A4A9,Gold,United States of America,Dennis Oehler,https://www.paralympic.org/dennis-oehler
1988,Seoul,Summer,1988 Summer Paralympics (Seoul),Athletics,Men's 200 m C2,Gold,United States of America,David Osborn,https://www.paralympic.org/david-osborn
1988,Seoul,Summer,1988 Summer Paralympics (Seoul),Athletics,Men's 200 m C3,Silver,United States of America,Rene Rivera,https://www.paralympic.org/rene-rivera
1988,Seoul,Summer,1988 Summer Paralympics (Seoul),Athletics,Men's 400 m 1C,Gold,United States of America,Jeff Worthington,https://www.paralympic.org/jeff-worthington
1988,Seoul,Summer,1988 Summer Paralympics (Seoul),Athletics,Men's 400 m 1C,Bronze,United States of America,Darrell Ray,https://www.paralympic.org/darrell-ray
1988,Seoul,Summer,1988 Summer Paralympics (Seoul),Athletics,Men's 400 m A4A9,Gold,United States of America,Dennis Oehler,https://www.paralympic.org/dennis-oehler
1988,Seoul,Summer,1988 Summer Paralympics (Seoul),Athletics,Men's 400 m B3,Silver,United States of America,Brian Pegram,https://www.paralympic.org/brian-pegram
1988,Seoul,Summer,1988 Summer Paralympics (Seoul),Athletics,Men's 400 m C2,Gold,United States of America,David Osborn,https://www.paralympic.org/david-osborn
1988,Seoul,Summer,1988 Summer Paralympics (Seoul),Athletics,Men's 400 m C3,Silver,United States of America,Rene Rivera,https://www.paralympic.org/rene-rivera
1988,Seoul,Summer,1988 Summer Paralympics (Seoul),Athletics,Men's 400 m C4-5,Bronze,United States of America,David Larson,https://www.paralympic.org/david-larson
1988,Seoul,Summer,1988 Summer Paralympics (Seoul),Athletics,Men's 400 m C8,Gold,United States of America,Thomas Dietz,https://www.paralympic.org/thomas-dietz
1988,Seoul,Summer,1988 Summer Paralympics (Seoul),Athletics,Men's 400 m 2,Silver,United States of America,Richard Espinosa,https://www.paralympic.org/richard-espinosa
1988,Seoul,Summer,1988 Summer Paralympics (Seoul),Athletics,Men's 400 m 5-6,Silver,United States of America,John Anderson,https://www.paralympic.org/john-anderson
1988,Seoul,Summer,1988 Summer Paralympics (Seoul),Athletics,Men's 800 m 1C,Gold,United States of America,Jeff Worthington,https://www.paralympic.org/jeff-worthington
1988,Seoul,Summer,1988 Summer Paralympics (Seoul),Athletics,Men's 800 m 1C,Silver,United States of America,John Brewer,https://www.paralympic.org/john-brewer
1988,Seoul,Summer,1988 Summer Paralympics (Seoul),Athletics,Men's 800 m B3,Bronze,United States of America,Tyrone Branch,https://www.paralympic.org/tyrone-branch
1988,Seoul,Summer,1988 Summer Paralympics (Seoul),Athletics,Men's 800 m C2,Gold,United States of America,David Osborn,https://www.paralympic.org/david-osborn
1988,Seoul,Summer,1988 Summer Paralympics (Seoul),Athletics,Men's 800 m C8,Silver,United States of America,Keith Pittman,https://www.paralympic.org/keith-pittman
1988,Seoul,Summer,1988 Summer Paralympics (Seoul),Athletics,Men's 800 m 4,Gold,United States of America,Rafael Ibarra,https://www.paralympic.org/rafael-ibarra
1988,Seoul,Summer,1988 Summer Paralympics (Seoul),Athletics,Men's 800 m 5-6,Silver,United States of America,John Anderson,https://www.paralympic.org/john-anderson
1988,Seoul,Summer,1988 Summer Paralympics (Seoul),Athletics,Men's 1500 m 1A,Bronze,United States of America,Bart Dodson,https://www.paralympic.org/bart-dodson
1988,Seoul,Summer,1988 Summer Paralympics (Seoul),Athletics,Men's 1500 m 1C,Gold,United States of America,Jeff Worthington,https://www.paralympic.org/jeff-worthington
1988,Seoul,Summer,1988 Summer Paralympics (Seoul),Athletics,Men's 1500 m 1C,Silver,United States of America,John Brewer,https://www.paralympic.org/john-brewer
1988,Seoul,Summer,1988 Summer Paralympics (Seoul),Athletics,Men's 1500 m B3,Bronze,United States of America,Tyrone Branch,https://www.paralympic.org/tyrone-branch
1988,Seoul,Summer,1988 Summer Paralympics (Seoul),Athletics,Men's 1500 m 4,Bronze,United States of America,Robert Courtney,https://www.paralympic.org/robert-courtney
1988,Seoul,Summer,1988 Summer Paralympics (Seoul),Athletics,Men's 1500 m 5-6,Silver,United States of America,John Anderson,https://www.paralympic.org/john-anderson
1988,Seoul,Summer,1988 Summer Paralympics (Seoul),Athletics,Men's 5000 m 1C,Gold,United States of America,Jeff Worthington,https://www.paralympic.org/jeff-worthington
1988,Seoul,Summer,1988 Summer Paralympics (Seoul),Athletics,Men's 5000 m A1-3A9L2,Bronze,United States of America,Kevin Orr,https://www.paralympic.org/kevin-orr
1988,Seoul,Summer,1988 Summer Paralympics (Seoul),Athletics,Men's 5000 m B3,Gold,United States of America,Carlos Talbott,https://www.paralympic.org/carlos-talbott
1988,Seoul,Summer,1988 Summer Paralympics (Seoul),Athletics,Men's 5000 m B3,Bronze,United States of America,Leamon Stansell,https://www.paralympic.org/leamon-stansell
1988,Seoul,Summer,1988 Summer Paralympics (Seoul),Athletics,Men's 10000 m 5,Silver,United States of America,John Puffenberger,https://www.paralympic.org/john-puffenberger
1988,Seoul,Summer,1988 Summer Paralympics (Seoul),Athletics,Men's Club Throw C5,Silver,United States of America,Denton Johnson,https://www.paralympic.org/denton-johnson
1988,Seoul,Summer,1988 Summer Paralympics (Seoul),Athletics,Men's Discus Throw 1B,Silver,United States of America,Douglas Heir,https://www.paralympic.org/douglas-heir
1988,Seoul,Summer,1988 Summer Paralympics (Seoul),Athletics,Men's Discus Throw 1B,Bronze,United States of America,Gabriel Diaz de Leon,https://www.paralympic.org/gabriel-diaz-de-leon-0
1988,Seoul,Summer,1988 Summer Paralympics (Seoul),Athletics,Men's Discus Throw A4A9,Bronze,United States of America,Scott Ison,https://www.paralympic.org/scott-ison
1988,Seoul,Summer,1988 Summer Paralympics (Seoul),Athletics,Men's Discus Throw B1,Gold,United States of America,Richard Ruffalo,https://www.paralympic.org/richard-ruffalo
1988,Seoul,Summer,1988 Summer Paralympics (Seoul),Athletics,Men's Discus Throw B1,Silver,United States of America,Leroy Franks,https://www.paralympic.org/leroy-franks
1988,Seoul,Summer,1988 Summer Paralympics (Seoul),Athletics,Men's Discus Throw B3,Bronze,United States of America,Garland Burris,https://www.paralympic.org/garland-burris
1988,Seoul,Summer,1988 Summer Paralympics (Seoul),Athletics,Men's Discus Throw C4,Bronze,United States of America,Eric Owens,https://www.paralympic.org/eric-owens
1988,Seoul,Summer,1988 Summer Paralympics (Seoul),Athletics,Men's High Jump A4A9,Gold,United States of America,Ronnie Alsup,https://www.paralympic.org/ronnie-alsup
1988,Seoul,Summer,1988 Summer Paralympics (Seoul),Athletics,Men's Javelin 1B,Silver,United States of America,Douglas Heir,https://www.paralympic.org/douglas-heir
1988,Seoul,Summer,1988 Summer Paralympics (Seoul),Athletics,Men's Javelin A1-3A9L3,Bronze,United States of America,John Jerome,https://www.paralympic.org/john-jerome
1988,Seoul,Summer,1988 Summer Paralympics (Seoul),Athletics,Men's Javelin C5,Silver,United States of America,Denton Johnson,https://www.paralympic.org/denton-johnson
1988,Seoul,Summer,1988 Summer Paralympics (Seoul),Athletics,Men's Javelin L4,Silver,United States of America,Scott Danberg,https://www.paralympic.org/scott-danberg
1988,Seoul,Summer,1988 Summer Paralympics (Seoul),Athletics,Men's Long Jump A2A9,Gold,United States of America,Albert Mead,https://www.paralympic.org/albert-mead
1988,Seoul,Summer,1988 Summer Paralympics (Seoul),Athletics,Men's Long Jump A4A9,Gold,United States of America,Ronnie Alsup,https://www.paralympic.org/ronnie-alsup
1988,Seoul,Summer,1988 Summer Paralympics (Seoul),Athletics,Men's Long Jump A4A9,Bronze,United States of America,Matthew Bulow,https://www.paralympic.org/matthew-bulow
1988,Seoul,Summer,1988 Summer Paralympics (Seoul),Athletics,Men's Long Jump B2,Silver,United States of America,Andre Asbury,https://www.paralympic.org/andre-asbury
1988,Seoul,Summer,1988 Summer Paralympics (Seoul),Athletics,Men's Long Jump C8,Silver,United States of America,Thomas Dietz,https://www.paralympic.org/thomas-dietz
1988,Seoul,Summer,1988 Summer Paralympics (Seoul),Athletics,Men's Long Jump C8,Bronze,United States of America,Keith Pittman,https://www.paralympic.org/keith-pittman
1988,Seoul,Summer,1988 Summer Paralympics (Seoul),Athletics,Men's Marathon 1A,Bronze,United States of America,Bart Dodson,https://www.paralympic.org/bart-dodson
1988,Seoul,Summer,1988 Summer Paralympics (Seoul),Athletics,Men's Marathon 1C,Gold,United States of America,John Brewer,https://www.paralympic.org/john-brewer
1988,Seoul,Summer,1988 Summer Paralympics (Seoul),Athletics,Men's Marathon B3,Gold,United States of America,Carlos Talbott,https://www.paralympic.org/carlos-talbott
1988,Seoul,Summer,1988 Summer Paralympics (Seoul),Athletics,Men's Marathon 2,Bronze,United States of America,Michael Trujillo,https://www.paralympic.org/michael-trujillo
1988,Seoul,Summer,1988 Summer Paralympics (Seoul),Athletics,Men's Marathon 3,Bronze,United States of America,Phil Carpenter,https://www.paralympic.org/phil-carpenter
1988,Seoul,Summer,1988 Summer Paralympics (Seoul),Athletics,Men's Marathon 4,Bronze,United States of America,Rafael Ibarra,https://www.paralympic.org/rafael-ibarra
1988,Seoul,Summer,1988 Summer Paralympics (Seoul),Athletics,Men's Marathon 5-6,Gold,United States of America,John Puffenberger,https://www.paralympic.org/john-puffenberger
1988,Seoul,Summer,1988 Summer Paralympics (Seoul),Athletics,Men's Marathon 5-6,Silver,United States of America,Tom Foran,https://www.paralympic.org/tom-foran
1988,Seoul,Summer,1988 Summer Paralympics (Seoul),Athletics,Men's Pentathlon B2,Bronze,United States of America,James Osmon,https://www.paralympic.org/james-osmon
1988,Seoul,Summer,1988 Summer Paralympics (Seoul),Athletics,Men's Pentathlon 2,Bronze,United States of America,Kevin Saunders,https://www.paralympic.org/kevin-saunders
1988,Seoul,Summer,1988 Summer Paralympics (Seoul),Athletics,Men's Precision Throw C1,Silver,United States of America,Jayesh Amin,https://www.paralympic.org/jayesh-amin
1988,Seoul,Summer,1988 Summer Paralympics (Seoul),Athletics,Men's 4x100 m 1A-1C,Gold,United States of America,,
1988,Seoul,Summer,1988 Summer Paralympics (Seoul),Athletics,Men's 4x100 m A2A4-7,Bronze,United States of America,,
1988,Seoul,Summer,1988 Summer Paralympics (Seoul),Athletics,Men's 4x100 m C7-8,Silver,United States of America,,
1988,Seoul,Summer,1988 Summer Paralympics (Seoul),Athletics,Men's 4x100 m 2-6,Bronze,United States of America,,
1988,Seoul,Summer,1988 Summer Paralympics (Seoul),Athletics,Men's 4x200 m 1A-1C,Gold,United States of America,,
1988,Seoul,Summer,1988 Summer Paralympics (Seoul),Athletics,Men's 4x400 m 2-6,Bronze,United States of America,,
1988,Seoul,Summer,1988 Summer Paralympics (Seoul),Athletics,Men's Shot Put 1B,Silver,United States of America,Douglas Heir,https://www.paralympic.org/douglas-heir
1988,Seoul,Summer,1988 Summer Paralympics (Seoul),Athletics,Men's Shot Put 1B,Bronze,United States of America,Gabriel Diaz de Leon,https://www.paralympic.org/gabriel-diaz-de-leon-0
1988,Seoul,Summer,1988 Summer Paralympics (Seoul),Athletics,Men's Shot Put A4A9,Bronze,United States of America,Scott Ison,https://www.paralympic.org/scott-ison
1988,Seoul,Summer,1988 Summer Paralympics (Seoul),Athletics,Men's Shot Put A1-3A9L3,Silver,United States of America,John Jerome,https://www.paralympic.org/john-jerome
1988,Seoul,Summer,1988 Summer Paralympics (Seoul),Athletics,Men's Shot Put B1,Gold,United States of America,James Neppl,https://www.paralympic.org/james-neppl
1988,Seoul,Summer,1988 Summer Paralympics (Seoul),Athletics,Men's Shot Put B1,Silver,United States of America,Richard Ruffalo,https://www.paralympic.org/richard-ruffalo
1988,Seoul,Summer,1988 Summer Paralympics (Seoul),Athletics,Men's Shot Put C3,Silver,United States of America,Phillip Laing,https://www.paralympic.org/phillip-laing
1988,Seoul,Summer,1988 Summer Paralympics (Seoul),Athletics,Men's Shot Put C5,Gold,United States of America,Denton Johnson,https://www.paralympic.org/denton-johnson
1988,Seoul,Summer,1988 Summer Paralympics (Seoul),Athletics,Men's Shot Put C8,Silver,United States of America,Michael McDevitt,https://www.paralympic.org/michael-mcdevitt
1988,Seoul,Summer,1988 Summer Paralympics (Seoul),Athletics,Men's Shot Put C8,Bronze,United States of America,Thomas Dietz,https://www.paralympic.org/thomas-dietz
1988,Seoul,Summer,1988 Summer Paralympics (Seoul),Athletics,Men's Shot Put 4,Silver,United States of America,Arnold Astrada,https://www.paralympic.org/arnold-astrada
1988,Seoul,Summer,1988 Summer Paralympics (Seoul),Athletics,Men's Slalom C2,Silver,United States of America,David Osborn,https://www.paralympic.org/david-osborn
1988,Seoul,Summer,1988 Summer Paralympics (Seoul),Athletics,Men's Slalom C4-5,Gold,United States of America,Eric Owens,https://www.paralympic.org/eric-owens
1988,Seoul,Summer,1988 Summer Paralympics (Seoul),Athletics,Women's 100 m 1C,Bronze,United States of America,Mary Thompson,https://www.paralympic.org/mary-thompson
1988,Seoul,Summer,1988 Summer Paralympics (Seoul),Athletics,Women's 100 m C7,Bronze,United States of America,Leslie Roth,https://www.paralympic.org/leslie-roth
1988,Seoul,Summer,1988 Summer Paralympics (Seoul),Athletics,Women's 100 m 2,Silver,United States of America,Brenda Zajac,https://www.paralympic.org/brenda-zajac
1988,Seoul,Summer,1988 Summer Paralympics (Seoul),Athletics,Women's 100 m 4,Gold,United States of America,Charla Ramsey,https://www.paralympic.org/charla-ramsey
1988,Seoul,Summer,1988 Summer Paralympics (Seoul),Athletics,Women's 200 m 1C,Bronze,United States of America,Jean Waters,https://www.paralympic.org/jean-waters
1988,Seoul,Summer,1988 Summer Paralympics (Seoul),Athletics,Women's 200 m C7,Bronze,United States of America,Jacquelyn Payne,https://www.paralympic.org/jacquelyn-payne
1988,Seoul,Summer,1988 Summer Paralympics (Seoul),Athletics,Women's 200 m C8,Silver,United States of America,Tiffani McCoy,https://www.paralympic.org/tiffani-mccoy
1988,Seoul,Summer,1988 Summer Paralympics (Seoul),Athletics,Women's 200 m 2,Gold,United States of America,Brenda Zajac,https://www.paralympic.org/brenda-zajac
1988,Seoul,Summer,1988 Summer Paralympics (Seoul),Athletics,Women's 200 m 2,Bronze,United States of America,Ann Walters,https://www.paralympic.org/ann-walters
1988,Seoul,Summer,1988 Summer Paralympics (Seoul),Athletics,Women's 200 m 3,Silver,United States of America,Patricia Durkin,https://www.paralympic.org/patricia-durkin
1988,Seoul,Summer,1988 Summer Paralympics (Seoul),Athletics,Women's 200 m 3,Bronze,United States of America,Sherry Ann Ramsey,https://www.paralympic.org/sherry-ann-ramsey
1988,Seoul,Summer,1988 Summer Paralympics (Seoul),Athletics,Women's 200 m 4,Bronze,United States of America,Charla Ramsey,https://www.paralympic.org/charla-ramsey
1988,Seoul,Summer,1988 Summer Paralympics (Seoul),Athletics,Women's 200 m 5-6,Bronze,United States of America,Jean Driscoll,https://www.paralympic.org/jean-driscoll
1988,Seoul,Summer,1988 Summer Paralympics (Seoul),Athletics,Women's 400 m 1C,Bronze,United States of America,Jean Waters,https://www.paralympic.org/jean-waters
1988,Seoul,Summer,1988 Summer Paralympics (Seoul),Athletics,Women's 400 m 2,Bronze,United States of America,Ann Walters,https://www.paralympic.org/ann-walters
1988,Seoul,Summer,1988 Summer Paralympics (Seoul),Athletics,Women's 400 m 3,Gold,United States of America,Patricia Durkin,https://www.paralympic.org/patricia-durkin
1988,Seoul,Summer,1988 Summer Paralympics (Seoul),Athletics,Women's 400 m 4,Bronze,United States of America,Maria Hill,https://www.paralympic.org/maria-hill
1988,Seoul,Summer,1988 Summer Paralympics (Seoul),Athletics,Women's 400 m 5-6,Bronze,United States of America,Jean Driscoll,https://www.paralympic.org/jean-driscoll
1988,Seoul,Summer,1988 Summer Paralympics (Seoul),Athletics,Women's 800 m B2,Bronze,United States of America,Paige McClean,https://www.paralympic.org/paige-mcclean
1988,Seoul,Summer,1988 Summer Paralympics (Seoul),Athletics,Women's 800 m B3,Gold,United States of America,Patti Egensteiner,https://www.paralympic.org/patti-egensteiner
1988,Seoul,Summer,1988 Summer Paralympics (Seoul),Athletics,Women's 800 m B3,Bronze,United States of America,Stephanie Lacour,https://www.paralympic.org/stephanie-lacour
1988,Seoul,Summer,1988 Summer Paralympics (Seoul),Athletics,Women's 800 m C7,Gold,United States of America,Susan Moucha,https://www.paralympic.org/susan-moucha
1988,Seoul,Summer,1988 Summer Paralympics (Seoul),Athletics,Women's 800 m C8,Silver,United States of America,Barbara Buchan,https://www.paralympic.org/barbara-buchan
1988,Seoul,Summer,1988 Summer Paralympics (Seoul),Athletics,Women's 800 m 2,Silver,United States of America,Ann Cody-Morris,https://www.paralympic.org/ann-cody
1988,Seoul,Summer,1988 Summer Paralympics (Seoul),Athletics,Women's 800 m 2,Bronze,United States of America,Brenda Zajac,https://www.paralympic.org/brenda-zajac
1988,Seoul,Summer,1988 Summer Paralympics (Seoul),Athletics,Women's 800 m 3,Gold,United States of America,Candace Cable-Brooks,https://www.paralympic.org/candace-cable-brooks
1988,Seoul,Summer,1988 Summer Paralympics (Seoul),Athletics,Women's 800 m 3,Silver,United States of America,Sherry Ann Ramsey,https://www.paralympic.org/sherry-ann-ramsey
1988,Seoul,Summer,1988 Summer Paralympics (Seoul),Athletics,Women's 800 m 4,Silver,United States of America,Tracy Miller,https://www.paralympic.org/tracy-miller
1988,Seoul,Summer,1988 Summer Paralympics (Seoul),Athletics,Women's 1500 m 1C,Bronze,United States of America,Monique Jannette,https://www.paralympic.org/monique-jannette
1988,Seoul,Summer,1988 Summer Paralympics (Seoul),Athletics,Women's 1500 m A1-3A9L2,Silver,United States of America,Sacajuwea Hunter,https://www.paralympic.org/sacajuwea-hunter
1988,Seoul,Summer,1988 Summer Paralympics (Seoul),Athletics,Women's 1500 m 2,Silver,United States of America,Ann Cody-Morris,https://www.paralympic.org/ann-cody
1988,Seoul,Summer,1988 Summer Paralympics (Seoul),Athletics,Women's 1500 m 3,Gold,United States of America,Candace Cable-Brooks,https://www.paralympic.org/candace-cable-brooks
1988,Seoul,Summer,1988 Summer Paralympics (Seoul),Athletics,Women's 1500 m 3,Silver,United States of America,Sherry Ann Ramsey,https://www.paralympic.org/sherry-ann-ramsey
1988,Seoul,Summer,1988 Summer Paralympics (Seoul),Athletics,Women's 1500 m 4,Silver,United States of America,Maria Tracy Miller,https://www.paralympic.org/maria-tracy-miller
1988,Seoul,Summer,1988 Summer Paralympics (Seoul),Athletics,Women's 1500 m 4,Bronze,United States of America,Maria Hill,https://www.paralympic.org/maria-hill
1988,Seoul,Summer,1988 Summer Paralympics (Seoul),Athletics,Women's 3000 m A1-3A9L2,Silver,United States of America,Sacajuwea Hunter,https://www.paralympic.org/sacajuwea-hunter
1988,Seoul,Summer,1988 Summer Paralympics (Seoul),Athletics,Women's 5000 m 2,Silver,United States of America,Ann Cody-Morris,https://www.paralympic.org/ann-cody
1988,Seoul,Summer,1988 Summer Paralympics (Seoul),Athletics,Women's 5000 m 4,Silver,United States of America,Tracy Miller,https://www.paralympic.org/tracy-miller
1988,Seoul,Summer,1988 Summer Paralympics (Seoul),Athletics,Women's 10000 m 2,Silver,United States of America,Ann Cody-Morris,https://www.paralympic.org/ann-cody
1988,Seoul,Summer,1988 Summer Paralympics (Seoul),Athletics,Women's Club Throw C3,Gold,United States of America,Susan Edwards,https://www.paralympic.org/susan-edwards
1988,Seoul,Summer,1988 Summer Paralympics (Seoul),Athletics,Women's Discus Throw C3,Gold,United States of America,Susan Edwards,https://www.paralympic.org/susan-edwards
1988,Seoul,Summer,1988 Summer Paralympics (Seoul),Athletics,Women's Discus Throw 2,Gold,United States of America,Christine Rupert,https://www.paralympic.org/christine-rupert
1988,Seoul,Summer,1988 Summer Paralympics (Seoul),Athletics,Women's Discus Throw 3,Gold,United States of America,Laura Schwanger,https://www.paralympic.org/laura-schwanger
1988,Seoul,Summer,1988 Summer Paralympics (Seoul),Athletics,Women's Discus Throw 4,Gold,United States of America,Kathryne Lynne Carlton,https://www.paralympic.org/kathryne-lynne-carlton
1988,Seoul,Summer,1988 Summer Paralympics (Seoul),Athletics,Women's Distance Throw C1,Silver,United States of America,Tracy D'Angelo,https://www.paralympic.org/tracy-d-angelo
1988,Seoul,Summer,1988 Summer Paralympics (Seoul),Athletics,Women's Javelin C3,Gold,United States of America,Susan Edwards,https://www.paralympic.org/susan-edwards
1988,Seoul,Summer,1988 Summer Paralympics (Seoul),Athletics,Women's Javelin C7,Bronze,United States of America,Deborah Hearn,https://www.paralympic.org/deborah-hearn
1988,Seoul,Summer,1988 Summer Paralympics (Seoul),Athletics,Women's Javelin 2,Bronze,United States of America,Christine Rupert,https://www.paralympic.org/christine-rupert
1988,Seoul,Summer,1988 Summer Paralympics (Seoul),Athletics,Women's Javelin 3,Gold,United States of America,Laura Schwanger,https://www.paralympic.org/laura-schwanger
1988,Seoul,Summer,1988 Summer Paralympics (Seoul),Athletics,Women's Javelin 4,Silver,United States of America,Kathryne Lynne Carlton,https://www.paralympic.org/kathryne-lynne-carlton
1988,Seoul,Summer,1988 Summer Paralympics (Seoul),Athletics,Women's Long Jump B1,Bronze,United States of America,Lori Bennett,https://www.paralympic.org/lori-bennett
1988,Seoul,Summer,1988 Summer Paralympics (Seoul),Athletics,Women's Long Jump B3,Gold,United States of America,Patti Egensteiner,https://www.paralympic.org/patti-egensteiner
1988,Seoul,Summer,1988 Summer Paralympics (Seoul),Athletics,Women's Marathon 2,Gold,United States of America,Tami Oothou,https://www.paralympic.org/tami-oothou
1988,Seoul,Summer,1988 Summer Paralympics (Seoul),Athletics,Women's Marathon 2,Silver,United States of America,Ann Walters,https://www.paralympic.org/ann-walters
1988,Seoul,Summer,1988 Summer Paralympics (Seoul),Athletics,Women's Marathon 3,Gold,United States of America,Candace Cable-Brooks,https://www.paralympic.org/candace-cable-brooks
1988,Seoul,Summer,1988 Summer Paralympics (Seoul),Athletics,Women's Marathon 3,Silver,United States of America,Sherry Ann Ramsey,https://www.paralympic.org/sherry-ann-ramsey
1988,Seoul,Summer,1988 Summer Paralympics (Seoul),Athletics,Women's Marathon 4,Silver,United States of America,Tracy Miller,https://www.paralympic.org/tracy-miller
1988,Seoul,Summer,1988 Summer Paralympics (Seoul),Athletics,Women's Pentathlon 3,Gold,United States of America,Laura Schwanger,https://www.paralympic.org/laura-schwanger
1988,Seoul,Summer,1988 Summer Paralympics (Seoul),Athletics,Women's Pentathlon 4,Silver,United States of America,Kathryne Lynne Carlton,https://www.paralympic.org/kathryne-lynne-carlton
1988,Seoul,Summer,1988 Summer Paralympics (Seoul),Athletics,Women's 4x100 m 2-6,Silver,United States of America,,
1988,Seoul,Summer,1988 Summer Paralympics (Seoul),Athletics,Women's 4x200 m 2-6,Gold,United States of America,,
1988,Seoul,Summer,1988 Summer Paralympics (Seoul),Athletics,Women's 4x400 m 2-6,Gold,United States of America,,
1988,Seoul,Summer,1988 Summer Paralympics (Seoul),Athletics,Women's Shot Put C3,Gold,United States of America,Susan Edwards,https://www.paralympic.org/susan-edwards
1988,Seoul,Summer,1988 Summer Paralympics (Seoul),Athletics,Women's Shot Put C3,Silver,United States of America,Kathleen Barletta,https://www.paralympic.org/kathleen-barletta
1988,Seoul,Summer,1988 Summer Paralympics (Seoul),Athletics,Women's Shot Put 2,Bronze,United States of America,Christine Rupert,https://www.paralympic.org/christine-rupert
1988,Seoul,Summer,1988 Summer Paralympics (Seoul),Athletics,Women's Shot Put 3,Gold,United States of America,Laura Schwanger,https://www.paralympic.org/laura-schwanger
1988,Seoul,Summer,1988 Summer Paralympics (Seoul),Athletics,Women's Shot Put 4,Silver,United States of America,Kathryne Lynne Carlton,https://www.paralympic.org/kathryne-lynne-carlton
1988,Seoul,Summer,1988 Summer Paralympics (Seoul),Athletics,Women's Slalom C1,Bronze,United States of America,Lee Graybeal,https://www.paralympic.org/lee-graybeal
1988,Seoul,Summer,1988 Summer Paralympics (Seoul),Athletics,Mixed 4x100 m C2-3,Silver,United States of America,,
1988,Seoul,Summer,1988 Summer Paralympics (Seoul),Cycling,Men's Road 50 km LC2,Bronze,United States of America,Pier Beltram,https://www.paralympic.org/pier-beltram
1988,Seoul,Summer,1988 Summer Paralympics (Seoul),Cycling,Men's Road 70 km LC4,Silver,United States of America,James Henry,https://www.paralympic.org/james-henry
1988,Seoul,Summer,1988 Summer Paralympics (Seoul),Cycling,"Men's Road Tricycle 1,500 m C5-6",Bronze,United States of America,Michael McGilton,https://www.paralympic.org/michael-mcgilton
1988,Seoul,Summer,1988 Summer Paralympics (Seoul),Goalball,Men's Tournament,Silver,United States of America,,
1988,Seoul,Summer,1988 Summer Paralympics (Seoul),Goalball,Women's Tournament,Silver,United States of America,,
1988,Seoul,Summer,1988 Summer Paralympics (Seoul),Judo,Men's -60 kg,Bronze,United States of America,John Allen,https://www.paralympic.org/john-allen
1988,Seoul,Summer,1988 Summer Paralympics (Seoul),Judo,Men's -78 kg,Bronze,United States of America,David McKinley,https://www.paralympic.org/david-mckinley
1988,Seoul,Summer,1988 Summer Paralympics (Seoul),Powerlifting,Men's -56 kg,Bronze,United States of America,Douglas McDonald,https://www.paralympic.org/douglas-mcdonald
1988,Seoul,Summer,1988 Summer Paralympics (Seoul),Powerlifting,Men's -75 kg,Gold,United States of America,Donald Deutsch,https://www.paralympic.org/donald-deutsch
1988,Seoul,Summer,1988 Summer Paralympics (Seoul),Powerlifting,Men's -82.5 kg,Bronze,United States of America,Lynn Whiteman,https://www.paralympic.org/lynn-whiteman
1988,Seoul,Summer,1988 Summer Paralympics (Seoul),Powerlifting,Men's -67.5 kg,Bronze,United States of America,David Buterbaugh,https://www.paralympic.org/david-buterbaugh
1988,Seoul,Summer,1988 Summer Paralympics (Seoul),Swimming,Men's 3x50 m Medley Relay 2-4,Gold,United States of America,,
1988,Seoul,Summer,1988 Summer Paralympics (Seoul),Swimming,Men's 50 m Backstroke C6,Bronze,United States of America,Darron Crouse,https://www.paralympic.org/darron-crouse
1988,Seoul,Summer,1988 Summer Paralympics (Seoul),Swimming,Men's 100 m Backstroke B2,Bronze,United States of America,Jack Krier,https://www.paralympic.org/jack-krier
1988,Seoul,Summer,1988 Summer Paralympics (Seoul),Swimming,Men's 100 m Backstroke B3,Bronze,United States of America,John Friedrick,https://www.paralympic.org/john-friedrick
1988,Seoul,Summer,1988 Summer Paralympics (Seoul),Swimming,Men's 100 m Backstroke 4,Bronze,United States of America,James Terpenning,https://www.paralympic.org/james-terpenning
1988,Seoul,Summer,1988 Summer Paralympics (Seoul),Swimming,Men's 25 m Backstroke 1A,Bronze,United States of America,William Gilly,https://www.paralympic.org/william-gilly
1988,Seoul,Summer,1988 Summer Paralympics (Seoul),Swimming,Men's 25 m Backstroke 1B,Gold,United States of America,James Thompson,https://www.paralympic.org/james-thompson
1988,Seoul,Summer,1988 Summer Paralympics (Seoul),Swimming,Men's 50 m Breaststroke B3,Silver,United States of America,Brian Hudson,https://www.paralympic.org/brian-hudson
1988,Seoul,Summer,1988 Summer Paralympics (Seoul),Swimming,Men's 50 m Breaststroke 3,Gold,United States of America,Ian Jaquiss,https://www.paralympic.org/ian-jaquiss
1988,Seoul,Summer,1988 Summer Paralympics (Seoul),Swimming,Men's 100 m Breaststroke A2,Silver,United States of America,Michael Doyle,https://www.paralympic.org/michael-doyle
1988,Seoul,Summer,1988 Summer Paralympics (Seoul),Swimming,Men's 100 m Breaststroke B3,Silver,United States of America,Brian Hudson,https://www.paralympic.org/brian-hudson
1988,Seoul,Summer,1988 Summer Paralympics (Seoul),Swimming,Men's 200 m Breaststroke B3,Silver,United States of America,Brian Hudson,https://www.paralympic.org/brian-hudson
1988,Seoul,Summer,1988 Summer Paralympics (Seoul),Swimming,Men's 25 m Breaststroke 1A,Bronze,United States of America,William Gilly,https://www.paralympic.org/william-gilly
1988,Seoul,Summer,1988 Summer Paralympics (Seoul),Swimming,Men's 25 m Breaststroke 1B,Gold,United States of America,James Thompson,https://www.paralympic.org/james-thompson
1988,Seoul,Summer,1988 Summer Paralympics (Seoul),Swimming,Men's 25 m Butterfly 1A,Silver,United States of America,William Gilly,https://www.paralympic.org/william-gilly
1988,Seoul,Summer,1988 Summer Paralympics (Seoul),Swimming,Men's 25 m Butterfly 1A,Bronze,United States of America,Scott Hager,https://www.paralympic.org/scott-hager
1988,Seoul,Summer,1988 Summer Paralympics (Seoul),Swimming,Men's 25 m Butterfly 1B,Gold,United States of America,James Thompson,https://www.paralympic.org/james-thompson
1988,Seoul,Summer,1988 Summer Paralympics (Seoul),Swimming,Men's 25 m Butterfly 2,Gold,United States of America,Kevin Sullivan,https://www.paralympic.org/kevin-sullivan
1988,Seoul,Summer,1988 Summer Paralympics (Seoul),Swimming,Men's 100 m Freestyle 1B,Gold,United States of America,James Thompson,https://www.paralympic.org/james-thompson
1988,Seoul,Summer,1988 Summer Paralympics (Seoul),Swimming,Men's 100 m Freestyle A2,Silver,United States of America,Michael Doyle,https://www.paralympic.org/michael-doyle
1988,Seoul,Summer,1988 Summer Paralympics (Seoul),Swimming,Men's 100 m Freestyle B3,Silver,United States of America,John Friedrick,https://www.paralympic.org/john-friedrick
1988,Seoul,Summer,1988 Summer Paralympics (Seoul),Swimming,Men's 100 m Freestyle C4,Bronze,United States of America,Martin Parker,https://www.paralympic.org/martin-parker
1988,Seoul,Summer,1988 Summer Paralympics (Seoul),Swimming,Men's 200 m Freestyle C4,Bronze,United States of America,Martin Parker,https://www.paralympic.org/martin-parker
1988,Seoul,Summer,1988 Summer Paralympics (Seoul),Swimming,Men's 400 m Freestyle A2,Bronze,United States of America,Michael Doyle,https://www.paralympic.org/michael-doyle
1988,Seoul,Summer,1988 Summer Paralympics (Seoul),Swimming,Men's 400 m Freestyle B3,Silver,United States of America,John Friedrick,https://www.paralympic.org/john-friedrick
1988,Seoul,Summer,1988 Summer Paralympics (Seoul),Swimming,Men's 400 m Freestyle C3-4,Silver,United States of America,Martin Parker,https://www.paralympic.org/martin-parker
1988,Seoul,Summer,1988 Summer Paralympics (Seoul),Swimming,Men's 50 m Freestyle 1B,Gold,United States of America,James Thompson,https://www.paralympic.org/james-thompson
1988,Seoul,Summer,1988 Summer Paralympics (Seoul),Swimming,Men's 50 m Freestyle 1C,Bronze,United States of America,Rick Ciccotto,https://www.paralympic.org/rick-ciccotto
1988,Seoul,Summer,1988 Summer Paralympics (Seoul),Swimming,Men's 50 m Freestyle 2,Gold,United States of America,Kevin Sullivan,https://www.paralympic.org/kevin-sullivan
1988,Seoul,Summer,1988 Summer Paralympics (Seoul),Swimming,Men's 200 m Individual Medley A2,Silver,United States of America,Michael Doyle,https://www.paralympic.org/michael-doyle
1988,Seoul,Summer,1988 Summer Paralympics (Seoul),Swimming,Men's 200 m Individual Medley B3,Bronze,United States of America,Brian Hudson,https://www.paralympic.org/brian-hudson
1988,Seoul,Summer,1988 Summer Paralympics (Seoul),Swimming,Men's 400 m Individual Medley B3,Silver,United States of America,Brian Hudson,https://www.paralympic.org/brian-hudson
1988,Seoul,Summer,1988 Summer Paralympics (Seoul),Swimming,Men's 4x100 m Freestyle Relay B1-B3,Bronze,United States of America,,
1988,Seoul,Summer,1988 Summer Paralympics (Seoul),Swimming,Men's 75 m Individual Medley 1B,Gold,United States of America,James Thompson,https://www.paralympic.org/james-thompson
1988,Seoul,Summer,1988 Summer Paralympics (Seoul),Swimming,Men's 3x25 m Freestyle Relay 1A-1C,Gold,United States of America,,
1988,Seoul,Summer,1988 Summer Paralympics (Seoul),Swimming,Women's 50 m Backstroke C6,Bronze,United States of America,Stephanie Sloan,https://www.paralympic.org/stephanie-sloan
1988,Seoul,Summer,1988 Summer Paralympics (Seoul),Swimming,Women's 50 m Backstroke L2,Bronze,United States of America,Nancy Stewart,https://www.paralympic.org/nancy-stewart
1988,Seoul,Summer,1988 Summer Paralympics (Seoul),Swimming,Women's 50 m Backstroke 2,Gold,United States of America,Cynthia Gettinger,https://www.paralympic.org/cynthia-gettinger
1988,Seoul,Summer,1988 Summer Paralympics (Seoul),Swimming,Women's 50 m Backstroke 2,Silver,United States of America,Judith Smith,https://www.paralympic.org/judith-smith
1988,Seoul,Summer,1988 Summer Paralympics (Seoul),Swimming,Women's 100 m Backstroke B2,Gold,United States of America,Trischa Zorn,https://www.paralympic.org/trischa-zorn
1988,Seoul,Summer,1988 Summer Paralympics (Seoul),Swimming,Women's 100 m Backstroke B3,Gold,United States of America,Debra Brandewie,https://www.paralympic.org/debra-brandewie
1988,Seoul,Summer,1988 Summer Paralympics (Seoul),Swimming,Women's 100 m Backstroke 4,Silver,United States of America,Arden Adams,https://www.paralympic.org/arden-adams
1988,Seoul,Summer,1988 Summer Paralympics (Seoul),Swimming,Women's 100 m Backstroke 4,Bronze,United States of America,Lena Liebetrau,https://www.paralympic.org/lena-liebetrau
1988,Seoul,Summer,1988 Summer Paralympics (Seoul),Swimming,Women's 100 m Backstroke 6,Silver,United States of America,Nancy Clarke,https://www.paralympic.org/nancy-clarke
1988,Seoul,Summer,1988 Summer Paralympics (Seoul),Swimming,Women's 50 m Breaststroke B2,Gold,United States of America,Trischa Zorn,https://www.paralympic.org/trischa-zorn
1988,Seoul,Summer,1988 Summer Paralympics (Seoul),Swimming,Women's 50 m Breaststroke B3,Bronze,United States of America,Debra Brandewie,https://www.paralympic.org/debra-brandewie
1988,Seoul,Summer,1988 Summer Paralympics (Seoul),Swimming,Women's 50 m Breaststroke L2,Silver,United States of America,Pamela Danberg,https://www.paralympic.org/pamela-danberg
1988,Seoul,Summer,1988 Summer Paralympics (Seoul),Swimming,Women's 50 m Breaststroke 2,Gold,United States of America,Cynthia Gettinger,https://www.paralympic.org/cynthia-gettinger
1988,Seoul,Summer,1988 Summer Paralympics (Seoul),Swimming,Women's 50 m Breaststroke 2,Bronze,United States of America,Karen Lagrange,https://www.paralympic.org/karen-lagrange
1988,Seoul,Summer,1988 Summer Paralympics (Seoul),Swimming,Women's 100 m Breaststroke A2,Silver,United States of America,Jan Wilson,https://www.paralympic.org/jan-wilson
1988,Seoul,Summer,1988 Summer Paralympics (Seoul),Swimming,Women's 100 m Breaststroke B2,Gold,United States of America,Trischa Zorn,https://www.paralympic.org/trischa-zorn
1988,Seoul,Summer,1988 Summer Paralympics (Seoul),Swimming,Women's 100 m Breaststroke B3,Silver,United States of America,Debra Brandewie,https://www.paralympic.org/debra-brandewie
1988,Seoul,Summer,1988 Summer Paralympics (Seoul),Swimming,Women's 200 m Breaststroke B2,Gold,United States of America,Trischa Zorn,https://www.paralympic.org/trischa-zorn
1988,Seoul,Summer,1988 Summer Paralympics (Seoul),Swimming,Women's 200 m Breaststroke B3,Silver,United States of America,Debra Brandewie,https://www.paralympic.org/debra-brandewie
1988,Seoul,Summer,1988 Summer Paralympics (Seoul),Swimming,Women's 100 m Butterfly A2,Silver,United States of America,Jan Wilson,https://www.paralympic.org/jan-wilson
1988,Seoul,Summer,1988 Summer Paralympics (Seoul),Swimming,Women's 100 m Butterfly B2,Gold,United States of America,Trischa Zorn,https://www.paralympic.org/trischa-zorn
1988,Seoul,Summer,1988 Summer Paralympics (Seoul),Swimming,Women's 25 m Butterfly 2,Gold,United States of America,Cynthia Gettinger,https://www.paralympic.org/cynthia-gettinger
1988,Seoul,Summer,1988 Summer Paralympics (Seoul),Swimming,Women's 25 m Butterfly 2,Silver,United States of America,Karen Lagrange,https://www.paralympic.org/karen-lagrange
1988,Seoul,Summer,1988 Summer Paralympics (Seoul),Swimming,Women's 100 m Freestyle A2,Silver,United States of America,Jan Wilson,https://www.paralympic.org/jan-wilson
1988,Seoul,Summer,1988 Summer Paralympics (Seoul),Swimming,Women's 100 m Freestyle A8,Bronze,United States of America,Staci Perrigo,https://www.paralympic.org/staci-perrigo
1988,Seoul,Summer,1988 Summer Paralympics (Seoul),Swimming,Women's 100 m Freestyle B2,Gold,United States of America,Trischa Zorn,https://www.paralympic.org/trischa-zorn
1988,Seoul,Summer,1988 Summer Paralympics (Seoul),Swimming,Women's 100 m Freestyle B3,Gold,United States of America,Debra Brandewie,https://www.paralympic.org/debra-brandewie
1988,Seoul,Summer,1988 Summer Paralympics (Seoul),Swimming,Women's 100 m Freestyle 4,Silver,United States of America,Arden Adams,https://www.paralympic.org/arden-adams
1988,Seoul,Summer,1988 Summer Paralympics (Seoul),Swimming,Women's 100 m Freestyle 6,Silver,United States of America,Nancy Clarke,https://www.paralympic.org/nancy-clarke
1988,Seoul,Summer,1988 Summer Paralympics (Seoul),Swimming,Women's 200 m Freestyle C4,Bronze,United States of America,Victoria Williams,https://www.paralympic.org/victoria-williams
1988,Seoul,Summer,1988 Summer Paralympics (Seoul),Swimming,Women's 400 m Freestyle B2,Gold,United States of America,Trischa Zorn,https://www.paralympic.org/trischa-zorn
1988,Seoul,Summer,1988 Summer Paralympics (Seoul),Swimming,Women's 400 m Freestyle B3,Gold,United States of America,Debra Brandewie,https://www.paralympic.org/debra-brandewie
1988,Seoul,Summer,1988 Summer Paralympics (Seoul),Swimming,Women's 400 m Freestyle C3-4,Bronze,United States of America,Victoria Williams,https://www.paralympic.org/victoria-williams
1988,Seoul,Summer,1988 Summer Paralympics (Seoul),Swimming,Women's 400 m Freestyle 4,Silver,United States of America,Arden Adams,https://www.paralympic.org/arden-adams
1988,Seoul,Summer,1988 Summer Paralympics (Seoul),Swimming,Women's 400 m Freestyle 6,Silver,United States of America,Nancy Clarke,https://www.paralympic.org/nancy-clarke
1988,Seoul,Summer,1988 Summer Paralympics (Seoul),Swimming,Women's 50 m Freestyle B2,Gold,United States of America,Trischa Zorn,https://www.paralympic.org/trischa-zorn
1988,Seoul,Summer,1988 Summer Paralympics (Seoul),Swimming,Women's 50 m Freestyle B3,Gold,United States of America,Debra Brandewie,https://www.paralympic.org/debra-brandewie
1988,Seoul,Summer,1988 Summer Paralympics (Seoul),Swimming,Women's 50 m Freestyle L2,Silver,United States of America,Nancy Stewart,https://www.paralympic.org/nancy-stewart
1988,Seoul,Summer,1988 Summer Paralympics (Seoul),Swimming,Women's 50 m Freestyle 2,Gold,United States of America,Cynthia Gettinger,https://www.paralympic.org/cynthia-gettinger
1988,Seoul,Summer,1988 Summer Paralympics (Seoul),Swimming,Women's 50 m Freestyle 2,Silver,United States of America,Judith Smith,https://www.paralympic.org/judith-smith
1988,Seoul,Summer,1988 Summer Paralympics (Seoul),Swimming,Women's 200 m Individual Medley A2,Bronze,United States of America,Jan Wilson,https://www.paralympic.org/jan-wilson
1988,Seoul,Summer,1988 Summer Paralympics (Seoul),Swimming,Women's 200 m Individual Medley B2,Gold,United States of America,Trischa Zorn,https://www.paralympic.org/trischa-zorn
1988,Seoul,Summer,1988 Summer Paralympics (Seoul),Swimming,Women's 200 m Individual Medley B3,Gold,United States of America,Debra Brandewie,https://www.paralympic.org/debra-brandewie
1988,Seoul,Summer,1988 Summer Paralympics (Seoul),Swimming,Women's 200 m Individual Medley 6,Silver,United States of America,Nancy Clarke,https://www.paralympic.org/nancy-clarke
1988,Seoul,Summer,1988 Summer Paralympics (Seoul),Swimming,Women's 400 m Individual Medley B2,Gold,United States of America,Trischa Zorn,https://www.paralympic.org/trischa-zorn
1988,Seoul,Summer,1988 Summer Paralympics (Seoul),Swimming,Women's 400 m Individual Medley B3,Gold,United States of America,Debra Brandewie,https://www.paralympic.org/debra-brandewie
1988,Seoul,Summer,1988 Summer Paralympics (Seoul),Swimming,Women's 4x100 m Freestyle Relay B1-B3,Gold,United States of America,,
1988,Seoul,Summer,1988 Summer Paralympics (Seoul),Swimming,Women's 4x100 m Medley Relay B1-B3,Gold,United States of America,,
1988,Seoul,Summer,1988 Summer Paralympics (Seoul),Table Tennis,Men's Singles 4,Bronze,United States of America,Michael Dempsey,https://www.paralympic.org/michael-dempsey
1988,Seoul,Summer,1988 Summer Paralympics (Seoul),Table Tennis,Men's Singles 1A-4,Gold,United States of America,Michael Dempsey,https://www.paralympic.org/michael-dempsey
1988,Seoul,Summer,1988 Summer Paralympics (Seoul),Table Tennis,Men's Teams 1A,Bronze,United States of America,,
1988,Seoul,Summer,1988 Summer Paralympics (Seoul),Table Tennis,Women's Singles 3,Silver,United States of America,Jennifer Johnson,https://www.paralympic.org/jennifer-johnson
1988,Seoul,Summer,1988 Summer Paralympics (Seoul),Table Tennis,Women's Singles 4,Gold,United States of America,Terese Terranova,https://www.paralympic.org/terese-terranova
1988,Seoul,Summer,1988 Summer Paralympics (Seoul),Table Tennis,Women's Singles 2-4,Gold,United States of America,Jennifer Johnson,https://www.paralympic.org/jennifer-johnson
1988,Seoul,Summer,1988 Summer Paralympics (Seoul),Table Tennis,Women's Teams 4,Gold,United States of America,,
1988,Seoul,Summer,1988 Summer Paralympics (Seoul),Wheelchair Basketball,Men's Tournament,Gold,United States of America,,
1988,Seoul,Summer,1988 Summer Paralympics (Seoul),Wheelchair Basketball,Women's Tournament,Gold,United States of America,,
1988,Seoul,Summer,1988 Summer Paralympics (Seoul),Weightlifting,Men's -75 kg,Gold,United States of America,Charles Roedelbronn,https://www.paralympic.org/charles-roedelbronn
1988,Seoul,Summer,1988 Summer Paralympics (Seoul),Weightlifting,Men's -85 kg,Silver,United States of America,Mitchell Strickland,https://www.paralympic.org/mitchell-strickland
1988,Seoul,Summer,1988 Summer Paralympics (Seoul),Weightlifting,Men's +95 kg,Silver,United States of America,Kim Brownfield,https://www.paralympic.org/kim-brownfield
1988,Innsbruck,Winter,1988 Winter Paralympics (Innsbruck),Alpine Skiing,Men's Downhill LW1,Gold,United States of America,Dan Ashbaugh,https://www.paralympic.org/dan-ashbaugh
1988,Innsbruck,Winter,1988 Winter Paralympics (Innsbruck),Alpine Skiing,Men's Downhill LW1,Silver,United States of America,Mark Godfrey,https://www.paralympic.org/mark-godfrey
1988,Innsbruck,Winter,1988 Winter Paralympics (Innsbruck),Alpine Skiing,Men's Downhill LW2,Silver,United States of America,Greg Mannino,https://www.paralympic.org/greg-mannino
1988,Innsbruck,Winter,1988 Winter Paralympics (Innsbruck),Alpine Skiing,Men's Downhill LW4,Bronze,United States of America,Rik Heid,https://www.paralympic.org/rik-heid
1988,Innsbruck,Winter,1988 Winter Paralympics (Innsbruck),Alpine Skiing,Men's Downhill LW5/7,Silver,United States of America,Kip Roth,https://www.paralympic.org/kip-roth
1988,Innsbruck,Winter,1988 Winter Paralympics (Innsbruck),Alpine Skiing,Men's Downhill LW9,Bronze,United States of America,Robert Stroshine,https://www.paralympic.org/robert-stroshine
1988,Innsbruck,Winter,1988 Winter Paralympics (Innsbruck),Alpine Skiing,Men's Giant Slalom LW1,Gold,United States of America,Dan Ashbaugh,https://www.paralympic.org/dan-ashbaugh
1988,Innsbruck,Winter,1988 Winter Paralympics (Innsbruck),Alpine Skiing,Men's Giant Slalom LW1,Silver,United States of America,Mark Godfrey,https://www.paralympic.org/mark-godfrey
1988,Innsbruck,Winter,1988 Winter Paralympics (Innsbruck),Alpine Skiing,Men's Giant Slalom LW2,Silver,United States of America,Greg Mannino,https://www.paralympic.org/greg-mannino
1988,Innsbruck,Winter,1988 Winter Paralympics (Innsbruck),Alpine Skiing,Men's Giant Slalom LW3,Gold,United States of America,Paul Dibello,https://www.paralympic.org/paul-dibello
1988,Innsbruck,Winter,1988 Winter Paralympics (Innsbruck),Alpine Skiing,Men's Giant Slalom LW9,Bronze,United States of America,Robert Stroshine,https://www.paralympic.org/robert-stroshine
1988,Innsbruck,Winter,1988 Winter Paralympics (Innsbruck),Alpine Skiing,Men's Slalom LW1,Gold,United States of America,Dan Ashbaugh,https://www.paralympic.org/dan-ashbaugh
1988,Innsbruck,Winter,1988 Winter Paralympics (Innsbruck),Alpine Skiing,Men's Slalom LW1,Silver,United States of America,Mark Godfrey,https://www.paralympic.org/mark-godfrey
1988,Innsbruck,Winter,1988 Winter Paralympics (Innsbruck),Alpine Skiing,Men's Slalom LW2,Silver,United States of America,David Jamison,https://www.paralympic.org/david-jamison
1988,Innsbruck,Winter,1988 Winter Paralympics (Innsbruck),Alpine Skiing,Men's Slalom LW4,Bronze,United States of America,Rik Heid,https://www.paralympic.org/rik-heid
1988,Innsbruck,Winter,1988 Winter Paralympics (Innsbruck),Alpine Skiing,Men's Slalom LW5/7,Silver,United States of America,Kip Roth,https://www.paralympic.org/kip-roth
1988,Innsbruck,Winter,1988 Winter Paralympics (Innsbruck),Alpine Skiing,Men's Slalom LW9,Bronze,United States of America,Don Garcia,https://www.paralympic.org/don-garcia
1988,Innsbruck,Winter,1988 Winter Paralympics (Innsbruck),Alpine Skiing,Women's Downhill LW2,Gold,United States of America,Diana Golden,https://www.paralympic.org/diana-golden
1988,Innsbruck,Winter,1988 Winter Paralympics (Innsbruck),Alpine Skiing,Women's Downhill LW2,Silver,United States of America,Martha Hill,https://www.paralympic.org/martha-hill
1988,Innsbruck,Winter,1988 Winter Paralympics (Innsbruck),Alpine Skiing,Women's Downhill LW4,Silver,United States of America,Lana Jo Chapin,https://www.paralympic.org/lana-jo-chapin
1988,Innsbruck,Winter,1988 Winter Paralympics (Innsbruck),Alpine Skiing,Women's Downhill LW6/8,Silver,United States of America,Nancy Gustafson,https://www.paralympic.org/nancy-gustafson
1988,Innsbruck,Winter,1988 Winter Paralympics (Innsbruck),Alpine Skiing,Women's Downhill B1,Silver,United States of America,Cara Dunne,https://www.paralympic.org/cara-dunne
1988,Innsbruck,Winter,1988 Winter Paralympics (Innsbruck),Alpine Skiing,Women's Giant Slalom LW2,Gold,United States of America,Diana Golden,https://www.paralympic.org/diana-golden
1988,Innsbruck,Winter,1988 Winter Paralympics (Innsbruck),Alpine Skiing,Women's Giant Slalom LW4,Silver,United States of America,Lana Jo Chapin,https://www.paralympic.org/lana-jo-chapin
1988,Innsbruck,Winter,1988 Winter Paralympics (Innsbruck),Alpine Skiing,Women's Giant Slalom LW6/8,Silver,United States of America,Kathy Pitcher,https://www.paralympic.org/kathy-pitcher
1988,Innsbruck,Winter,1988 Winter Paralympics (Innsbruck),Alpine Skiing,Women's Giant Slalom LW10,Silver,United States of America,Marilyn Hamilton,https://www.paralympic.org/marilyn-hamilton
1988,Innsbruck,Winter,1988 Winter Paralympics (Innsbruck),Alpine Skiing,Women's Giant Slalom B1,Silver,United States of America,Cara Dunne,https://www.paralympic.org/cara-dunne
1988,Innsbruck,Winter,1988 Winter Paralympics (Innsbruck),Alpine Skiing,Women's Slalom LW2,Silver,United States of America,Martha Hill,https://www.paralympic.org/martha-hill
1988,Innsbruck,Winter,1988 Winter Paralympics (Innsbruck),Cross Country,Men's Long Distance 30 km B3,Bronze,United States of America,Joe Walsh,https://www.paralympic.org/joe-walsh
1988,Innsbruck,Winter,1988 Winter Paralympics (Innsbruck),Cross Country,Men's Short Distance 15 km B3,Gold,United States of America,Robert Walsh,https://www.paralympic.org/robert-walsh
1992,Barcelona,Summer,1992 Summer Paralympics (Barcelona),Archery,Men's Individual AR1,Silver,United States of America,Richard Spizzirri,https://www.paralympic.org/richard-spizzirri
1992,Barcelona,Summer,1992 Summer Paralympics (Barcelona),Athletics,Men's 100 m C3-4,Gold,United States of America,David Larson,https://www.paralympic.org/david-larson
1992,Barcelona,Summer,1992 Summer Paralympics (Barcelona),Athletics,Men's 100 m C3-4,Silver,United States of America,Ross Davis,https://www.paralympic.org/ross-davis
1992,Barcelona,Summer,1992 Summer Paralympics (Barcelona),Athletics,Men's 100 m C5,Gold,United States of America,Larry Banks,https://www.paralympic.org/larry-banks
1992,Barcelona,Summer,1992 Summer Paralympics (Barcelona),Athletics,Men's 100 m C6,Gold,United States of America,Freeman Register,https://www.paralympic.org/freeman-register
1992,Barcelona,Summer,1992 Summer Paralympics (Barcelona),Athletics,Men's 100 m C6,Bronze,United States of America,Eric Stenback,https://www.paralympic.org/eric-stenback
1992,Barcelona,Summer,1992 Summer Paralympics (Barcelona),Athletics,Men's 100 m C8,Bronze,United States of America,Thomas Dietz,https://www.paralympic.org/thomas-dietz
1992,Barcelona,Summer,1992 Summer Paralympics (Barcelona),Athletics,Men's 100 m TS1,Gold,United States of America,Joe Gaetani,https://www.paralympic.org/joe-gaetani
1992,Barcelona,Summer,1992 Summer Paralympics (Barcelona),Athletics,Men's 100 m TS2,Gold,United States of America,Tony Volpentest,https://www.paralympic.org/tony-volpentest
1992,Barcelona,Summer,1992 Summer Paralympics (Barcelona),Athletics,Men's 100 m TS2,Silver,United States of America,Dennis Oehler,https://www.paralympic.org/dennis-oehler
1992,Barcelona,Summer,1992 Summer Paralympics (Barcelona),Athletics,Men's 100 m TW1,Gold,United States of America,Bart Dodson,https://www.paralympic.org/bart-dodson
1992,Barcelona,Summer,1992 Summer Paralympics (Barcelona),Athletics,Men's 100 m TW2,Gold,United States of America,Paul Nitz,https://www.paralympic.org/paul-nitz
1992,Barcelona,Summer,1992 Summer Paralympics (Barcelona),Athletics,Men's 100 m TW2,Bronze,United States of America,Bradley Ramage,https://www.paralympic.org/bradley-ramage
1992,Barcelona,Summer,1992 Summer Paralympics (Barcelona),Athletics,Men's 200 m B3,Bronze,United States of America,Brian Pegram,https://www.paralympic.org/brian-pegram
1992,Barcelona,Summer,1992 Summer Paralympics (Barcelona),Athletics,Men's 200 m C3-4,Gold,United States of America,David Larson,https://www.paralympic.org/david-larson
1992,Barcelona,Summer,1992 Summer Paralympics (Barcelona),Athletics,Men's 200 m C3-4,Silver,United States of America,Ross Davis,https://www.paralympic.org/ross-davis
1992,Barcelona,Summer,1992 Summer Paralympics (Barcelona),Athletics,Men's 200 m C3-4,Bronze,United States of America,Christopher Ridgway,https://www.paralympic.org/christopher-ridgway
1992,Barcelona,Summer,1992 Summer Paralympics (Barcelona),Athletics,Men's 200 m C5-6,Silver,United States of America,Eric Stenback,https://www.paralympic.org/eric-stenback
1992,Barcelona,Summer,1992 Summer Paralympics (Barcelona),Athletics,Men's 200 m C5-6,Bronze,United States of America,Freeman Register,https://www.paralympic.org/freeman-register
1992,Barcelona,Summer,1992 Summer Paralympics (Barcelona),Athletics,Men's 200 m TS1,Gold,United States of America,Joe Gaetani,https://www.paralympic.org/joe-gaetani
1992,Barcelona,Summer,1992 Summer Paralympics (Barcelona),Athletics,Men's 200 m TS1,Bronze,United States of America,Todd Schaffhauser,https://www.paralympic.org/todd-schaffhauser
1992,Barcelona,Summer,1992 Summer Paralympics (Barcelona),Athletics,Men's 200 m TS2,Gold,United States of America,Tony Volpentest,https://www.paralympic.org/tony-volpentest
1992,Barcelona,Summer,1992 Summer Paralympics (Barcelona),Athletics,Men's 200 m TS2,Bronze,United States of America,Dennis Oehler,https://www.paralympic.org/dennis-oehler
1992,Barcelona,Summer,1992 Summer Paralympics (Barcelona),Athletics,Men's 200 m TW1,Gold,United States of America,Bart Dodson,https://www.paralympic.org/bart-dodson
1992,Barcelona,Summer,1992 Summer Paralympics (Barcelona),Athletics,Men's 200 m TW2,Gold,United States of America,Shawn Meredith,https://www.paralympic.org/shawn-meredith
1992,Barcelona,Summer,1992 Summer Paralympics (Barcelona),Athletics,Men's 400 m B3,Silver,United States of America,Brian Pegram,https://www.paralympic.org/brian-pegram
1992,Barcelona,Summer,1992 Summer Paralympics (Barcelona),Athletics,Men's 400 m C3-4,Gold,United States of America,David Larson,https://www.paralympic.org/david-larson
1992,Barcelona,Summer,1992 Summer Paralympics (Barcelona),Athletics,Men's 400 m C3-4,Silver,United States of America,Ross Davis,https://www.paralympic.org/ross-davis
1992,Barcelona,Summer,1992 Summer Paralympics (Barcelona),Athletics,Men's 400 m C3-4,Bronze,United States of America,Christopher Ridgway,https://www.paralympic.org/christopher-ridgway
1992,Barcelona,Summer,1992 Summer Paralympics (Barcelona),Athletics,Men's 400 m C6,Silver,United States of America,Michael Lagasse,https://www.paralympic.org/michael-lagasse
1992,Barcelona,Summer,1992 Summer Paralympics (Barcelona),Athletics,Men's 400 m C6,Bronze,United States of America,Eric Stenback,https://www.paralympic.org/eric-stenback
1992,Barcelona,Summer,1992 Summer Paralympics (Barcelona),Athletics,Men's 400 m TS2,Gold,United States of America,Joseph LeMar,https://www.paralympic.org/joseph-lemar
1992,Barcelona,Summer,1992 Summer Paralympics (Barcelona),Athletics,Men's 400 m TW1,Gold,United States of America,Bart Dodson,https://www.paralympic.org/bart-dodson
1992,Barcelona,Summer,1992 Summer Paralympics (Barcelona),Athletics,Men's 400 m TW2,Bronze,United States of America,Bradley Ramage,https://www.paralympic.org/bradley-ramage
1992,Barcelona,Summer,1992 Summer Paralympics (Barcelona),Athletics,Men's 400 m TW4,Gold,United States of America,Michael Noe,https://www.paralympic.org/michael-noe
1992,Barcelona,Summer,1992 Summer Paralympics (Barcelona),Athletics,Men's 800 m C3-4,Gold,United States of America,David Larson,https://www.paralympic.org/david-larson
1992,Barcelona,Summer,1992 Summer Paralympics (Barcelona),Athletics,Men's 800 m C3-4,Silver,United States of America,Ross Davis,https://www.paralympic.org/ross-davis
1992,Barcelona,Summer,1992 Summer Paralympics (Barcelona),Athletics,Men's 800 m C3-4,Bronze,United States of America,Christopher Ridgway,https://www.paralympic.org/christopher-ridgway
1992,Barcelona,Summer,1992 Summer Paralympics (Barcelona),Athletics,Men's 800 m TW1,Gold,United States of America,Bart Dodson,https://www.paralympic.org/bart-dodson
1992,Barcelona,Summer,1992 Summer Paralympics (Barcelona),Athletics,Men's 800 m TW4,Gold,United States of America,Scot Hollonbeck,https://www.paralympic.org/scot-hollonbeck
1992,Barcelona,Summer,1992 Summer Paralympics (Barcelona),Athletics,Men's 800 m TW4,Bronze,United States of America,Cisco Jeter,https://www.paralympic.org/cisco-jeter
1992,Barcelona,Summer,1992 Summer Paralympics (Barcelona),Athletics,Men's 1500 m TW1,Gold,United States of America,Bart Dodson,https://www.paralympic.org/bart-dodson
1992,Barcelona,Summer,1992 Summer Paralympics (Barcelona),Athletics,Men's 1500 m TW3-4,Gold,United States of America,Michael Noe,https://www.paralympic.org/michael-noe
1992,Barcelona,Summer,1992 Summer Paralympics (Barcelona),Athletics,Men's 1500 m TW3-4,Silver,United States of America,Scot Hollonbeck,https://www.paralympic.org/scot-hollonbeck
1992,Barcelona,Summer,1992 Summer Paralympics (Barcelona),Athletics,Men's 5000 m TW1,Gold,United States of America,Bart Dodson,https://www.paralympic.org/bart-dodson
1992,Barcelona,Summer,1992 Summer Paralympics (Barcelona),Athletics,Men's Discus Throw B1,Bronze,United States of America,Richard Ruffalo,https://www.paralympic.org/richard-ruffalo
1992,Barcelona,Summer,1992 Summer Paralympics (Barcelona),Athletics,Men's Discus Throw C5,Silver,United States of America,Denton Johnson,https://www.paralympic.org/denton-johnson
1992,Barcelona,Summer,1992 Summer Paralympics (Barcelona),Athletics,Men's Discus Throw C5,Bronze,United States of America,Thomas Becke,https://www.paralympic.org/thomas-becke
1992,Barcelona,Summer,1992 Summer Paralympics (Barcelona),Athletics,Men's Discus Throw THW2-3,Silver,United States of America,Gabriel Diaz de Leon,https://www.paralympic.org/gabriel-diaz-de-leon-0
1992,Barcelona,Summer,1992 Summer Paralympics (Barcelona),Athletics,Men's Discus Throw THW5,Bronze,United States of America,Arnold Astrada,https://www.paralympic.org/arnold-astrada
1992,Barcelona,Summer,1992 Summer Paralympics (Barcelona),Athletics,Men's High Jump B3,Gold,United States of America,Jonathan Orcutt,https://www.paralympic.org/jonathan-orcutt
1992,Barcelona,Summer,1992 Summer Paralympics (Barcelona),Athletics,Men's High Jump B3,Silver,United States of America,Enest Bliey,https://www.paralympic.org/enest-bliey
1992,Barcelona,Summer,1992 Summer Paralympics (Barcelona),Athletics,Men's High Jump J4,Bronze,United States of America,Dana Jaster,https://www.paralympic.org/dana-jaster
1992,Barcelona,Summer,1992 Summer Paralympics (Barcelona),Athletics,Men's Javelin B1,Silver,United States of America,Richard Ruffalo,https://www.paralympic.org/richard-ruffalo
1992,Barcelona,Summer,1992 Summer Paralympics (Barcelona),Athletics,Men's Javelin C5,Bronze,United States of America,Thomas Becke,https://www.paralympic.org/thomas-becke
1992,Barcelona,Summer,1992 Summer Paralympics (Barcelona),Athletics,Men's Javelin THW2,Silver,United States of America,Douglas Heir,https://www.paralympic.org/douglas-heir
1992,Barcelona,Summer,1992 Summer Paralympics (Barcelona),Athletics,Men's Javelin THW3,Gold,United States of America,Gabriel Diaz de Leon,https://www.paralympic.org/gabriel-diaz-de-leon-0
1992,Barcelona,Summer,1992 Summer Paralympics (Barcelona),Athletics,Men's Long Jump B3,Gold,United States of America,Enest Bliey,https://www.paralympic.org/enest-bliey
1992,Barcelona,Summer,1992 Summer Paralympics (Barcelona),Athletics,Men's Long Jump J1,Silver,United States of America,Al Mead,https://www.paralympic.org/al-mead
1992,Barcelona,Summer,1992 Summer Paralympics (Barcelona),Athletics,Men's Long Jump J2,Gold,United States of America,Dennis Oehler,https://www.paralympic.org/dennis-oehler
1992,Barcelona,Summer,1992 Summer Paralympics (Barcelona),Athletics,Men's Long Jump J2,Bronze,United States of America,Matthew Bulow,https://www.paralympic.org/matthew-bulow
1992,Barcelona,Summer,1992 Summer Paralympics (Barcelona),Athletics,Men's Pentathlon PS4,Silver,United States of America,Dennis Oehler,https://www.paralympic.org/dennis-oehler
1992,Barcelona,Summer,1992 Summer Paralympics (Barcelona),Athletics,Men's Pentathlon PS4,Bronze,United States of America,Thomas Bourgeois,https://www.paralympic.org/thomas-bourgeois
1992,Barcelona,Summer,1992 Summer Paralympics (Barcelona),Athletics,Men's Pentathlon PW3-4,Bronze,United States of America,Kevin Saunders,https://www.paralympic.org/kevin-saunders
1992,Barcelona,Summer,1992 Summer Paralympics (Barcelona),Athletics,Men's 4x100 m B1>B3,Bronze,United States of America,,
1992,Barcelona,Summer,1992 Summer Paralympics (Barcelona),Athletics,Men's 4x100 m C5>8,Gold,United States of America,,
1992,Barcelona,Summer,1992 Summer Paralympics (Barcelona),Athletics,"Men's 4x100 m TS2,4",Silver,United States of America,,
1992,Barcelona,Summer,1992 Summer Paralympics (Barcelona),Athletics,Men's 4x100 m TW1-2,Gold,United States of America,,
1992,Barcelona,Summer,1992 Summer Paralympics (Barcelona),Athletics,Men's 4x400 m TW1-2,Gold,United States of America,,
1992,Barcelona,Summer,1992 Summer Paralympics (Barcelona),Athletics,Men's 4x400 m TW3-4,Gold,United States of America,,
1992,Barcelona,Summer,1992 Summer Paralympics (Barcelona),Athletics,Men's Shot Put B1,Bronze,United States of America,James Mastro,https://www.paralympic.org/james-mastro
1992,Barcelona,Summer,1992 Summer Paralympics (Barcelona),Athletics,Men's Shot Put C3-4,Bronze,United States of America,Eric Owens,https://www.paralympic.org/eric-owens
1992,Barcelona,Summer,1992 Summer Paralympics (Barcelona),Athletics,Men's Shot Put C5,Silver,United States of America,Thomas Becke,https://www.paralympic.org/thomas-becke
1992,Barcelona,Summer,1992 Summer Paralympics (Barcelona),Athletics,Men's Shot Put C5,Bronze,United States of America,Denton Johnson,https://www.paralympic.org/denton-johnson
1992,Barcelona,Summer,1992 Summer Paralympics (Barcelona),Athletics,Men's Shot Put THS3,Silver,United States of America,Jim McElhiney,https://www.paralympic.org/jim-mcelhiney
1992,Barcelona,Summer,1992 Summer Paralympics (Barcelona),Athletics,Men's Shot Put THW2,Gold,United States of America,Douglas Heir,https://www.paralympic.org/douglas-heir
1992,Barcelona,Summer,1992 Summer Paralympics (Barcelona),Athletics,Men's Shot Put THW5,Silver,United States of America,Arnold Astrada,https://www.paralympic.org/arnold-astrada
1992,Barcelona,Summer,1992 Summer Paralympics (Barcelona),Athletics,Men's Shot Put THW6,Gold,United States of America,Terry Pickinpaugh,https://www.paralympic.org/terry-pickinpaugh
1992,Barcelona,Summer,1992 Summer Paralympics (Barcelona),Athletics,Women's 100 m B3,Gold,United States of America,Marla Runyan,https://www.paralympic.org/marla-runyan
1992,Barcelona,Summer,1992 Summer Paralympics (Barcelona),Athletics,Women's 200 m B3,Gold,United States of America,Marla Runyan,https://www.paralympic.org/marla-runyan
1992,Barcelona,Summer,1992 Summer Paralympics (Barcelona),Athletics,Women's 200 m TW2,Gold,United States of America,Jean Waters,https://www.paralympic.org/jean-waters
1992,Barcelona,Summer,1992 Summer Paralympics (Barcelona),Athletics,Women's 200 m TW3,Bronze,United States of America,Patricia Durkin,https://www.paralympic.org/patricia-durkin
1992,Barcelona,Summer,1992 Summer Paralympics (Barcelona),Athletics,Women's 400 m B3,Gold,United States of America,Marla Runyan,https://www.paralympic.org/marla-runyan
1992,Barcelona,Summer,1992 Summer Paralympics (Barcelona),Athletics,Women's 400 m TW2,Silver,United States of America,Jean Waters,https://www.paralympic.org/jean-waters
1992,Barcelona,Summer,1992 Summer Paralympics (Barcelona),Athletics,Women's 800 m B2,Bronze,United States of America,Pamela Mcgonigle,https://www.paralympic.org/pamela-mcgonigle
1992,Barcelona,Summer,1992 Summer Paralympics (Barcelona),Athletics,Women's 1500 m B2,Bronze,United States of America,Pamela Mcgonigle,https://www.paralympic.org/pamela-mcgonigle
1992,Barcelona,Summer,1992 Summer Paralympics (Barcelona),Athletics,Women's 3000 m B2,Gold,United States of America,Pamela Mcgonigle,https://www.paralympic.org/pamela-mcgonigle
1992,Barcelona,Summer,1992 Summer Paralympics (Barcelona),Athletics,Women's 10000 m TW3-4,Bronze,United States of America,Ann Cody,https://www.paralympic.org/ann-cody
1992,Barcelona,Summer,1992 Summer Paralympics (Barcelona),Athletics,Women's Discus Throw THW4,Bronze,United States of America,Jackie Wulftange,https://www.paralympic.org/jackie-wulftange
1992,Barcelona,Summer,1992 Summer Paralympics (Barcelona),Athletics,Women's Discus Throw THW5,Bronze,United States of America,Laura Schwanger,https://www.paralympic.org/laura-schwanger
1992,Barcelona,Summer,1992 Summer Paralympics (Barcelona),Athletics,Women's Discus Throw THW7,Silver,United States of America,Kathryne Lynne Carlton,https://www.paralympic.org/kathryne-lynne-carlton
1992,Barcelona,Summer,1992 Summer Paralympics (Barcelona),Athletics,Women's Javelin THW5,Silver,United States of America,Laura Schwanger,https://www.paralympic.org/laura-schwanger
1992,Barcelona,Summer,1992 Summer Paralympics (Barcelona),Athletics,Women's Long Jump B3,Gold,United States of America,Marla Runyan,https://www.paralympic.org/marla-runyan
1992,Barcelona,Summer,1992 Summer Paralympics (Barcelona),Athletics,Women's Pentathlon PW3-4,Silver,United States of America,Laura Schwanger,https://www.paralympic.org/laura-schwanger
1992,Barcelona,Summer,1992 Summer Paralympics (Barcelona),Athletics,Women's 4x100 m TW3-4,Gold,United States of America,,
1992,Barcelona,Summer,1992 Summer Paralympics (Barcelona),Athletics,Women's Shot Put THW5,Silver,United States of America,Laura Schwanger,https://www.paralympic.org/laura-schwanger
1992,Barcelona,Summer,1992 Summer Paralympics (Barcelona),Athletics,Women's Shot Put THW7,Gold,United States of America,Kathryne Lynne Carlton,https://www.paralympic.org/kathryne-lynne-carlton
1992,Barcelona,Summer,1992 Summer Paralympics (Barcelona),Boccia,Mixed Individual C1,Silver,United States of America,James Thomson,https://www.paralympic.org/james-thomson
1992,Barcelona,Summer,1992 Summer Paralympics (Barcelona),Cycling,Men's Road Road LC3,Silver,United States of America,Pier Beltram,https://www.paralympic.org/pier-beltram
1992,Barcelona,Summer,1992 Summer Paralympics (Barcelona),Cycling,"Men's Road 1,500 m Time Trial Tricycle CP Div 2",Silver,United States of America,Corey Huntley,https://www.paralympic.org/corey-huntley
1992,Barcelona,Summer,1992 Summer Paralympics (Barcelona),Cycling,Women's Road 5 km Time Trial Bicycle CP Div 3,Gold,United States of America,Erika Benjamin,https://www.paralympic.org/erika-benjamin
1992,Barcelona,Summer,1992 Summer Paralympics (Barcelona),Cycling,Mixed Road Tandem Open,Silver,United States of America,,
1992,Barcelona,Summer,1992 Summer Paralympics (Barcelona),Judo,Men's -78 kg,Silver,United States of America,Brett Lewis,https://www.paralympic.org/brett-lewis
1992,Barcelona,Summer,1992 Summer Paralympics (Barcelona),Judo,Men's -95 kg,Silver,United States of America,Lynn Manning,https://www.paralympic.org/lynn-manning
1992,Barcelona,Summer,1992 Summer Paralympics (Barcelona),Powerlifting,Men's -52 kg,Silver,United States of America,Chris O'Neill,https://www.paralympic.org/chris-o-neill
1992,Barcelona,Summer,1992 Summer Paralympics (Barcelona),Swimming,Men's 100 m Backstroke B1,Gold,United States of America,John Morgan,https://www.paralympic.org/john-morgan
1992,Barcelona,Summer,1992 Summer Paralympics (Barcelona),Swimming,Men's 100 m Backstroke B1,Silver,United States of America,Daniel Kelly,https://www.paralympic.org/daniel-kelly
1992,Barcelona,Summer,1992 Summer Paralympics (Barcelona),Swimming,Men's 200 m Backstroke B1,Gold,United States of America,John Morgan,https://www.paralympic.org/john-morgan
1992,Barcelona,Summer,1992 Summer Paralympics (Barcelona),Swimming,Men's 200 m Backstroke B1,Silver,United States of America,Daniel Kelly,https://www.paralympic.org/daniel-kelly
1992,Barcelona,Summer,1992 Summer Paralympics (Barcelona),Swimming,Men's 50 m Breaststroke SB2,Bronze,United States of America,James Thompson,https://www.paralympic.org/james-thompson
1992,Barcelona,Summer,1992 Summer Paralympics (Barcelona),Swimming,Men's 100 m Breaststroke SB4,Silver,United States of America,Gregory Burns,https://www.paralympic.org/gregory-burns
1992,Barcelona,Summer,1992 Summer Paralympics (Barcelona),Swimming,Men's 100 m Breaststroke B1,Silver,United States of America,John Morgan,https://www.paralympic.org/john-morgan
1992,Barcelona,Summer,1992 Summer Paralympics (Barcelona),Swimming,Men's 200 m Breaststroke B1,Silver,United States of America,John Morgan,https://www.paralympic.org/john-morgan
1992,Barcelona,Summer,1992 Summer Paralympics (Barcelona),Swimming,Men's 200 m Breaststroke B1,Bronze,United States of America,Daniel Kelly,https://www.paralympic.org/daniel-kelly
1992,Barcelona,Summer,1992 Summer Paralympics (Barcelona),Swimming,Men's 100 m Butterfly B1-2,Gold,United States of America,John Morgan,https://www.paralympic.org/john-morgan
1992,Barcelona,Summer,1992 Summer Paralympics (Barcelona),Swimming,Men's 100 m Freestyle S6,Silver,United States of America,Kevin Sullivan,https://www.paralympic.org/kevin-sullivan
1992,Barcelona,Summer,1992 Summer Paralympics (Barcelona),Swimming,Men's 100 m Freestyle S9,Silver,United States of America,Donnie Keller,https://www.paralympic.org/donnie-keller
1992,Barcelona,Summer,1992 Summer Paralympics (Barcelona),Swimming,Men's 100 m Freestyle B1,Gold,United States of America,John Morgan,https://www.paralympic.org/john-morgan
1992,Barcelona,Summer,1992 Summer Paralympics (Barcelona),Swimming,Men's 100 m Freestyle B1,Bronze,United States of America,Daniel Kelly,https://www.paralympic.org/daniel-kelly
1992,Barcelona,Summer,1992 Summer Paralympics (Barcelona),Swimming,Men's 400 m Freestyle S8,Gold,United States of America,Jason Wening,https://www.paralympic.org/jason-wening
1992,Barcelona,Summer,1992 Summer Paralympics (Barcelona),Swimming,Men's 400 m Freestyle B1,Gold,United States of America,John Morgan,https://www.paralympic.org/john-morgan
1992,Barcelona,Summer,1992 Summer Paralympics (Barcelona),Swimming,Men's 400 m Freestyle B1,Silver,United States of America,Daniel Kelly,https://www.paralympic.org/daniel-kelly
1992,Barcelona,Summer,1992 Summer Paralympics (Barcelona),Swimming,Men's 50 m Freestyle S4,Silver,United States of America,Gene Viens,https://www.paralympic.org/gene-viens
1992,Barcelona,Summer,1992 Summer Paralympics (Barcelona),Swimming,Men's 50 m Freestyle S6,Bronze,United States of America,Kevin Sullivan,https://www.paralympic.org/kevin-sullivan
1992,Barcelona,Summer,1992 Summer Paralympics (Barcelona),Swimming,Men's 50 m Freestyle S9,Gold,United States of America,Donnie Keller,https://www.paralympic.org/donnie-keller
1992,Barcelona,Summer,1992 Summer Paralympics (Barcelona),Swimming,Men's 50 m Freestyle B1,Gold,United States of America,John Morgan,https://www.paralympic.org/john-morgan
1992,Barcelona,Summer,1992 Summer Paralympics (Barcelona),Swimming,Men's 200 m Medley SM8,Gold,United States of America,Jason Wening,https://www.paralympic.org/jason-wening
1992,Barcelona,Summer,1992 Summer Paralympics (Barcelona),Swimming,Men's 200 m Medley B1,Gold,United States of America,John Morgan,https://www.paralympic.org/john-morgan
1992,Barcelona,Summer,1992 Summer Paralympics (Barcelona),Swimming,Men's 200 m Medley B1,Silver,United States of America,Daniel Kelly,https://www.paralympic.org/daniel-kelly
1992,Barcelona,Summer,1992 Summer Paralympics (Barcelona),Swimming,Men's 400 m Medley B1-2,Gold,United States of America,John Morgan,https://www.paralympic.org/john-morgan
1992,Barcelona,Summer,1992 Summer Paralympics (Barcelona),Swimming,Men's 4x100 m Freestyle S7-10,Gold,United States of America,,
1992,Barcelona,Summer,1992 Summer Paralympics (Barcelona),Swimming,Men's 4x50 m Medley S1-6,Bronze,United States of America,,
1992,Barcelona,Summer,1992 Summer Paralympics (Barcelona),Swimming,Men's 4x100 m Medley S7-10,Bronze,United States of America,,
1992,Barcelona,Summer,1992 Summer Paralympics (Barcelona),Swimming,Women's 100 m Backstroke B2,Gold,United States of America,Trischa Zorn,https://www.paralympic.org/trischa-zorn
1992,Barcelona,Summer,1992 Summer Paralympics (Barcelona),Swimming,Women's 100 m Backstroke B3,Gold,United States of America,Elizabeth Scott,https://www.paralympic.org/elizabeth-scott
1992,Barcelona,Summer,1992 Summer Paralympics (Barcelona),Swimming,Women's 200 m Backstroke B1-2,Gold,United States of America,Trischa Zorn,https://www.paralympic.org/trischa-zorn
1992,Barcelona,Summer,1992 Summer Paralympics (Barcelona),Swimming,Women's 100 m Breaststroke SB5,Gold,United States of America,Camille Black,https://www.paralympic.org/camille-black
1992,Barcelona,Summer,1992 Summer Paralympics (Barcelona),Swimming,Women's 100 m Breaststroke SB5,Bronze,United States of America,Jody Houston,https://www.paralympic.org/jody-houston
1992,Barcelona,Summer,1992 Summer Paralympics (Barcelona),Swimming,Women's 100 m Breaststroke B1-2,Gold,United States of America,Trischa Zorn,https://www.paralympic.org/trischa-zorn
1992,Barcelona,Summer,1992 Summer Paralympics (Barcelona),Swimming,Women's 200 m Breaststroke B1-3,Gold,United States of America,Trischa Zorn,https://www.paralympic.org/trischa-zorn
1992,Barcelona,Summer,1992 Summer Paralympics (Barcelona),Swimming,Women's 100 m Butterfly B2-3,Gold,United States of America,Elizabeth Scott,https://www.paralympic.org/elizabeth-scott
1992,Barcelona,Summer,1992 Summer Paralympics (Barcelona),Swimming,Women's 100 m Butterfly B2-3,Silver,United States of America,Trischa Zorn,https://www.paralympic.org/trischa-zorn
1992,Barcelona,Summer,1992 Summer Paralympics (Barcelona),Swimming,Women's 100 m Freestyle B2,Gold,United States of America,Trischa Zorn,https://www.paralympic.org/trischa-zorn
1992,Barcelona,Summer,1992 Summer Paralympics (Barcelona),Swimming,Women's 100 m Freestyle B3,Gold,United States of America,Elizabeth Scott,https://www.paralympic.org/elizabeth-scott
1992,Barcelona,Summer,1992 Summer Paralympics (Barcelona),Swimming,Women's 100 m Freestyle B3,Silver,United States of America,Heidi Schetter,https://www.paralympic.org/heidi-schetter
1992,Barcelona,Summer,1992 Summer Paralympics (Barcelona),Swimming,Women's 400 m Freestyle S9,Bronze,United States of America,Carolina Saenz,https://www.paralympic.org/carolina-saenz
1992,Barcelona,Summer,1992 Summer Paralympics (Barcelona),Swimming,Women's 400 m Freestyle B2-3,Gold,United States of America,Elizabeth Scott,https://www.paralympic.org/elizabeth-scott
1992,Barcelona,Summer,1992 Summer Paralympics (Barcelona),Swimming,Women's 400 m Freestyle B2-3,Silver,United States of America,Trischa Zorn,https://www.paralympic.org/trischa-zorn
1992,Barcelona,Summer,1992 Summer Paralympics (Barcelona),Swimming,Women's 400 m Freestyle B2-3,Bronze,United States of America,Heidi Schetter,https://www.paralympic.org/heidi-schetter
1992,Barcelona,Summer,1992 Summer Paralympics (Barcelona),Swimming,Women's 50 m Freestyle S6,Silver,United States of America,Camille Black,https://www.paralympic.org/camille-black
1992,Barcelona,Summer,1992 Summer Paralympics (Barcelona),Swimming,Women's 50 m Freestyle S8,Bronze,United States of America,Brenda Smith,https://www.paralympic.org/brenda-smith
1992,Barcelona,Summer,1992 Summer Paralympics (Barcelona),Swimming,Women's 50 m Freestyle S10,Bronze,United States of America,Karen Norris,https://www.paralympic.org/karen-norris
1992,Barcelona,Summer,1992 Summer Paralympics (Barcelona),Swimming,Women's 50 m Freestyle B2,Gold,United States of America,Trischa Zorn,https://www.paralympic.org/trischa-zorn
1992,Barcelona,Summer,1992 Summer Paralympics (Barcelona),Swimming,Women's 50 m Freestyle B3,Gold,United States of America,Elizabeth Scott,https://www.paralympic.org/elizabeth-scott
1992,Barcelona,Summer,1992 Summer Paralympics (Barcelona),Swimming,Women's 50 m Freestyle B3,Bronze,United States of America,Heidi Schetter,https://www.paralympic.org/heidi-schetter
1992,Barcelona,Summer,1992 Summer Paralympics (Barcelona),Swimming,Women's 200 m Medley B2,Gold,United States of America,Trischa Zorn,https://www.paralympic.org/trischa-zorn
1992,Barcelona,Summer,1992 Summer Paralympics (Barcelona),Swimming,Women's 200 m Medley B3,Silver,United States of America,Heidi Schetter,https://www.paralympic.org/heidi-schetter
1992,Barcelona,Summer,1992 Summer Paralympics (Barcelona),Swimming,Women's 400 m Medley B1-3,Gold,United States of America,Trischa Zorn,https://www.paralympic.org/trischa-zorn
1992,Barcelona,Summer,1992 Summer Paralympics (Barcelona),Swimming,Women's 400 m Medley B1-3,Silver,United States of America,Heidi Schetter,https://www.paralympic.org/heidi-schetter
1992,Barcelona,Summer,1992 Summer Paralympics (Barcelona),Swimming,Women's 4x100 m Freestyle S7-10,Gold,United States of America,,
1992,Barcelona,Summer,1992 Summer Paralympics (Barcelona),Swimming,Women's 4x100 m Freestyle B1-3,Gold,United States of America,,
1992,Barcelona,Summer,1992 Summer Paralympics (Barcelona),Swimming,Women's 4x100 m Medley B1-3,Gold,United States of America,,
1992,Barcelona,Summer,1992 Summer Paralympics (Barcelona),Table Tennis,Men's Open 1-5,Silver,United States of America,Michael Dempsey,https://www.paralympic.org/michael-dempsey
1992,Barcelona,Summer,1992 Summer Paralympics (Barcelona),Table Tennis,Men's Singles 8,Gold,United States of America,Mitchell Seidenfeld,https://www.paralympic.org/mitchell-seidenfeld
1992,Barcelona,Summer,1992 Summer Paralympics (Barcelona),Wheelchair Basketball,Women's Tournament,Silver,United States of America,,
1992,Barcelona,Summer,1992 Summer Paralympics (Barcelona),Weightlifting,Men's -75 kg,Gold,United States of America,Charles Rodelbronn,https://www.paralympic.org/charles-rodelbronn
1992,Barcelona,Summer,1992 Summer Paralympics (Barcelona),Weightlifting,Men's -75 kg,Bronze,United States of America,Gerald Millhouse,https://www.paralympic.org/gerald-millhouse
1992,Barcelona,Summer,1992 Summer Paralympics (Barcelona),Weightlifting,Men's -90 kg,Bronze,United States of America,Mitchell Strickland,https://www.paralympic.org/mitchell-strickland
1992,Barcelona,Summer,1992 Summer Paralympics (Barcelona),Weightlifting,Men's +90 kg,Gold,United States of America,Kim Brownfield,https://www.paralympic.org/kim-brownfield
1992,Barcelona,Summer,1992 Summer Paralympics (Barcelona),Wheelchair Tennis,,Gold,United States of America,,
1992,Barcelona,Summer,1992 Summer Paralympics (Barcelona),Wheelchair Tennis,Men's Singles,Gold,United States of America,Randy Snow,https://www.paralympic.org/randy-snow
1992,Barcelona,Summer,1992 Summer Paralympics (Barcelona),Wheelchair Tennis,Women's Doubles,Silver,United States of America,,
1992,Albertville,Winter,1992 Winter Paralympics (Albertville),Alpine Skiing,Men's Downhill LW2,Gold,United States of America,Greg Mannino,https://www.paralympic.org/greg-mannino
1992,Albertville,Winter,1992 Winter Paralympics (Albertville),Alpine Skiing,Men's Downhill LW4,Bronze,United States of America,Rik Heid,https://www.paralympic.org/rik-heid
1992,Albertville,Winter,1992 Winter Paralympics (Albertville),Alpine Skiing,Men's Downhill LW10,Gold,United States of America,Chad Colley,https://www.paralympic.org/chad-colley
1992,Albertville,Winter,1992 Winter Paralympics (Albertville),Alpine Skiing,Men's Downhill LW10,Silver,United States of America,Michael McDougal,https://www.paralympic.org/michael-mcdougal
1992,Albertville,Winter,1992 Winter Paralympics (Albertville),Alpine Skiing,Men's Downhill LW11,Gold,United States of America,Jim Martinson,https://www.paralympic.org/jim-martinson
1992,Albertville,Winter,1992 Winter Paralympics (Albertville),Alpine Skiing,Men's Downhill LW11,Silver,United States of America,David Kiley,https://www.paralympic.org/david-kiley
1992,Albertville,Winter,1992 Winter Paralympics (Albertville),Alpine Skiing,Men's Giant Slalom LW2,Silver,United States of America,Greg Mannino,https://www.paralympic.org/greg-mannino
1992,Albertville,Winter,1992 Winter Paralympics (Albertville),Alpine Skiing,Men's Giant Slalom LW4,Silver,United States of America,Rik Heid,https://www.paralympic.org/rik-heid
1992,Albertville,Winter,1992 Winter Paralympics (Albertville),Alpine Skiing,Men's Giant Slalom LW6/8,Bronze,United States of America,Chris Griffin,https://www.paralympic.org/chris-griffin
1992,Albertville,Winter,1992 Winter Paralympics (Albertville),Alpine Skiing,Men's Giant Slalom LW10,Silver,United States of America,Chris Waddell,https://www.paralympic.org/chris-waddell
1992,Albertville,Winter,1992 Winter Paralympics (Albertville),Alpine Skiing,Men's Giant Slalom LW11,Gold,United States of America,David Kiley,https://www.paralympic.org/david-kiley
1992,Albertville,Winter,1992 Winter Paralympics (Albertville),Alpine Skiing,Men's Giant Slalom B1,Gold,United States of America,Greg Evangelatos,https://www.paralympic.org/greg-evangelatos
1992,Albertville,Winter,1992 Winter Paralympics (Albertville),Alpine Skiing,Men's Giant Slalom B3,Gold,United States of America,Brian Santos,https://www.paralympic.org/brian-santos
1992,Albertville,Winter,1992 Winter Paralympics (Albertville),Alpine Skiing,Men's Super-G LW2,Gold,United States of America,Greg Mannino,https://www.paralympic.org/greg-mannino
1992,Albertville,Winter,1992 Winter Paralympics (Albertville),Alpine Skiing,Men's Super-G LW4,Silver,United States of America,Rik Heid,https://www.paralympic.org/rik-heid
1992,Albertville,Winter,1992 Winter Paralympics (Albertville),Alpine Skiing,Men's Super-G LW10,Gold,United States of America,Chad Colley,https://www.paralympic.org/chad-colley
1992,Albertville,Winter,1992 Winter Paralympics (Albertville),Alpine Skiing,Men's Super-G LW11,Gold,United States of America,David Kiley,https://www.paralympic.org/david-kiley
1992,Albertville,Winter,1992 Winter Paralympics (Albertville),Alpine Skiing,Men's Super-G B1,Silver,United States of America,Greg Evangelatos,https://www.paralympic.org/greg-evangelatos
1992,Albertville,Winter,1992 Winter Paralympics (Albertville),Alpine Skiing,Men's Super-G B3,Gold,United States of America,Brian Santos,https://www.paralympic.org/brian-santos
1992,Albertville,Winter,1992 Winter Paralympics (Albertville),Alpine Skiing,Men's Slalom LW2,Silver,United States of America,Greg Mannino,https://www.paralympic.org/greg-mannino
1992,Albertville,Winter,1992 Winter Paralympics (Albertville),Alpine Skiing,Men's Slalom LW4,Silver,United States of America,Rik Heid,https://www.paralympic.org/rik-heid
1992,Albertville,Winter,1992 Winter Paralympics (Albertville),Alpine Skiing,Men's Slalom LW6/8,Bronze,United States of America,Reed Robinson,https://www.paralympic.org/reed-robinson
1992,Albertville,Winter,1992 Winter Paralympics (Albertville),Alpine Skiing,Men's Slalom LW10,Silver,United States of America,Chris Waddell,https://www.paralympic.org/chris-waddell
1992,Albertville,Winter,1992 Winter Paralympics (Albertville),Alpine Skiing,Men's Slalom LW10,Bronze,United States of America,Michael McDougal,https://www.paralympic.org/michael-mcdougal
1992,Albertville,Winter,1992 Winter Paralympics (Albertville),Alpine Skiing,Men's Slalom LW11,Silver,United States of America,David Kiley,https://www.paralympic.org/david-kiley
1992,Albertville,Winter,1992 Winter Paralympics (Albertville),Alpine Skiing,Women's Downhill LW2,Gold,United States of America,Sarah Billmeier,https://www.paralympic.org/sarah-billmeier
1992,Albertville,Winter,1992 Winter Paralympics (Albertville),Alpine Skiing,Women's Downhill LW2,Silver,United States of America,Cathy Gentile-Patti,https://www.paralympic.org/cathy-gentile-patti
1992,Albertville,Winter,1992 Winter Paralympics (Albertville),Alpine Skiing,Women's Downhill LW2,Bronze,United States of America,Roni Sasaki,https://www.paralympic.org/roni-sasaki
1992,Albertville,Winter,1992 Winter Paralympics (Albertville),Alpine Skiing,"Women's Downhill LW5/7,6/8",Gold,United States of America,Nancy Gustafson,https://www.paralympic.org/nancy-gustafson
1992,Albertville,Winter,1992 Winter Paralympics (Albertville),Alpine Skiing,Women's Downhill LW10-11,Gold,United States of America,Sarah Will,https://www.paralympic.org/sarah-will
1992,Albertville,Winter,1992 Winter Paralympics (Albertville),Alpine Skiing,Women's Downhill LW10-11,Bronze,United States of America,Candace Cable,https://www.paralympic.org/candace-cable
1992,Albertville,Winter,1992 Winter Paralympics (Albertville),Alpine Skiing,Women's Giant Slalom LW2,Gold,United States of America,Sarah Billmeier,https://www.paralympic.org/sarah-billmeier
1992,Albertville,Winter,1992 Winter Paralympics (Albertville),Alpine Skiing,Women's Giant Slalom LW2,Silver,United States of America,Cathy Gentile-Patti,https://www.paralympic.org/cathy-gentile-patti
1992,Albertville,Winter,1992 Winter Paralympics (Albertville),Alpine Skiing,"Women's Giant Slalom LW5/7,6/8",Gold,United States of America,Nancy Gustafson,https://www.paralympic.org/nancy-gustafson
1992,Albertville,Winter,1992 Winter Paralympics (Albertville),Alpine Skiing,Women's Giant Slalom LW10-11,Silver,United States of America,Shannon Bloedel,https://www.paralympic.org/shannon-bloedel
1992,Albertville,Winter,1992 Winter Paralympics (Albertville),Alpine Skiing,Women's Giant Slalom LW10-11,Bronze,United States of America,Candace Cable,https://www.paralympic.org/candace-cable
1992,Albertville,Winter,1992 Winter Paralympics (Albertville),Alpine Skiing,Women's Super-G LW2,Gold,United States of America,Roni Sasaki,https://www.paralympic.org/roni-sasaki
1992,Albertville,Winter,1992 Winter Paralympics (Albertville),Alpine Skiing,Women's Super-G LW2,Silver,United States of America,Sarah Billmeier,https://www.paralympic.org/sarah-billmeier
1992,Albertville,Winter,1992 Winter Paralympics (Albertville),Alpine Skiing,Women's Super-G LW10-11,Gold,United States of America,Sarah Will,https://www.paralympic.org/sarah-will
1992,Albertville,Winter,1992 Winter Paralympics (Albertville),Alpine Skiing,Women's Slalom LW2,Bronze,United States of America,Roni Sasaki,https://www.paralympic.org/roni-sasaki
1992,Albertville,Winter,1992 Winter Paralympics (Albertville),Alpine Skiing,"Women's Slalom LW5/7,6/8",Gold,United States of America,Nancy Gustafson,https://www.paralympic.org/nancy-gustafson
1992,Albertville,Winter,1992 Winter Paralympics (Albertville),Alpine Skiing,Women's Slalom LW10-11,Silver,United States of America,Candace Cable,https://www.paralympic.org/candace-cable
1992,Albertville,Winter,1992 Winter Paralympics (Albertville),Cross Country,Men's Long Distance 10 km LW10,Gold,United States of America,Jeff Pagels,https://www.paralympic.org/jeff-pagels
1992,Albertville,Winter,1992 Winter Paralympics (Albertville),Cross Country,Men's Short Distance 5 km LW10,Gold,United States of America,Jeff Pagels,https://www.paralympic.org/jeff-pagels
1992,Albertville,Winter,1992 Winter Paralympics (Albertville),Cross Country,Men's Short Distance 10 km B3,Bronze,United States of America,Robert Walsh,https://www.paralympic.org/robert-walsh
1994,Lillehammer,Winter,1994 Winter Paralympics (Lillehammer),Alpine Skiing,Men's Downhill LW2,Gold,United States of America,Greg Mannino,https://www.paralympic.org/greg-mannino
1994,Lillehammer,Winter,1994 Winter Paralympics (Lillehammer),Alpine Skiing,Men's Downhill LW4,Gold,United States of America,Rik Heid,https://www.paralympic.org/rik-heid
1994,Lillehammer,Winter,1994 Winter Paralympics (Lillehammer),Alpine Skiing,Men's Downhill LW4,Bronze,United States of America,James Lagerstrom,https://www.paralympic.org/james-lagerstrom
1994,Lillehammer,Winter,1994 Winter Paralympics (Lillehammer),Alpine Skiing,Men's Downhill LWX,Gold,United States of America,Chris Waddell,https://www.paralympic.org/chris-waddell
1994,Lillehammer,Winter,1994 Winter Paralympics (Lillehammer),Alpine Skiing,Men's Downhill LWXI,Silver,United States of America,William Bowness,https://www.paralympic.org/william-bowness
1994,Lillehammer,Winter,1994 Winter Paralympics (Lillehammer),Alpine Skiing,Men's Downhill B3,Gold,United States of America,Brian Santos,https://www.paralympic.org/brian-santos
1994,Lillehammer,Winter,1994 Winter Paralympics (Lillehammer),Alpine Skiing,Men's Giant Slalom LW2,Bronze,United States of America,Greg Mannino,https://www.paralympic.org/greg-mannino
1994,Lillehammer,Winter,1994 Winter Paralympics (Lillehammer),Alpine Skiing,Men's Giant Slalom LW4,Gold,United States of America,Rik Heid,https://www.paralympic.org/rik-heid
1994,Lillehammer,Winter,1994 Winter Paralympics (Lillehammer),Alpine Skiing,Men's Giant Slalom LW4,Silver,United States of America,James Lagerstrom,https://www.paralympic.org/james-lagerstrom
1994,Lillehammer,Winter,1994 Winter Paralympics (Lillehammer),Alpine Skiing,Men's Giant Slalom LWX,Gold,United States of America,Chris Waddell,https://www.paralympic.org/chris-waddell
1994,Lillehammer,Winter,1994 Winter Paralympics (Lillehammer),Alpine Skiing,Men's Giant Slalom LWXI,Gold,United States of America,John Davis,https://www.paralympic.org/john-davis
1994,Lillehammer,Winter,1994 Winter Paralympics (Lillehammer),Alpine Skiing,Men's Giant Slalom B3,Gold,United States of America,Brian Santos,https://www.paralympic.org/brian-santos
1994,Lillehammer,Winter,1994 Winter Paralympics (Lillehammer),Alpine Skiing,Men's Super-G LW2,Gold,United States of America,Greg Mannino,https://www.paralympic.org/greg-mannino
1994,Lillehammer,Winter,1994 Winter Paralympics (Lillehammer),Alpine Skiing,Men's Super-G LW4,Silver,United States of America,Rik Heid,https://www.paralympic.org/rik-heid
1994,Lillehammer,Winter,1994 Winter Paralympics (Lillehammer),Alpine Skiing,Men's Super-G LWX,Gold,United States of America,Chris Waddell,https://www.paralympic.org/chris-waddell
1994,Lillehammer,Winter,1994 Winter Paralympics (Lillehammer),Alpine Skiing,Men's Super-G LWXI,Silver,United States of America,Michael McDougal,https://www.paralympic.org/michael-mcdougal
1994,Lillehammer,Winter,1994 Winter Paralympics (Lillehammer),Alpine Skiing,Men's Super-G LWXI,Bronze,United States of America,William Bowness,https://www.paralympic.org/william-bowness
1994,Lillehammer,Winter,1994 Winter Paralympics (Lillehammer),Alpine Skiing,Men's Super-G B3,Gold,United States of America,Brian Santos,https://www.paralympic.org/brian-santos
1994,Lillehammer,Winter,1994 Winter Paralympics (Lillehammer),Alpine Skiing,Men's Slalom LW2,Bronze,United States of America,Monte Meier,https://www.paralympic.org/monte-meier
1994,Lillehammer,Winter,1994 Winter Paralympics (Lillehammer),Alpine Skiing,Men's Slalom LW1/3,Gold,United States of America,Chris Young,https://www.paralympic.org/chris-young
1994,Lillehammer,Winter,1994 Winter Paralympics (Lillehammer),Alpine Skiing,Men's Slalom LW4,Silver,United States of America,Rik Heid,https://www.paralympic.org/rik-heid
1994,Lillehammer,Winter,1994 Winter Paralympics (Lillehammer),Alpine Skiing,Men's Slalom LW6/8,Silver,United States of America,Jeremy Babcock,https://www.paralympic.org/jeremy-babcock
1994,Lillehammer,Winter,1994 Winter Paralympics (Lillehammer),Alpine Skiing,Men's Slalom LWX,Gold,United States of America,Chris Waddell,https://www.paralympic.org/chris-waddell
1994,Lillehammer,Winter,1994 Winter Paralympics (Lillehammer),Alpine Skiing,Men's Slalom LWXI,Bronze,United States of America,William Bowness,https://www.paralympic.org/william-bowness
1994,Lillehammer,Winter,1994 Winter Paralympics (Lillehammer),Alpine Skiing,Men's Slalom B3,Gold,United States of America,Brian Santos,https://www.paralympic.org/brian-santos
1994,Lillehammer,Winter,1994 Winter Paralympics (Lillehammer),Alpine Skiing,Women's Downhill LW2,Gold,United States of America,Sarah Billmeier,https://www.paralympic.org/sarah-billmeier
1994,Lillehammer,Winter,1994 Winter Paralympics (Lillehammer),Alpine Skiing,Women's Downhill LW6/8,Gold,United States of America,Nancy Gustafson,https://www.paralympic.org/nancy-gustafson
1994,Lillehammer,Winter,1994 Winter Paralympics (Lillehammer),Alpine Skiing,Women's Downhill LWX-XII,Gold,United States of America,Sarah Will,https://www.paralympic.org/sarah-will
1994,Lillehammer,Winter,1994 Winter Paralympics (Lillehammer),Alpine Skiing,Women's Downhill LWX-XII,Silver,United States of America,Kelley Fox,https://www.paralympic.org/kelley-fox
1994,Lillehammer,Winter,1994 Winter Paralympics (Lillehammer),Alpine Skiing,Women's Giant Slalom LW2,Gold,United States of America,Adrienne Rivera,https://www.paralympic.org/adrienne-rivera
1994,Lillehammer,Winter,1994 Winter Paralympics (Lillehammer),Alpine Skiing,Women's Giant Slalom LW6/8,Gold,United States of America,Nancy Gustafson,https://www.paralympic.org/nancy-gustafson
1994,Lillehammer,Winter,1994 Winter Paralympics (Lillehammer),Alpine Skiing,Women's Super-G LW2,Gold,United States of America,Sarah Billmeier,https://www.paralympic.org/sarah-billmeier
1994,Lillehammer,Winter,1994 Winter Paralympics (Lillehammer),Alpine Skiing,Women's Super-G LW2,Bronze,United States of America,Adrienne Rivera,https://www.paralympic.org/adrienne-rivera
1994,Lillehammer,Winter,1994 Winter Paralympics (Lillehammer),Alpine Skiing,Women's Super-G LW6/8,Gold,United States of America,Nancy Gustafson,https://www.paralympic.org/nancy-gustafson
1994,Lillehammer,Winter,1994 Winter Paralympics (Lillehammer),Alpine Skiing,Women's Super-G LWX-XII,Gold,United States of America,Sarah Will,https://www.paralympic.org/sarah-will
1994,Lillehammer,Winter,1994 Winter Paralympics (Lillehammer),Alpine Skiing,Women's Slalom LW2,Silver,United States of America,Sarah Billmeier,https://www.paralympic.org/sarah-billmeier
1994,Lillehammer,Winter,1994 Winter Paralympics (Lillehammer),Alpine Skiing,Women's Slalom LW6/8,Gold,United States of America,Nancy Gustafson,https://www.paralympic.org/nancy-gustafson
1994,Lillehammer,Winter,1994 Winter Paralympics (Lillehammer),Alpine Skiing,Women's Slalom LWX-XII,Gold,United States of America,Sarah Will,https://www.paralympic.org/sarah-will
1994,Lillehammer,Winter,1994 Winter Paralympics (Lillehammer),Alpine Skiing,Women's Slalom LWX-XII,Silver,United States of America,Kelley Fox,https://www.paralympic.org/kelley-fox
1994,Lillehammer,Winter,1994 Winter Paralympics (Lillehammer),Cross Country,Men's 15 km Sitski LW10,Silver,United States of America,Jeff Pagels,https://www.paralympic.org/jeff-pagels
1994,Lillehammer,Winter,1994 Winter Paralympics (Lillehammer),Cross Country,Men's 10 km Sitski LW10,Silver,United States of America,Jeff Pagels,https://www.paralympic.org/jeff-pagels
1994,Lillehammer,Winter,1994 Winter Paralympics (Lillehammer),Cross Country,Men's 5 km Sitski LW10,Silver,United States of America,Jeff Pagels,https://www.paralympic.org/jeff-pagels
1994,Lillehammer,Winter,1994 Winter Paralympics (Lillehammer),Cross Country,Women's 5 km Free Technique B1,Bronze,United States of America,Michele Drolet,https://www.paralympic.org/michele-drolet
1996,Atlanta,Summer,1996 Summer Paralympics (Atlanta),Athletics,Men's 100 m T33,Gold,United States of America,William Davis,https://www.paralympic.org/william-davis
1996,Atlanta,Summer,1996 Summer Paralympics (Atlanta),Athletics,Men's 100 m T33,Bronze,United States of America,David Larson,https://www.paralympic.org/david-larson
1996,Atlanta,Summer,1996 Summer Paralympics (Atlanta),Athletics,Men's 100 m T35,Bronze,United States of America,Freeman Register,https://www.paralympic.org/freeman-register
1996,Atlanta,Summer,1996 Summer Paralympics (Atlanta),Athletics,Men's 100 m T37,Silver,United States of America,Lincoln Scott,https://www.paralympic.org/lincoln-scott
1996,Atlanta,Summer,1996 Summer Paralympics (Atlanta),Athletics,Men's 100 m T42,Bronze,United States of America,Todd Schaffhauser,https://www.paralympic.org/todd-schaffhauser
1996,Atlanta,Summer,1996 Summer Paralympics (Atlanta),Athletics,Men's 100 m T43-44,Gold,United States of America,Tony Volpentest,https://www.paralympic.org/tony-volpentest
1996,Atlanta,Summer,1996 Summer Paralympics (Atlanta),Athletics,Men's 100 m T51,Gold,United States of America,Paul Nitz,https://www.paralympic.org/paul-nitz
1996,Atlanta,Summer,1996 Summer Paralympics (Atlanta),Athletics,Men's 100 m T52,Bronze,United States of America,Matthew Parry,https://www.paralympic.org/matthew-parry
1996,Atlanta,Summer,1996 Summer Paralympics (Atlanta),Athletics,Men's 200 m T12,Bronze,United States of America,Arthur Lewis,https://www.paralympic.org/arthur-lewis
1996,Atlanta,Summer,1996 Summer Paralympics (Atlanta),Athletics,Men's 200 m T34-35,Gold,United States of America,Freeman Register,https://www.paralympic.org/freeman-register
1996,Atlanta,Summer,1996 Summer Paralympics (Atlanta),Athletics,Men's 200 m T43-44,Gold,United States of America,Tony Volpentest,https://www.paralympic.org/tony-volpentest
1996,Atlanta,Summer,1996 Summer Paralympics (Atlanta),Athletics,Men's 200 m T51,Silver,United States of America,Shawn Meredith,https://www.paralympic.org/shawn-meredith
1996,Atlanta,Summer,1996 Summer Paralympics (Atlanta),Athletics,Men's 200 m T51,Bronze,United States of America,Bradley Ramage,https://www.paralympic.org/bradley-ramage
1996,Atlanta,Summer,1996 Summer Paralympics (Atlanta),Athletics,Men's 200 m MH,Silver,United States of America,Tico Clawson,https://www.paralympic.org/tico-clawson
1996,Atlanta,Summer,1996 Summer Paralympics (Atlanta),Athletics,Men's 400 m T32-33,Gold,United States of America,David Larson,https://www.paralympic.org/david-larson
1996,Atlanta,Summer,1996 Summer Paralympics (Atlanta),Athletics,Men's 400 m T32-33,Bronze,United States of America,William Davis,https://www.paralympic.org/william-davis
1996,Atlanta,Summer,1996 Summer Paralympics (Atlanta),Athletics,Men's 400 m T51,Gold,United States of America,Shawn Meredith,https://www.paralympic.org/shawn-meredith
1996,Atlanta,Summer,1996 Summer Paralympics (Atlanta),Athletics,Men's 800 m T34-36,Gold,United States of America,Joseph Parker,https://www.paralympic.org/joseph-parker
1996,Atlanta,Summer,1996 Summer Paralympics (Atlanta),Athletics,Men's 800 m T50,Bronze,United States of America,Bart Dodson,https://www.paralympic.org/bart-dodson
1996,Atlanta,Summer,1996 Summer Paralympics (Atlanta),Athletics,Men's 800 m T51,Gold,United States of America,Shawn Meredith,https://www.paralympic.org/shawn-meredith
1996,Atlanta,Summer,1996 Summer Paralympics (Atlanta),Athletics,Men's 800 m T53,Silver,United States of America,Scot Hollonbeck,https://www.paralympic.org/scot-hollonbeck
1996,Atlanta,Summer,1996 Summer Paralympics (Atlanta),Athletics,Men's 1500 m T10,Bronze,United States of America,Henry Willis,https://www.paralympic.org/henry-willis
1996,Atlanta,Summer,1996 Summer Paralympics (Atlanta),Athletics,Men's 1500 m T52-53,Silver,United States of America,Scot Hollonbeck,https://www.paralympic.org/scot-hollonbeck
1996,Atlanta,Summer,1996 Summer Paralympics (Atlanta),Athletics,Men's 5000 m T10,Bronze,United States of America,Henry Willis,https://www.paralympic.org/henry-willis
1996,Atlanta,Summer,1996 Summer Paralympics (Atlanta),Athletics,Men's 5000 m T34-37,Gold,United States of America,Joseph Parker,https://www.paralympic.org/joseph-parker
1996,Atlanta,Summer,1996 Summer Paralympics (Atlanta),Athletics,Men's 5000 m T51,Bronze,United States of America,Patrick Cottini,https://www.paralympic.org/patrick-cottini
1996,Atlanta,Summer,1996 Summer Paralympics (Atlanta),Athletics,Men's 10000 m T10,Silver,United States of America,Henry Willis,https://www.paralympic.org/henry-willis
1996,Atlanta,Summer,1996 Summer Paralympics (Atlanta),Athletics,Men's Club Throw F50,Bronze,United States of America,Aaron Little,https://www.paralympic.org/aaron-little
1996,Atlanta,Summer,1996 Summer Paralympics (Atlanta),Athletics,Men's Discus Throw F34/37,Silver,United States of America,Denton Johnson,https://www.paralympic.org/denton-johnson
1996,Atlanta,Summer,1996 Summer Paralympics (Atlanta),Athletics,Men's Discus Throw F43-44,Gold,United States of America,Shawn Brown,https://www.paralympic.org/shawn-brown
1996,Atlanta,Summer,1996 Summer Paralympics (Atlanta),Athletics,Men's Discus Throw F51,Bronze,United States of America,Douglas Heir,https://www.paralympic.org/douglas-heir
1996,Atlanta,Summer,1996 Summer Paralympics (Atlanta),Athletics,Men's Discus Throw F52,Bronze,United States of America,Gabriel Diaz de Leon,https://www.paralympic.org/gabriel-diaz-de-leon-0
1996,Atlanta,Summer,1996 Summer Paralympics (Atlanta),Athletics,Men's Discus Throw F54,Silver,United States of America,Marc Fenn,https://www.paralympic.org/marc-fenn
1996,Atlanta,Summer,1996 Summer Paralympics (Atlanta),Athletics,Men's Discus Throw F56,Gold,United States of America,Larry Hughes,https://www.paralympic.org/larry-hughes
1996,Atlanta,Summer,1996 Summer Paralympics (Atlanta),Athletics,Men's Javelin F10,Bronze,United States of America,Richard Ruffalo,https://www.paralympic.org/richard-ruffalo
1996,Atlanta,Summer,1996 Summer Paralympics (Atlanta),Athletics,Men's Javelin F51,Bronze,United States of America,Douglas Heir,https://www.paralympic.org/douglas-heir
1996,Atlanta,Summer,1996 Summer Paralympics (Atlanta),Athletics,Men's Javelin F55,Silver,United States of America,Robert Balk,https://www.paralympic.org/robert-balk
1996,Atlanta,Summer,1996 Summer Paralympics (Atlanta),Athletics,Men's Long Jump MH,Bronze,United States of America,Wardell Gadson,https://www.paralympic.org/wardell-gadson
1996,Atlanta,Summer,1996 Summer Paralympics (Atlanta),Athletics,Men's Marathon T50,Silver,United States of America,Bart Dodson,https://www.paralympic.org/bart-dodson
1996,Atlanta,Summer,1996 Summer Paralympics (Atlanta),Athletics,Men's Marathon T51,Bronze,United States of America,Patrick Cottini,https://www.paralympic.org/patrick-cottini
1996,Atlanta,Summer,1996 Summer Paralympics (Atlanta),Athletics,Men's Pentathlon P44,Silver,United States of America,Thomas Bourgeois,https://www.paralympic.org/thomas-bourgeois
1996,Atlanta,Summer,1996 Summer Paralympics (Atlanta),Athletics,Men's Pentathlon P44,Bronze,United States of America,Douglas Collier,https://www.paralympic.org/douglas-collier
1996,Atlanta,Summer,1996 Summer Paralympics (Atlanta),Athletics,Men's Pentathlon P53-57,Silver,United States of America,Robert Balk,https://www.paralympic.org/robert-balk
1996,Atlanta,Summer,1996 Summer Paralympics (Atlanta),Athletics,Men's Pentathlon P53-57,Bronze,United States of America,Jerry Deets,https://www.paralympic.org/jerry-deets
1996,Atlanta,Summer,1996 Summer Paralympics (Atlanta),Athletics,Men's 4x100 m T10-12,Bronze,United States of America,,
1996,Atlanta,Summer,1996 Summer Paralympics (Atlanta),Athletics,Men's 4x100 m T34-37,Silver,United States of America,,
1996,Atlanta,Summer,1996 Summer Paralympics (Atlanta),Athletics,Men's 4x100 m T42-46,Bronze,United States of America,,
1996,Atlanta,Summer,1996 Summer Paralympics (Atlanta),Athletics,Men's 4x400 m T10-12,Bronze,United States of America,,
1996,Atlanta,Summer,1996 Summer Paralympics (Atlanta),Athletics,Men's Shot Put F43-44,Bronze,United States of America,Asa Ison,https://www.paralympic.org/asa-ison
1996,Atlanta,Summer,1996 Summer Paralympics (Atlanta),Athletics,Men's Shot Put F51,Silver,United States of America,Douglas Heir,https://www.paralympic.org/douglas-heir
1996,Atlanta,Summer,1996 Summer Paralympics (Atlanta),Athletics,Men's Shot Put F53,Bronze,United States of America,Jerry Deets,https://www.paralympic.org/jerry-deets
1996,Atlanta,Summer,1996 Summer Paralympics (Atlanta),Athletics,Men's Shot Put F54,Gold,United States of America,Arnold Astrada,https://www.paralympic.org/arnold-astrada
1996,Atlanta,Summer,1996 Summer Paralympics (Atlanta),Athletics,Women's 100 m T32-33,Silver,United States of America,Linda Mastandrea,https://www.paralympic.org/linda-mastandrea
1996,Atlanta,Summer,1996 Summer Paralympics (Atlanta),Athletics,Women's 100 m T32-33,Bronze,United States of America,Sheila O'Neil,https://www.paralympic.org/sheila-o-neil
1996,Atlanta,Summer,1996 Summer Paralympics (Atlanta),Athletics,Women's 100 m T52,Gold,United States of America,Leann Shannon,https://www.paralympic.org/leann-shannon
1996,Atlanta,Summer,1996 Summer Paralympics (Atlanta),Athletics,Women's 100 m T53,Silver,United States of America,Cheri Becerra,https://www.paralympic.org/cheri-becerra
1996,Atlanta,Summer,1996 Summer Paralympics (Atlanta),Athletics,Women's 200 m T32-33,Gold,United States of America,Linda Mastandrea,https://www.paralympic.org/linda-mastandrea
1996,Atlanta,Summer,1996 Summer Paralympics (Atlanta),Athletics,Women's 200 m T52,Gold,United States of America,Leann Shannon,https://www.paralympic.org/leann-shannon
1996,Atlanta,Summer,1996 Summer Paralympics (Atlanta),Athletics,Women's 200 m T53,Silver,United States of America,Cheri Becerra,https://www.paralympic.org/cheri-becerra
1996,Atlanta,Summer,1996 Summer Paralympics (Atlanta),Athletics,Women's 400 m T51,Silver,United States of America,Jean Waters,https://www.paralympic.org/jean-waters
1996,Atlanta,Summer,1996 Summer Paralympics (Atlanta),Athletics,Women's 400 m T52,Gold,United States of America,Leann Shannon,https://www.paralympic.org/leann-shannon
1996,Atlanta,Summer,1996 Summer Paralympics (Atlanta),Athletics,Women's 400 m T53,Bronze,United States of America,Cheri Becerra,https://www.paralympic.org/cheri-becerra
1996,Atlanta,Summer,1996 Summer Paralympics (Atlanta),Athletics,Women's 800 m T52,Silver,United States of America,Leann Shannon,https://www.paralympic.org/leann-shannon
1996,Atlanta,Summer,1996 Summer Paralympics (Atlanta),Athletics,Women's 800 m T52,Bronze,United States of America,Ann Walters,https://www.paralympic.org/ann-walters
1996,Atlanta,Summer,1996 Summer Paralympics (Atlanta),Athletics,Women's 800 m T53,Bronze,United States of America,Cheri Becerra,https://www.paralympic.org/cheri-becerra
1996,Atlanta,Summer,1996 Summer Paralympics (Atlanta),Athletics,Women's 1500 m T52-53,Bronze,United States of America,Jean Driscoll,https://www.paralympic.org/jean-driscoll
1996,Atlanta,Summer,1996 Summer Paralympics (Atlanta),Athletics,Women's 5000 m T52-53,Silver,United States of America,Jean Driscoll,https://www.paralympic.org/jean-driscoll
1996,Atlanta,Summer,1996 Summer Paralympics (Atlanta),Athletics,Women's 10000 m T52-53,Gold,United States of America,Jean Driscoll,https://www.paralympic.org/jean-driscoll
1996,Atlanta,Summer,1996 Summer Paralympics (Atlanta),Athletics,Women's Discus Throw F34-35,Gold,United States of America,Ellen Hyman,https://www.paralympic.org/ellen-hyman
1996,Atlanta,Summer,1996 Summer Paralympics (Atlanta),Athletics,Women's Discus Throw F42-44/46,Gold,United States of America,Jennifer Barrett,https://www.paralympic.org/jennifer-barrett
1996,Atlanta,Summer,1996 Summer Paralympics (Atlanta),Athletics,Women's Discus Throw F53-54,Silver,United States of America,Laura Schwanger,https://www.paralympic.org/laura-schwanger
1996,Atlanta,Summer,1996 Summer Paralympics (Atlanta),Athletics,Women's Javelin F53-54,Silver,United States of America,Laura Schwanger,https://www.paralympic.org/laura-schwanger
1996,Atlanta,Summer,1996 Summer Paralympics (Atlanta),Athletics,Women's Marathon T52-53,Gold,United States of America,Jean Driscoll,https://www.paralympic.org/jean-driscoll
1996,Atlanta,Summer,1996 Summer Paralympics (Atlanta),Athletics,Women's Marathon T52-53,Bronze,United States of America,Deanna Sodoma,https://www.paralympic.org/deanna-sodoma
1996,Atlanta,Summer,1996 Summer Paralympics (Atlanta),Athletics,Women's Pentathlon P10-12,Gold,United States of America,Marla Runyan,https://www.paralympic.org/marla-runyan
1996,Atlanta,Summer,1996 Summer Paralympics (Atlanta),Athletics,Women's Shot Put F12,Silver,United States of America,Marla Runyan,https://www.paralympic.org/marla-runyan
1996,Atlanta,Summer,1996 Summer Paralympics (Atlanta),Athletics,Women's Shot Put F42-44/46,Bronze,United States of America,Jennifer Barrett,https://www.paralympic.org/jennifer-barrett
1996,Atlanta,Summer,1996 Summer Paralympics (Atlanta),Athletics,Women's Shot Put F53-54,Silver,United States of America,Laura Schwanger,https://www.paralympic.org/laura-schwanger
1996,Atlanta,Summer,1996 Summer Paralympics (Atlanta),Boccia,Mixed Individual C1,Bronze,United States of America,Steven Thompson,https://www.paralympic.org/steven-thompson
1996,Atlanta,Summer,1996 Summer Paralympics (Atlanta),Cycling,Women's Road 50/60k Tandem Open,Silver,United States of America,,
1996,Atlanta,Summer,1996 Summer Paralympics (Atlanta),Cycling,Mixed Road 20k Bicycle CP Div 3,Gold,United States of America,Daniel Nicholson,https://www.paralympic.org/daniel-nicholson
1996,Atlanta,Summer,1996 Summer Paralympics (Atlanta),Cycling,Mixed Road 20k Bicycle CP Div 4,Bronze,United States of America,Lawrence Schultz,https://www.paralympic.org/lawrence-schultz
1996,Atlanta,Summer,1996 Summer Paralympics (Atlanta),Cycling,"Mixed Road 5,000 m Time Trial Tricycle CP Div 2",Bronze,United States of America,Corey Huntley,https://www.paralympic.org/corey-huntley
1996,Atlanta,Summer,1996 Summer Paralympics (Atlanta),Cycling,"Mixed Road 5,000 m Time Trial Bicycle CP Div 3",Silver,United States of America,Daniel Nicholson,https://www.paralympic.org/daniel-nicholson
1996,Atlanta,Summer,1996 Summer Paralympics (Atlanta),Cycling,"Mixed Road 5,000 m Time Trial Bicycle CP Div 4",Bronze,United States of America,Lawrence Schultz,https://www.paralympic.org/lawrence-schultz
1996,Atlanta,Summer,1996 Summer Paralympics (Atlanta),Cycling,Women's Track Individual Pursuit Tandem Open,Bronze,United States of America,,
1996,Atlanta,Summer,1996 Summer Paralympics (Atlanta),Cycling,Mixed Track Omnium LC2,Gold,United States of America,Dory Selinger,https://www.paralympic.org/dory-selinger
1996,Atlanta,Summer,1996 Summer Paralympics (Atlanta),Cycling,Mixed Track Omnium LC3,Silver,United States of America,Rex Patrick,https://www.paralympic.org/rex-patrick
1996,Atlanta,Summer,1996 Summer Paralympics (Atlanta),Cycling,Mixed Track Individual Pursuit Tandem Open,Silver,United States of America,,
1996,Atlanta,Summer,1996 Summer Paralympics (Atlanta),Cycling,Mixed Track 200 m Sprint Tandem Open,Bronze,United States of America,,
1996,Atlanta,Summer,1996 Summer Paralympics (Atlanta),Cycling,Mixed Track Kilo Tandem Open,Silver,United States of America,,
1996,Atlanta,Summer,1996 Summer Paralympics (Atlanta),Cycling,Mixed Track Kilo Tandem Open,Bronze,United States of America,,
1996,Atlanta,Summer,1996 Summer Paralympics (Atlanta),Equestrian,Mixed Dressage Grade II,Gold,United States of America,Vicki Sweigart,https://www.paralympic.org/vicki-sweigart
1996,Atlanta,Summer,1996 Summer Paralympics (Atlanta),Equestrian,Mixed Dressage Grade II,Bronze,United States of America,Lauren McDevitt,https://www.paralympic.org/lauren-mcdevitt
1996,Atlanta,Summer,1996 Summer Paralympics (Atlanta),Equestrian,Mixed Kur Trot Grade II,Gold,United States of America,Vicki Sweigart,https://www.paralympic.org/vicki-sweigart
1996,Atlanta,Summer,1996 Summer Paralympics (Atlanta),Goalball,Women's Tournament,Bronze,United States of America,,
1996,Atlanta,Summer,1996 Summer Paralympics (Atlanta),Judo,Men's +95 kg,Silver,United States of America,Kevin Szott,https://www.paralympic.org/kevin-szott
1996,Atlanta,Summer,1996 Summer Paralympics (Atlanta),Powerlifting,Men's +100 kg,Gold,United States of America,Kim Brownfield,https://www.paralympic.org/kim-brownfield
1996,Atlanta,Summer,1996 Summer Paralympics (Atlanta),Powerlifting,Men's +100 kg,Bronze,United States of America,Pernell Cooper,https://www.paralympic.org/pernell-cooper
1996,Atlanta,Summer,1996 Summer Paralympics (Atlanta),Swimming,Men's 50 m Backstroke S4,Bronze,United States of America,Craig Laufenberg,https://www.paralympic.org/craig-laufenberg
1996,Atlanta,Summer,1996 Summer Paralympics (Atlanta),Swimming,Men's 100 m Backstroke S6,Silver,United States of America,Gregory Burns,https://www.paralympic.org/gregory-burns
1996,Atlanta,Summer,1996 Summer Paralympics (Atlanta),Swimming,Men's 100 m Backstroke B1,Gold,United States of America,Daniel Kelly,https://www.paralympic.org/daniel-kelly
1996,Atlanta,Summer,1996 Summer Paralympics (Atlanta),Swimming,Men's 50 m Breaststroke SB2,Gold,United States of America,James Thompson,https://www.paralympic.org/james-thompson
1996,Atlanta,Summer,1996 Summer Paralympics (Atlanta),Swimming,Men's 100 m Breaststroke SB5,Bronze,United States of America,Aaron Paulson,https://www.paralympic.org/aaron-paulson
1996,Atlanta,Summer,1996 Summer Paralympics (Atlanta),Swimming,Men's 100 m Breaststroke B1,Silver,United States of America,Daniel Kelly,https://www.paralympic.org/daniel-kelly
1996,Atlanta,Summer,1996 Summer Paralympics (Atlanta),Swimming,Men's 50 m Butterfly S5,Gold,United States of America,Daniel Butler,https://www.paralympic.org/daniel-butler
1996,Atlanta,Summer,1996 Summer Paralympics (Atlanta),Swimming,Men's 100 m Butterfly B2,Bronze,United States of America,Daniel Kelly,https://www.paralympic.org/daniel-kelly
1996,Atlanta,Summer,1996 Summer Paralympics (Atlanta),Swimming,Men's 100 m Freestyle S9,Gold,United States of America,Luis Alicea,https://www.paralympic.org/luis-alicea
1996,Atlanta,Summer,1996 Summer Paralympics (Atlanta),Swimming,Men's 100 m Freestyle B1,Silver,United States of America,Daniel Kelly,https://www.paralympic.org/daniel-kelly
1996,Atlanta,Summer,1996 Summer Paralympics (Atlanta),Swimming,Men's 200 m Freestyle S4,Bronze,United States of America,James Thompson,https://www.paralympic.org/james-thompson
1996,Atlanta,Summer,1996 Summer Paralympics (Atlanta),Swimming,Men's 400 m Freestyle S8,Gold,United States of America,Jason Wening,https://www.paralympic.org/jason-wening
1996,Atlanta,Summer,1996 Summer Paralympics (Atlanta),Swimming,Men's 400 m Freestyle S9,Silver,United States of America,Luis Alicea,https://www.paralympic.org/luis-alicea
1996,Atlanta,Summer,1996 Summer Paralympics (Atlanta),Swimming,Men's 50 m Freestyle S9,Bronze,United States of America,Luis Alicea,https://www.paralympic.org/luis-alicea
1996,Atlanta,Summer,1996 Summer Paralympics (Atlanta),Swimming,Men's 50 m Freestyle B1,Bronze,United States of America,Daniel Kelly,https://www.paralympic.org/daniel-kelly
1996,Atlanta,Summer,1996 Summer Paralympics (Atlanta),Swimming,Men's 200 m Medley B1,Gold,United States of America,Daniel Kelly,https://www.paralympic.org/daniel-kelly
1996,Atlanta,Summer,1996 Summer Paralympics (Atlanta),Swimming,Men's 4x50 m Freestyle S1-6,Gold,United States of America,,
1996,Atlanta,Summer,1996 Summer Paralympics (Atlanta),Swimming,Men's 4x50 m Medley S1-6,Gold,United States of America,,
1996,Atlanta,Summer,1996 Summer Paralympics (Atlanta),Swimming,Women's 100 m Backstroke S10,Silver,United States of America,Karen Norris,https://www.paralympic.org/karen-norris
1996,Atlanta,Summer,1996 Summer Paralympics (Atlanta),Swimming,Women's 100 m Backstroke B2,Gold,United States of America,Trischa Zorn,https://www.paralympic.org/trischa-zorn
1996,Atlanta,Summer,1996 Summer Paralympics (Atlanta),Swimming,Women's 100 m Backstroke B3,Bronze,United States of America,Elizabeth Scott,https://www.paralympic.org/elizabeth-scott
1996,Atlanta,Summer,1996 Summer Paralympics (Atlanta),Swimming,Women's 100 m Breaststroke SB5,Gold,United States of America,Camille Waddell,https://www.paralympic.org/camille-waddell
1996,Atlanta,Summer,1996 Summer Paralympics (Atlanta),Swimming,Women's 100 m Breaststroke SB9,Silver,United States of America,Joyce Luncher,https://www.paralympic.org/joyce-luncher
1996,Atlanta,Summer,1996 Summer Paralympics (Atlanta),Swimming,Women's 100 m Breaststroke B2,Bronze,United States of America,Trischa Zorn,https://www.paralympic.org/trischa-zorn
1996,Atlanta,Summer,1996 Summer Paralympics (Atlanta),Swimming,Women's 100 m Breaststroke B3,Bronze,United States of America,Elizabeth Scott,https://www.paralympic.org/elizabeth-scott
1996,Atlanta,Summer,1996 Summer Paralympics (Atlanta),Swimming,Women's 100 m Butterfly S9,Gold,United States of America,Joyce Luncher,https://www.paralympic.org/joyce-luncher
1996,Atlanta,Summer,1996 Summer Paralympics (Atlanta),Swimming,Women's 100 m Butterfly B3,Gold,United States of America,Elizabeth Scott,https://www.paralympic.org/elizabeth-scott
1996,Atlanta,Summer,1996 Summer Paralympics (Atlanta),Swimming,Women's 100 m Freestyle S4,Bronze,United States of America,Aimee Bruder,https://www.paralympic.org/aimee-bruder
1996,Atlanta,Summer,1996 Summer Paralympics (Atlanta),Swimming,Women's 100 m Freestyle S9,Gold,United States of America,Joyce Luncher,https://www.paralympic.org/joyce-luncher
1996,Atlanta,Summer,1996 Summer Paralympics (Atlanta),Swimming,Women's 100 m Freestyle B2,Bronze,United States of America,Trischa Zorn,https://www.paralympic.org/trischa-zorn
1996,Atlanta,Summer,1996 Summer Paralympics (Atlanta),Swimming,Women's 200 m Freestyle S4,Bronze,United States of America,Aimee Bruder,https://www.paralympic.org/aimee-bruder
1996,Atlanta,Summer,1996 Summer Paralympics (Atlanta),Swimming,Women's 400 m Freestyle S7,Silver,United States of America,Julie Wolfe,https://www.paralympic.org/julie-wolfe
1996,Atlanta,Summer,1996 Summer Paralympics (Atlanta),Swimming,Women's 400 m Freestyle B2,Silver,United States of America,Trischa Zorn,https://www.paralympic.org/trischa-zorn
1996,Atlanta,Summer,1996 Summer Paralympics (Atlanta),Swimming,Women's 50 m Freestyle S8,Bronze,United States of America,Brenda Levy,https://www.paralympic.org/brenda-levy
1996,Atlanta,Summer,1996 Summer Paralympics (Atlanta),Swimming,Women's 50 m Freestyle S9,Gold,United States of America,Joyce Luncher,https://www.paralympic.org/joyce-luncher
1996,Atlanta,Summer,1996 Summer Paralympics (Atlanta),Swimming,Women's 50 m Freestyle B2,Silver,United States of America,Trischa Zorn,https://www.paralympic.org/trischa-zorn
1996,Atlanta,Summer,1996 Summer Paralympics (Atlanta),Swimming,Women's 200 m Medley SM9,Silver,United States of America,Joyce Luncher,https://www.paralympic.org/joyce-luncher
1996,Atlanta,Summer,1996 Summer Paralympics (Atlanta),Swimming,Women's 200 m Medley B2,Gold,United States of America,Trischa Zorn,https://www.paralympic.org/trischa-zorn
1996,Atlanta,Summer,1996 Summer Paralympics (Atlanta),Swimming,Women's 200 m Medley B3,Bronze,United States of America,Elizabeth Scott,https://www.paralympic.org/elizabeth-scott
1996,Atlanta,Summer,1996 Summer Paralympics (Atlanta),Swimming,Women's 4x50 m Freestyle S1-6,Bronze,United States of America,,
1996,Atlanta,Summer,1996 Summer Paralympics (Atlanta),Swimming,Women's 4x100 m Freestyle S7-10,Silver,United States of America,,
1996,Atlanta,Summer,1996 Summer Paralympics (Atlanta),Swimming,Women's 4x100 m Freestyle B1-3,Bronze,United States of America,,
1996,Atlanta,Summer,1996 Summer Paralympics (Atlanta),Swimming,Women's 4x50 m Medley S1-6,Silver,United States of America,,
1996,Atlanta,Summer,1996 Summer Paralympics (Atlanta),Swimming,Women's 4x100 m Medley S7-10,Gold,United States of America,,
1996,Atlanta,Summer,1996 Summer Paralympics (Atlanta),Swimming,Women's 4x100 m Medley B1-3,Silver,United States of America,,
1996,Atlanta,Summer,1996 Summer Paralympics (Atlanta),Table Tennis,Men's Singles 7,Gold,United States of America,Tahl Leibovitz,https://www.paralympic.org/tahl-leibovitz
1996,Atlanta,Summer,1996 Summer Paralympics (Atlanta),Table Tennis,Men's Singles 8,Silver,United States of America,Mitchell Seidenfeld,https://www.paralympic.org/mitchell-seidenfeld
1996,Atlanta,Summer,1996 Summer Paralympics (Atlanta),Table Tennis,Men's Teams 6-8,Bronze,United States of America,,
1996,Atlanta,Summer,1996 Summer Paralympics (Atlanta),Table Tennis,Women's Singles 4,Gold,United States of America,Jennifer Johnson,https://www.paralympic.org/jennifer-johnson
1996,Atlanta,Summer,1996 Summer Paralympics (Atlanta),Table Tennis,Women's Teams 3-5,Bronze,United States of America,,
1996,Atlanta,Summer,1996 Summer Paralympics (Atlanta),Wheelchair Basketball,Men's Tournament,Bronze,United States of America,,
1996,Atlanta,Summer,1996 Summer Paralympics (Atlanta),Wheelchair Basketball,Women's Tournament,Bronze,United States of America,,
1996,Atlanta,Summer,1996 Summer Paralympics (Atlanta),Wheelchair Tennis,Men's Doubles,Gold,United States of America,,
1996,Atlanta,Summer,1996 Summer Paralympics (Atlanta),Wheelchair Tennis,Men's Singles,Silver,United States of America,Stephen Welch,https://www.paralympic.org/stephen-welch
1996,Atlanta,Summer,1996 Summer Paralympics (Atlanta),Wheelchair Tennis,Women's Doubles,Silver,United States of America,,
1998,Nagano,Winter,1998 Winter Paralympics (Nagano),Alpine Skiing,Men's Downhill LW2,Gold,United States of America,Greg Mannino,https://www.paralympic.org/greg-mannino
1998,Nagano,Winter,1998 Winter Paralympics (Nagano),Alpine Skiing,Men's Downhill LW10,Gold,United States of America,Chris Waddell,https://www.paralympic.org/chris-waddell
1998,Nagano,Winter,1998 Winter Paralympics (Nagano),Alpine Skiing,Men's Downhill LW11,Gold,United States of America,John Davis,https://www.paralympic.org/john-davis
1998,Nagano,Winter,1998 Winter Paralympics (Nagano),Alpine Skiing,Men's Giant Slalom LW2,Gold,United States of America,Jason Lalla,https://www.paralympic.org/jason-lalla
1998,Nagano,Winter,1998 Winter Paralympics (Nagano),Alpine Skiing,Men's Giant Slalom LW2,Silver,United States of America,Monte Meier,https://www.paralympic.org/monte-meier
1998,Nagano,Winter,1998 Winter Paralympics (Nagano),Alpine Skiing,Men's Giant Slalom LW2,Bronze,United States of America,Greg Mannino,https://www.paralympic.org/greg-mannino
1998,Nagano,Winter,1998 Winter Paralympics (Nagano),Alpine Skiing,Men's Giant Slalom LW9,Silver,United States of America,George Sansonetis,https://www.paralympic.org/george-sansonetis
1998,Nagano,Winter,1998 Winter Paralympics (Nagano),Alpine Skiing,Men's Super-G LW2,Gold,United States of America,Greg Mannino,https://www.paralympic.org/greg-mannino
1998,Nagano,Winter,1998 Winter Paralympics (Nagano),Alpine Skiing,"Men's Super-G LW1,3,5/7",Silver,United States of America,Jacob Rife,https://www.paralympic.org/jacob-rife
1998,Nagano,Winter,1998 Winter Paralympics (Nagano),Alpine Skiing,Men's Super-G LW9,Bronze,United States of America,George Sansonetis,https://www.paralympic.org/george-sansonetis
1998,Nagano,Winter,1998 Winter Paralympics (Nagano),Alpine Skiing,Men's Super-G LW10,Silver,United States of America,Chris Waddell,https://www.paralympic.org/chris-waddell
1998,Nagano,Winter,1998 Winter Paralympics (Nagano),Alpine Skiing,Men's Slalom LW2,Gold,United States of America,Monte Meier,https://www.paralympic.org/monte-meier
1998,Nagano,Winter,1998 Winter Paralympics (Nagano),Alpine Skiing,Men's Slalom LW4,Bronze,United States of America,James Lagerstrom,https://www.paralympic.org/james-lagerstrom
1998,Nagano,Winter,1998 Winter Paralympics (Nagano),Alpine Skiing,"Men's Slalom LW1,3,5/7",Bronze,United States of America,Jacob Rife,https://www.paralympic.org/jacob-rife
1998,Nagano,Winter,1998 Winter Paralympics (Nagano),Alpine Skiing,Men's Slalom LW10,Silver,United States of America,Chris Waddell,https://www.paralympic.org/chris-waddell
1998,Nagano,Winter,1998 Winter Paralympics (Nagano),Alpine Skiing,Women's Downhill LW2,Gold,United States of America,Sarah Billmeier,https://www.paralympic.org/sarah-billmeier
1998,Nagano,Winter,1998 Winter Paralympics (Nagano),Alpine Skiing,Women's Downhill LW2,Bronze,United States of America,Maggie Behle,https://www.paralympic.org/maggie-behle
1998,Nagano,Winter,1998 Winter Paralympics (Nagano),Alpine Skiing,"Women's Downhill LW3,4,6/8",Gold,United States of America,Jennifer Kelchner,https://www.paralympic.org/jennifer-kelchner
1998,Nagano,Winter,1998 Winter Paralympics (Nagano),Alpine Skiing,"Women's Downhill LW3,4,6/8",Silver,United States of America,Mary Riddell,https://www.paralympic.org/mary-riddell
1998,Nagano,Winter,1998 Winter Paralympics (Nagano),Alpine Skiing,Women's Downhill LW10-11,Silver,United States of America,Sarah Will,https://www.paralympic.org/sarah-will
1998,Nagano,Winter,1998 Winter Paralympics (Nagano),Alpine Skiing,Women's Giant Slalom LW2,Bronze,United States of America,Sarah Billmeier,https://www.paralympic.org/sarah-billmeier
1998,Nagano,Winter,1998 Winter Paralympics (Nagano),Alpine Skiing,"Women's Giant Slalom LW3,4,5/7,6/8",Gold,United States of America,Mary Riddell,https://www.paralympic.org/mary-riddell
1998,Nagano,Winter,1998 Winter Paralympics (Nagano),Alpine Skiing,Women's Giant Slalom LW10-11,Gold,United States of America,Sarah Will,https://www.paralympic.org/sarah-will
1998,Nagano,Winter,1998 Winter Paralympics (Nagano),Alpine Skiing,Women's Super-G LW2,Silver,United States of America,Sarah Billmeier,https://www.paralympic.org/sarah-billmeier
1998,Nagano,Winter,1998 Winter Paralympics (Nagano),Alpine Skiing,"Women's Super-G LW3,4,5/7,6/8",Bronze,United States of America,Mary Riddell,https://www.paralympic.org/mary-riddell
1998,Nagano,Winter,1998 Winter Paralympics (Nagano),Alpine Skiing,Women's Super-G LW10-11,Gold,United States of America,Sarah Will,https://www.paralympic.org/sarah-will
1998,Nagano,Winter,1998 Winter Paralympics (Nagano),Alpine Skiing,Women's Slalom LW2,Gold,United States of America,Sarah Billmeier,https://www.paralympic.org/sarah-billmeier
1998,Nagano,Winter,1998 Winter Paralympics (Nagano),Alpine Skiing,Women's Slalom LW2,Bronze,United States of America,Maggie Behle,https://www.paralympic.org/maggie-behle
1998,Nagano,Winter,1998 Winter Paralympics (Nagano),Alpine Skiing,"Women's Slalom LW3,4,5/7,6/8",Bronze,United States of America,Mary Riddell,https://www.paralympic.org/mary-riddell
1998,Nagano,Winter,1998 Winter Paralympics (Nagano),Alpine Skiing,Women's Slalom LW10-11,Gold,United States of America,Sarah Will,https://www.paralympic.org/sarah-will
1998,Nagano,Winter,1998 Winter Paralympics (Nagano),Alpine Skiing,Women's Slalom LW10-11,Bronze,United States of America,Muffy Davis,https://www.paralympic.org/muffy-davis
1998,Nagano,Winter,1998 Winter Paralympics (Nagano),Alpine Skiing,Women's Slalom B2,Bronze,United States of America,Theresa Fancher,https://www.paralympic.org/theresa-fancher
1998,Nagano,Winter,1998 Winter Paralympics (Nagano),Cross Country,Men's 20 km Classical Technique LW2-9,Bronze,United States of America,Michael Crenshaw,https://www.paralympic.org/michael-crenshaw
2000,Sydney,Summer,2000 Summer Paralympics (Sydney),Athletics,Men's 100 m T34,Gold,United States of America,Ross Davis,https://www.paralympic.org/ross-davis
2000,Sydney,Summer,2000 Summer Paralympics (Sydney),Athletics,Men's 100 m T44,Gold,United States of America,Marlon Shirley,https://www.paralympic.org/marlon-shirley
2000,Sydney,Summer,2000 Summer Paralympics (Sydney),Athletics,Men's 100 m T44,Silver,United States of America,Timothy Brian Frasure,https://www.paralympic.org/timothy-brian-frasure
2000,Sydney,Summer,2000 Summer Paralympics (Sydney),Athletics,Men's 100 m T52,Gold,United States of America,Paul Nitz,https://www.paralympic.org/paul-nitz
2000,Sydney,Summer,2000 Summer Paralympics (Sydney),Athletics,Men's 200 m T34,Bronze,United States of America,Ross Davis,https://www.paralympic.org/ross-davis
2000,Sydney,Summer,2000 Summer Paralympics (Sydney),Athletics,Men's 200 m T44,Silver,United States of America,Roderick Green,https://www.paralympic.org/roderick-green
2000,Sydney,Summer,2000 Summer Paralympics (Sydney),Athletics,Men's 200 m T51,Gold,United States of America,Bart Dodson,https://www.paralympic.org/bart-dodson
2000,Sydney,Summer,2000 Summer Paralympics (Sydney),Athletics,Men's 200 m T53,Silver,United States of America,Christopher Waddell,https://www.paralympic.org/christopher-waddell
2000,Sydney,Summer,2000 Summer Paralympics (Sydney),Athletics,Men's 400 m T13,Gold,United States of America,Royal Mitchell,https://www.paralympic.org/royal-mitchell
2000,Sydney,Summer,2000 Summer Paralympics (Sydney),Athletics,Men's 400 m T34,Bronze,United States of America,Ross Davis,https://www.paralympic.org/ross-davis
2000,Sydney,Summer,2000 Summer Paralympics (Sydney),Athletics,Men's 400 m T44,Bronze,United States of America,Roderick Green,https://www.paralympic.org/roderick-green
2000,Sydney,Summer,2000 Summer Paralympics (Sydney),Athletics,Men's 400 m T51,Bronze,United States of America,Bart Dodson,https://www.paralympic.org/bart-dodson
2000,Sydney,Summer,2000 Summer Paralympics (Sydney),Athletics,Men's 800 m T44,Gold,United States of America,Daniel Andrews,https://www.paralympic.org/daniel-andrews
2000,Sydney,Summer,2000 Summer Paralympics (Sydney),Athletics,Men's 800 m T44,Bronze,United States of America,Joseph LeMar,https://www.paralympic.org/joseph-lemar
2000,Sydney,Summer,2000 Summer Paralympics (Sydney),Athletics,Men's 1500 m T37,Silver,United States of America,Dana Zimmerman,https://www.paralympic.org/dana-zimmerman
2000,Sydney,Summer,2000 Summer Paralympics (Sydney),Athletics,Men's 1500 m T46,Gold,United States of America,Robert De Friese Evans,https://www.paralympic.org/robert-de-friese-evans
2000,Sydney,Summer,2000 Summer Paralympics (Sydney),Athletics,Men's 5000 m T46,Gold,United States of America,Robert De Friese Evans,https://www.paralympic.org/robert-de-friese-evans
2000,Sydney,Summer,2000 Summer Paralympics (Sydney),Athletics,Men's 10000 m T11,Bronze,United States of America,Tim Willis,https://www.paralympic.org/tim-willis
2000,Sydney,Summer,2000 Summer Paralympics (Sydney),Athletics,Men's Discus Throw F33,Bronze,United States of America,Jeffrey Lauterbach,https://www.paralympic.org/jeffrey-lauterbach
2000,Sydney,Summer,2000 Summer Paralympics (Sydney),Athletics,Men's Discus Throw F44,Gold,United States of America,Shawn Brown,https://www.paralympic.org/shawn-brown
2000,Sydney,Summer,2000 Summer Paralympics (Sydney),Athletics,Men's Discus Throw F53,Bronze,United States of America,Gabriel Diaz de Leon,https://www.paralympic.org/gabriel-diaz-de-leon-0
2000,Sydney,Summer,2000 Summer Paralympics (Sydney),Athletics,Men's Discus Throw F56,Bronze,United States of America,Joseph Christmas,https://www.paralympic.org/joseph-christmas
2000,Sydney,Summer,2000 Summer Paralympics (Sydney),Athletics,Men's High Jump F46,Silver,United States of America,Marlon Shirley,https://www.paralympic.org/marlon-shirley
2000,Sydney,Summer,2000 Summer Paralympics (Sydney),Athletics,Men's Javelin F56,Bronze,United States of America,Joseph Christmas,https://www.paralympic.org/joseph-christmas
2000,Sydney,Summer,2000 Summer Paralympics (Sydney),Athletics,Men's Long Jump F42,Silver,United States of America,John Register,https://www.paralympic.org/john-register
2000,Sydney,Summer,2000 Summer Paralympics (Sydney),Athletics,Men's Long Jump F44,Bronze,United States of America,Roderick Green,https://www.paralympic.org/roderick-green
2000,Sydney,Summer,2000 Summer Paralympics (Sydney),Athletics,Men's Marathon T46,Bronze,United States of America,Michael Keohane,https://www.paralympic.org/michael-keohane
2000,Sydney,Summer,2000 Summer Paralympics (Sydney),Athletics,Men's Pentathlon P44,Silver,United States of America,Thomas Bourgeois,https://www.paralympic.org/thomas-bourgeois
2000,Sydney,Summer,2000 Summer Paralympics (Sydney),Athletics,Men's Pentathlon P58,Silver,United States of America,Robert Balk,https://www.paralympic.org/robert-balk
2000,Sydney,Summer,2000 Summer Paralympics (Sydney),Athletics,Men's Shot Put F52,Silver,United States of America,Douglas Heir,https://www.paralympic.org/douglas-heir
2000,Sydney,Summer,2000 Summer Paralympics (Sydney),Athletics,Women's 100 m T44,Gold,United States of America,Shea Cowart,https://www.paralympic.org/shea-cowart
2000,Sydney,Summer,2000 Summer Paralympics (Sydney),Athletics,Women's 100 m T53,Silver,United States of America,Cheri Blauwet,https://www.paralympic.org/cheri-blauwet
2000,Sydney,Summer,2000 Summer Paralympics (Sydney),Athletics,Women's 100 m T54,Gold,United States of America,Cheri Becerra,https://www.paralympic.org/cheri-becerra
2000,Sydney,Summer,2000 Summer Paralympics (Sydney),Athletics,Women's 200 m T44,Gold,United States of America,Shea Cowart,https://www.paralympic.org/shea-cowart
2000,Sydney,Summer,2000 Summer Paralympics (Sydney),Athletics,Women's 200 m T53,Bronze,United States of America,Cheri Blauwet,https://www.paralympic.org/cheri-blauwet
2000,Sydney,Summer,2000 Summer Paralympics (Sydney),Athletics,Women's 200 m T54,Silver,United States of America,Cheri Becerra,https://www.paralympic.org/cheri-becerra
2000,Sydney,Summer,2000 Summer Paralympics (Sydney),Athletics,Women's 400 m T53,Bronze,United States of America,Cheri Blauwet,https://www.paralympic.org/cheri-blauwet
2000,Sydney,Summer,2000 Summer Paralympics (Sydney),Athletics,Women's 400 m T54,Gold,United States of America,Cheri Becerra,https://www.paralympic.org/cheri-becerra
2000,Sydney,Summer,2000 Summer Paralympics (Sydney),Athletics,Women's 800 m T53,Silver,United States of America,Jessica Galli,https://www.paralympic.org/jessica-galli
2000,Sydney,Summer,2000 Summer Paralympics (Sydney),Athletics,Women's 800 m T53,Bronze,United States of America,Cheri Blauwet,https://www.paralympic.org/cheri-blauwet
2000,Sydney,Summer,2000 Summer Paralympics (Sydney),Athletics,Women's 1500 m T12,Bronze,United States of America,Pamela Mcgonigle,https://www.paralympic.org/pamela-mcgonigle
2000,Sydney,Summer,2000 Summer Paralympics (Sydney),Athletics,Women's 1500 m T54,Silver,United States of America,Jean Driscoll,https://www.paralympic.org/jean-driscoll
2000,Sydney,Summer,2000 Summer Paralympics (Sydney),Athletics,Women's 5000 m T54,Bronze,United States of America,Jean Driscoll,https://www.paralympic.org/jean-driscoll
2000,Sydney,Summer,2000 Summer Paralympics (Sydney),Athletics,Women's Discus Throw F12,Silver,United States of America,Lisa Banta,https://www.paralympic.org/lisa-banta
2000,Sydney,Summer,2000 Summer Paralympics (Sydney),Athletics,Women's Discus Throw F13,Bronze,United States of America,Asya Miller,https://www.paralympic.org/asya-miller
2000,Sydney,Summer,2000 Summer Paralympics (Sydney),Athletics,Women's Discus Throw F46,Silver,United States of America,Jennifer Barrett,https://www.paralympic.org/jennifer-barrett
2000,Sydney,Summer,2000 Summer Paralympics (Sydney),Athletics,Women's Marathon T54,Gold,United States of America,Jean Driscoll,https://www.paralympic.org/jean-driscoll
2000,Sydney,Summer,2000 Summer Paralympics (Sydney),Athletics,Women's Shot Put F33-34,Bronze,United States of America,Laura Ann Terry,https://www.paralympic.org/laura-ann-terry
2000,Sydney,Summer,2000 Summer Paralympics (Sydney),Athletics,Women's Shot Put F46,Bronze,United States of America,Jennifer Barrett,https://www.paralympic.org/jennifer-barrett
2000,Sydney,Summer,2000 Summer Paralympics (Sydney),Cycling,Mixed Road Bicycle Road Race CP Div 3,Gold,United States of America,Daniel Nicholson,https://www.paralympic.org/daniel-nicholson
2000,Sydney,Summer,2000 Summer Paralympics (Sydney),Cycling,Mixed Road Bicycle Road Race LC1,Gold,United States of America,Thomas Neal,https://www.paralympic.org/thomas-neal
2000,Sydney,Summer,2000 Summer Paralympics (Sydney),Cycling,Mixed Road Tricycle 1.9 km Time Trial CP Div 2,Silver,United States of America,Stuart Flacks,https://www.paralympic.org/stuart-flacks
2000,Sydney,Summer,2000 Summer Paralympics (Sydney),Cycling,Mixed Road Tricycle 5.4 km Time Trial CP Div 2,Silver,United States of America,Stuart Flacks,https://www.paralympic.org/stuart-flacks
2000,Sydney,Summer,2000 Summer Paralympics (Sydney),Cycling,Mixed Track Individual Pursuit LC2,Bronze,United States of America,Dory Selinger,https://www.paralympic.org/dory-selinger
2000,Sydney,Summer,2000 Summer Paralympics (Sydney),Cycling,Mixed Track Sprint Tandem Open,Silver,United States of America,,
2000,Sydney,Summer,2000 Summer Paralympics (Sydney),Cycling,Mixed Track Team Olympic Sprint LC1-3,Bronze,United States of America,,
2000,Sydney,Summer,2000 Summer Paralympics (Sydney),Cycling,Mixed Track 1 km Time Trial LC2,Silver,United States of America,Dory Selinger,https://www.paralympic.org/dory-selinger
2000,Sydney,Summer,2000 Summer Paralympics (Sydney),Cycling,Mixed Track 1 km Time Trial Tandem Open,Gold,United States of America,,
2000,Sydney,Summer,2000 Summer Paralympics (Sydney),Judo,Men's -73 kg,Gold,United States of America,Stephan Moore,https://www.paralympic.org/stephan-moore
2000,Sydney,Summer,2000 Summer Paralympics (Sydney),Judo,Men's -90 kg,Silver,United States of America,Brett Lewis,https://www.paralympic.org/brett-lewis
2000,Sydney,Summer,2000 Summer Paralympics (Sydney),Judo,Men's +100 kg,Gold,United States of America,Kevin Szott,https://www.paralympic.org/kevin-szott
2000,Sydney,Summer,2000 Summer Paralympics (Sydney),Powerlifting,Men's +100 kg,Gold,United States of America,Pernell Cooper,https://www.paralympic.org/pernell-cooper
2000,Sydney,Summer,2000 Summer Paralympics (Sydney),Powerlifting,Men's +100 kg,Silver,United States of America,Kim Brownfield,https://www.paralympic.org/kim-brownfield
2000,Sydney,Summer,2000 Summer Paralympics (Sydney),Sailing,Mixed Single Person 2.4mr,Bronze,United States of America,Thomas Brown,https://www.paralympic.org/thomas-brown
2000,Sydney,Summer,2000 Summer Paralympics (Sydney),Swimming,Men's 100 m Backstroke S8,Silver,United States of America,Travis Mohr,https://www.paralympic.org/travis-mohr
2000,Sydney,Summer,2000 Summer Paralympics (Sydney),Swimming,Men's 100 m Backstroke S11,Gold,United States of America,Daniel Kelly,https://www.paralympic.org/daniel-kelly
2000,Sydney,Summer,2000 Summer Paralympics (Sydney),Swimming,Men's 50 m Breaststroke SB2,Silver,United States of America,James Thompson,https://www.paralympic.org/james-thompson
2000,Sydney,Summer,2000 Summer Paralympics (Sydney),Swimming,Men's 100 m Breaststroke SB6,Gold,United States of America,Travis Mohr,https://www.paralympic.org/travis-mohr
2000,Sydney,Summer,2000 Summer Paralympics (Sydney),Swimming,Men's 100 m Breaststroke SB11,Bronze,United States of America,Daniel Kelly,https://www.paralympic.org/daniel-kelly
2000,Sydney,Summer,2000 Summer Paralympics (Sydney),Swimming,Men's 100 m Freestyle S2,Gold,United States of America,Curtis Lovejoy,https://www.paralympic.org/curtis-lovejoy
2000,Sydney,Summer,2000 Summer Paralympics (Sydney),Swimming,Men's 100 m Freestyle S11,Gold,United States of America,Daniel Kelly,https://www.paralympic.org/daniel-kelly
2000,Sydney,Summer,2000 Summer Paralympics (Sydney),Swimming,Men's 400 m Freestyle S8,Gold,United States of America,Jason Wening,https://www.paralympic.org/jason-wening
2000,Sydney,Summer,2000 Summer Paralympics (Sydney),Swimming,Men's 50 m Freestyle S2,Gold,United States of America,Curtis Lovejoy,https://www.paralympic.org/curtis-lovejoy
2000,Sydney,Summer,2000 Summer Paralympics (Sydney),Swimming,Men's 50 m Freestyle S11,Silver,United States of America,Daniel Kelly,https://www.paralympic.org/daniel-kelly
2000,Sydney,Summer,2000 Summer Paralympics (Sydney),Swimming,Men's 200 m Medley SM11,Gold,United States of America,Daniel Kelly,https://www.paralympic.org/daniel-kelly
2000,Sydney,Summer,2000 Summer Paralympics (Sydney),Swimming,Women's 100 m Backstroke S7,Bronze,United States of America,Shannon Bothelio,https://www.paralympic.org/shannon-bothelio
2000,Sydney,Summer,2000 Summer Paralympics (Sydney),Swimming,Women's 100 m Backstroke S10,Gold,United States of America,Karen Norris,https://www.paralympic.org/karen-norris
2000,Sydney,Summer,2000 Summer Paralympics (Sydney),Swimming,Women's 100 m Backstroke S12,Silver,United States of America,Trischa Zorn,https://www.paralympic.org/trischa-zorn
2000,Sydney,Summer,2000 Summer Paralympics (Sydney),Swimming,Women's 100 m Breaststroke SB5,Gold,United States of America,Erin Popovich,https://www.paralympic.org/erin-popovich
2000,Sydney,Summer,2000 Summer Paralympics (Sydney),Swimming,Women's 100 m Breaststroke SB6,Silver,United States of America,Sarah Castle,https://www.paralympic.org/sarah-castle
2000,Sydney,Summer,2000 Summer Paralympics (Sydney),Swimming,Women's 100 m Breaststroke SB12,Silver,United States of America,Trischa Zorn,https://www.paralympic.org/trischa-zorn
2000,Sydney,Summer,2000 Summer Paralympics (Sydney),Swimming,Women's 100 m Breaststroke SB13,Bronze,United States of America,Elizabeth Scott,https://www.paralympic.org/elizabeth-scott
2000,Sydney,Summer,2000 Summer Paralympics (Sydney),Swimming,Women's 50 m Butterfly S6,Gold,United States of America,Erin Popovich,https://www.paralympic.org/erin-popovich
2000,Sydney,Summer,2000 Summer Paralympics (Sydney),Swimming,Women's 50 m Butterfly S7,Bronze,United States of America,Shannon Bothelio,https://www.paralympic.org/shannon-bothelio
2000,Sydney,Summer,2000 Summer Paralympics (Sydney),Swimming,Women's 100 m Butterfly S12,Silver,United States of America,Trischa Zorn,https://www.paralympic.org/trischa-zorn
2000,Sydney,Summer,2000 Summer Paralympics (Sydney),Swimming,Women's 100 m Freestyle S6,Gold,United States of America,Erin Popovich,https://www.paralympic.org/erin-popovich
2000,Sydney,Summer,2000 Summer Paralympics (Sydney),Swimming,Women's 100 m Freestyle S7,Silver,United States of America,Lauren Reynolds,https://www.paralympic.org/lauren-reynolds
2000,Sydney,Summer,2000 Summer Paralympics (Sydney),Swimming,Women's 100 m Freestyle S10,Silver,United States of America,Kendra Berner,https://www.paralympic.org/kendra-berner
2000,Sydney,Summer,2000 Summer Paralympics (Sydney),Swimming,Women's 100 m Freestyle S13,Gold,United States of America,Elizabeth Scott,https://www.paralympic.org/elizabeth-scott
2000,Sydney,Summer,2000 Summer Paralympics (Sydney),Swimming,Women's 100 m Freestyle S13,Bronze,United States of America,Jennifer Butcher,https://www.paralympic.org/jennifer-butcher
2000,Sydney,Summer,2000 Summer Paralympics (Sydney),Swimming,Women's 400 m Freestyle S6,Gold,United States of America,Stephanie Brooks,https://www.paralympic.org/stephanie-brooks
2000,Sydney,Summer,2000 Summer Paralympics (Sydney),Swimming,Women's 400 m Freestyle S7,Gold,United States of America,Lauren Reynolds,https://www.paralympic.org/lauren-reynolds
2000,Sydney,Summer,2000 Summer Paralympics (Sydney),Swimming,Women's 400 m Freestyle S10,Silver,United States of America,Kendra Berner,https://www.paralympic.org/kendra-berner
2000,Sydney,Summer,2000 Summer Paralympics (Sydney),Swimming,Women's 50 m Freestyle S6,Silver,United States of America,Erin Popovich,https://www.paralympic.org/erin-popovich
2000,Sydney,Summer,2000 Summer Paralympics (Sydney),Swimming,Women's 50 m Freestyle S7,Silver,United States of America,Shannon Bothelio,https://www.paralympic.org/shannon-bothelio
2000,Sydney,Summer,2000 Summer Paralympics (Sydney),Swimming,Women's 50 m Freestyle S10,Silver,United States of America,Kendra Berner,https://www.paralympic.org/kendra-berner
2000,Sydney,Summer,2000 Summer Paralympics (Sydney),Swimming,Women's 50 m Freestyle S12,Bronze,United States of America,Trischa Zorn,https://www.paralympic.org/trischa-zorn
2000,Sydney,Summer,2000 Summer Paralympics (Sydney),Swimming,Women's 50 m Freestyle S13,Gold,United States of America,Elizabeth Scott,https://www.paralympic.org/elizabeth-scott
2000,Sydney,Summer,2000 Summer Paralympics (Sydney),Swimming,Women's 200 m Medley SM6,Silver,United States of America,Erin Popovich,https://www.paralympic.org/erin-popovich
2000,Sydney,Summer,2000 Summer Paralympics (Sydney),Swimming,Women's 200 m Medley SM12,Silver,United States of America,Trischa Zorn,https://www.paralympic.org/trischa-zorn
2000,Sydney,Summer,2000 Summer Paralympics (Sydney),Swimming,Women's 200 m Medley SM13,Silver,United States of America,Elizabeth Scott,https://www.paralympic.org/elizabeth-scott
2000,Sydney,Summer,2000 Summer Paralympics (Sydney),Swimming,Women's 4x50 m Freestyle 20 pts,Silver,United States of America,,
2000,Sydney,Summer,2000 Summer Paralympics (Sydney),Swimming,Women's 4x100 m Freestyle 34 pts,Silver,United States of America,,
2000,Sydney,Summer,2000 Summer Paralympics (Sydney),Table Tennis,Men's Teams 6-7,Bronze,United States of America,,
2000,Sydney,Summer,2000 Summer Paralympics (Sydney),Wheelchair Basketball,Men's Tournament,Bronze,United States of America,,
2000,Sydney,Summer,2000 Summer Paralympics (Sydney),Wheelchair Rugby,Mixed,Gold,United States of America,,
2000,Sydney,Summer,2000 Summer Paralympics (Sydney),Wheelchair Tennis,Men's Doubles,Bronze,United States of America,,
2000,Sydney,Summer,2000 Summer Paralympics (Sydney),Wheelchair Tennis,Men's Singles,Silver,United States of America,Stephen Welch,https://www.paralympic.org/stephen-welch
2002,Salt Lake City,Winter,2002 Winter Paralympics (Salt Lake City),Alpine Skiing,Men's Downhill LW2,Bronze,United States of America,Jason Lalla,https://www.paralympic.org/jason-lalla
2002,Salt Lake City,Winter,2002 Winter Paralympics (Salt Lake City),Alpine Skiing,Men's Downhill LW4,Silver,United States of America,James Lagerstrom,https://www.paralympic.org/james-lagerstrom
2002,Salt Lake City,Winter,2002 Winter Paralympics (Salt Lake City),Alpine Skiing,"Men's Downhill LW3,5/7,9",Bronze,United States of America,Jacob Rife,https://www.paralympic.org/jacob-rife
2002,Salt Lake City,Winter,2002 Winter Paralympics (Salt Lake City),Alpine Skiing,Men's Downhill LW10,Silver,United States of America,Chris Waddell,https://www.paralympic.org/chris-waddell
2002,Salt Lake City,Winter,2002 Winter Paralympics (Salt Lake City),Alpine Skiing,Men's Downhill LW12,Gold,United States of America,Kevin Bramble,https://www.paralympic.org/kevin-bramble
2002,Salt Lake City,Winter,2002 Winter Paralympics (Salt Lake City),Alpine Skiing,Men's Downhill LW12,Silver,United States of America,Christopher Devlin-Young,https://www.paralympic.org/christopher-devlin-young
2002,Salt Lake City,Winter,2002 Winter Paralympics (Salt Lake City),Alpine Skiing,Men's Giant Slalom LW2,Silver,United States of America,Jason Lalla,https://www.paralympic.org/jason-lalla
2002,Salt Lake City,Winter,2002 Winter Paralympics (Salt Lake City),Alpine Skiing,Men's Giant Slalom LW10,Bronze,United States of America,Chris Waddell,https://www.paralympic.org/chris-waddell
2002,Salt Lake City,Winter,2002 Winter Paralympics (Salt Lake City),Alpine Skiing,Men's Giant Slalom B3,Bronze,United States of America,Andrew Parr,https://www.paralympic.org/andrew-parr
2002,Salt Lake City,Winter,2002 Winter Paralympics (Salt Lake City),Alpine Skiing,Men's Super-G LW12,Gold,United States of America,Christopher Devlin-Young,https://www.paralympic.org/christopher-devlin-young
2002,Salt Lake City,Winter,2002 Winter Paralympics (Salt Lake City),Alpine Skiing,Men's Slalom LW2,Silver,United States of America,Monte Meier,https://www.paralympic.org/monte-meier
2002,Salt Lake City,Winter,2002 Winter Paralympics (Salt Lake City),Alpine Skiing,Men's Slalom LW10,Bronze,United States of America,Chris Waddell,https://www.paralympic.org/chris-waddell
2002,Salt Lake City,Winter,2002 Winter Paralympics (Salt Lake City),Alpine Skiing,Men's Slalom B3,Silver,United States of America,Andrew Parr,https://www.paralympic.org/andrew-parr
2002,Salt Lake City,Winter,2002 Winter Paralympics (Salt Lake City),Alpine Skiing,Women's Downhill LW2,Silver,United States of America,Sarah Billmeier,https://www.paralympic.org/sarah-billmeier
2002,Salt Lake City,Winter,2002 Winter Paralympics (Salt Lake City),Alpine Skiing,"Women's Downhill LW3,4,6/8,9",Silver,United States of America,Csilla Kristof,https://www.paralympic.org/csilla-kristof
2002,Salt Lake City,Winter,2002 Winter Paralympics (Salt Lake City),Alpine Skiing,Women's Downhill LW10-12,Gold,United States of America,Sarah Will,https://www.paralympic.org/sarah-will
2002,Salt Lake City,Winter,2002 Winter Paralympics (Salt Lake City),Alpine Skiing,Women's Downhill LW10-12,Silver,United States of America,Muffy Davis,https://www.paralympic.org/muffy-davis
2002,Salt Lake City,Winter,2002 Winter Paralympics (Salt Lake City),Alpine Skiing,Women's Downhill LW10-12,Bronze,United States of America,Stephani Victor,https://www.paralympic.org/stephani-victor
2002,Salt Lake City,Winter,2002 Winter Paralympics (Salt Lake City),Alpine Skiing,Women's Giant Slalom LW2,Silver,United States of America,Allison Jones,https://www.paralympic.org/allison-jones
2002,Salt Lake City,Winter,2002 Winter Paralympics (Salt Lake City),Alpine Skiing,Women's Giant Slalom LW6/8,Silver,United States of America,Csilla Kristof,https://www.paralympic.org/csilla-kristof
2002,Salt Lake City,Winter,2002 Winter Paralympics (Salt Lake City),Alpine Skiing,"Women's Giant Slalom LW3,4,9",Gold,United States of America,Mary Riddell,https://www.paralympic.org/mary-riddell
2002,Salt Lake City,Winter,2002 Winter Paralympics (Salt Lake City),Alpine Skiing,Women's Giant Slalom LW10-11,Gold,United States of America,Sarah Will,https://www.paralympic.org/sarah-will
2002,Salt Lake City,Winter,2002 Winter Paralympics (Salt Lake City),Alpine Skiing,Women's Giant Slalom LW10-11,Silver,United States of America,Muffy Davis,https://www.paralympic.org/muffy-davis
2002,Salt Lake City,Winter,2002 Winter Paralympics (Salt Lake City),Alpine Skiing,Women's Giant Slalom LW10-11,Bronze,United States of America,Lacey Heward,https://www.paralympic.org/lacey-heward
2002,Salt Lake City,Winter,2002 Winter Paralympics (Salt Lake City),Alpine Skiing,Women's Giant Slalom LW12,Gold,United States of America,Allison Pearl,https://www.paralympic.org/allison-pearl
2002,Salt Lake City,Winter,2002 Winter Paralympics (Salt Lake City),Alpine Skiing,Women's Super-G LW2,Gold,United States of America,Sarah Billmeier,https://www.paralympic.org/sarah-billmeier
2002,Salt Lake City,Winter,2002 Winter Paralympics (Salt Lake City),Alpine Skiing,Women's Super-G LW2,Silver,United States of America,Allison Jones,https://www.paralympic.org/allison-jones
2002,Salt Lake City,Winter,2002 Winter Paralympics (Salt Lake City),Alpine Skiing,Women's Super-G LW2,Bronze,United States of America,Sandy Dukat,https://www.paralympic.org/sandy-dukat
2002,Salt Lake City,Winter,2002 Winter Paralympics (Salt Lake City),Alpine Skiing,"Women's Super-G LW3,4,6/8,9",Silver,United States of America,Mary Riddell,https://www.paralympic.org/mary-riddell
2002,Salt Lake City,Winter,2002 Winter Paralympics (Salt Lake City),Alpine Skiing,Women's Super-G LW10-12,Gold,United States of America,Sarah Will,https://www.paralympic.org/sarah-will
2002,Salt Lake City,Winter,2002 Winter Paralympics (Salt Lake City),Alpine Skiing,Women's Super-G LW10-12,Silver,United States of America,Muffy Davis,https://www.paralympic.org/muffy-davis
2002,Salt Lake City,Winter,2002 Winter Paralympics (Salt Lake City),Alpine Skiing,Women's Super-G LW10-12,Bronze,United States of America,Lacey Heward,https://www.paralympic.org/lacey-heward
2002,Salt Lake City,Winter,2002 Winter Paralympics (Salt Lake City),Alpine Skiing,Women's Slalom LW2,Silver,United States of America,Sarah Billmeier,https://www.paralympic.org/sarah-billmeier
2002,Salt Lake City,Winter,2002 Winter Paralympics (Salt Lake City),Alpine Skiing,Women's Slalom LW2,Bronze,United States of America,Sandy Dukat,https://www.paralympic.org/sandy-dukat
2002,Salt Lake City,Winter,2002 Winter Paralympics (Salt Lake City),Alpine Skiing,Women's Slalom LW6/8,Silver,United States of America,Csilla Kristof,https://www.paralympic.org/csilla-kristof
2002,Salt Lake City,Winter,2002 Winter Paralympics (Salt Lake City),Alpine Skiing,"Women's Slalom LW3,4,9",Bronze,United States of America,Jennifer Kelchner,https://www.paralympic.org/jennifer-kelchner
2002,Salt Lake City,Winter,2002 Winter Paralympics (Salt Lake City),Alpine Skiing,Women's Slalom LW10-12,Gold,United States of America,Sarah Will,https://www.paralympic.org/sarah-will
2002,Salt Lake City,Winter,2002 Winter Paralympics (Salt Lake City),Cross Country,Men's 20 km Free Technique Standing,Silver,United States of America,Steven Cook,https://www.paralympic.org/steven-cook
2002,Salt Lake City,Winter,2002 Winter Paralympics (Salt Lake City),Cross Country,Men's 10 km Free Technique LW2-4,Silver,United States of America,Steven Cook,https://www.paralympic.org/steven-cook
2002,Salt Lake City,Winter,2002 Winter Paralympics (Salt Lake City),Cross Country,Men's 10 km Sitski LW12,Silver,United States of America,Robert Balk,https://www.paralympic.org/robert-balk
2002,Salt Lake City,Winter,2002 Winter Paralympics (Salt Lake City),Cross Country,Men's 1x2.5/2x5 km Relay Open,Silver,United States of America,,
2002,Salt Lake City,Winter,2002 Winter Paralympics (Salt Lake City),Cross Country,Men's 5 km Classical Technique LW2-4,Silver,United States of America,Steven Cook,https://www.paralympic.org/steven-cook
2002,Salt Lake City,Winter,2002 Winter Paralympics (Salt Lake City),Para Ice Hockey,Men's Tournament,Gold,United States of America,,
2004,Athens,Summer,2004 Summer Paralympics (Athens),Archery,Men's Individual W1,Bronze,United States of America,Jeffrey Fabry,https://www.paralympic.org/jeffrey-fabry
2004,Athens,Summer,2004 Summer Paralympics (Athens),Archery,Men's Teams Open,Bronze,United States of America,,
2004,Athens,Summer,2004 Summer Paralympics (Athens),Athletics,Men's 100 m T13,Gold,United States of America,Royal Mitchell,https://www.paralympic.org/royal-mitchell
2004,Athens,Summer,2004 Summer Paralympics (Athens),Athletics,Men's 100 m T44,Gold,United States of America,Marlon Shirley,https://www.paralympic.org/marlon-shirley
2004,Athens,Summer,2004 Summer Paralympics (Athens),Athletics,Men's 100 m T44,Silver,United States of America,Timothy Brian Frasure,https://www.paralympic.org/timothy-brian-frasure
2004,Athens,Summer,2004 Summer Paralympics (Athens),Athletics,Men's 100 m T53,Bronze,United States of America,Joshua George,https://www.paralympic.org/joshua-george
2004,Athens,Summer,2004 Summer Paralympics (Athens),Athletics,Men's 200 m T44,Silver,United States of America,Marlon Shirley,https://www.paralympic.org/marlon-shirley
2004,Athens,Summer,2004 Summer Paralympics (Athens),Athletics,Men's 200 m T44,Bronze,United States of America,Timothy Brian Frasure,https://www.paralympic.org/timothy-brian-frasure
2004,Athens,Summer,2004 Summer Paralympics (Athens),Athletics,Men's 400 m T13,Gold,United States of America,Royal Mitchell,https://www.paralympic.org/royal-mitchell
2004,Athens,Summer,2004 Summer Paralympics (Athens),Athletics,Men's 400 m T44,Gold,United States of America,Daniel Andrews,https://www.paralympic.org/daniel-andrews
2004,Athens,Summer,2004 Summer Paralympics (Athens),Athletics,Men's 400 m T44,Bronze,United States of America,Ryan Fann,https://www.paralympic.org/ryan-fann
2004,Athens,Summer,2004 Summer Paralympics (Athens),Athletics,Men's 400 m T53,Bronze,United States of America,Joshua George,https://www.paralympic.org/joshua-george
2004,Athens,Summer,2004 Summer Paralympics (Athens),Athletics,Men's 800 m T53,Silver,United States of America,Adam Bleakney,https://www.paralympic.org/adam-bleakney
2004,Athens,Summer,2004 Summer Paralympics (Athens),Athletics,Men's High Jump F44/46,Silver,United States of America,Jeffrey Skiba,https://www.paralympic.org/jeffrey-skiba
2004,Athens,Summer,2004 Summer Paralympics (Athens),Athletics,Men's Long Jump F11,Silver,United States of America,Lex Gillette,https://www.paralympic.org/lex-gillette
2004,Athens,Summer,2004 Summer Paralympics (Athens),Athletics,Men's Long Jump F44,Bronze,United States of America,Marlon Shirley,https://www.paralympic.org/marlon-shirley
2004,Athens,Summer,2004 Summer Paralympics (Athens),Athletics,Men's Pentathlon P44,Silver,United States of America,Casey Tibbs,https://www.paralympic.org/casey-tibbs
2004,Athens,Summer,2004 Summer Paralympics (Athens),Athletics,Men's 4x100 m T42-46,Gold,United States of America,,
2004,Athens,Summer,2004 Summer Paralympics (Athens),Athletics,Men's 4x400 m T42-46,Gold,United States of America,,
2004,Athens,Summer,2004 Summer Paralympics (Athens),Athletics,Men's Shot Put F44/46,Silver,United States of America,Edwin Cockrell,https://www.paralympic.org/edwin-cockrell
2004,Athens,Summer,2004 Summer Paralympics (Athens),Athletics,Women's 100 m T54,Silver,United States of America,Tatyana McFadden,https://www.paralympic.org/tatyana-mcfadden
2004,Athens,Summer,2004 Summer Paralympics (Athens),Athletics,Women's 200 m T54,Bronze,United States of America,Tatyana McFadden,https://www.paralympic.org/tatyana-mcfadden
2004,Athens,Summer,2004 Summer Paralympics (Athens),Athletics,Women's 800 m T53,Gold,United States of America,Cheri Blauwet,https://www.paralympic.org/cheri-blauwet
2004,Athens,Summer,2004 Summer Paralympics (Athens),Athletics,Women's 5000 m T54,Bronze,United States of America,Cheri Blauwet,https://www.paralympic.org/cheri-blauwet
2004,Athens,Summer,2004 Summer Paralympics (Athens),Athletics,Women's Discus Throw F40,Bronze,United States of America,Jill Kennedy,https://www.paralympic.org/jill-kennedy
2004,Athens,Summer,2004 Summer Paralympics (Athens),Athletics,Women's Javelin F40,Bronze,United States of America,Jill Kennedy,https://www.paralympic.org/jill-kennedy
2004,Athens,Summer,2004 Summer Paralympics (Athens),Athletics,Women's Long Jump F44/46,Bronze,United States of America,April Holmes,https://www.paralympic.org/april-holmes
2004,Athens,Summer,2004 Summer Paralympics (Athens),Athletics,Women's Marathon T54,Bronze,United States of America,Cheri Blauwet,https://www.paralympic.org/cheri-blauwet
2004,Athens,Summer,2004 Summer Paralympics (Athens),Cycling,Men's Road Tricycle Road Race CP Div 1/2,Silver,United States of America,Stuart Flacks,https://www.paralympic.org/stuart-flacks
2004,Athens,Summer,2004 Summer Paralympics (Athens),Cycling,Men's Road Handcycle Road Race HC Div B/C,Silver,United States of America,Alejandro Albor,https://www.paralympic.org/alejandro-albor
2004,Athens,Summer,2004 Summer Paralympics (Athens),Cycling,Men's Road Road Race / Time Trial Bicycle LC2,Bronze,United States of America,Ron Williams,https://www.paralympic.org/ron-williams
2004,Athens,Summer,2004 Summer Paralympics (Athens),Cycling,Women's Road Road Race / Time Trial Tandem B1-3,Gold,United States of America,,
2004,Athens,Summer,2004 Summer Paralympics (Athens),Cycling,Men's Track Individual Pursuit Bicycle LC2,Bronze,United States of America,Paul Martin,https://www.paralympic.org/paul-martin
2004,Athens,Summer,2004 Summer Paralympics (Athens),Cycling,Men's Track Team Sprint LC1-4/CP 3/4,Silver,United States of America,,
2004,Athens,Summer,2004 Summer Paralympics (Athens),Cycling,Women's Track Individual Pursuit Tandem B1-3,Gold,United States of America,,
2004,Athens,Summer,2004 Summer Paralympics (Athens),Cycling,Women's Track Sprint Tandem B1-3,Bronze,United States of America,,
2004,Athens,Summer,2004 Summer Paralympics (Athens),Cycling,Women's Track 1 km Time Trial Tandem B1-3,Silver,United States of America,,
2004,Athens,Summer,2004 Summer Paralympics (Athens),Equestrian,Mixed Dressage - Freestyle Grade I,Silver,United States of America,Lynn Seidemann,https://www.paralympic.org/lynn-seidemann
2004,Athens,Summer,2004 Summer Paralympics (Athens),Goalball,Men's Tournament,Bronze,United States of America,,
2004,Athens,Summer,2004 Summer Paralympics (Athens),Goalball,Women's Tournament,Silver,United States of America,,
2004,Athens,Summer,2004 Summer Paralympics (Athens),Judo,Men's -73 kg,Bronze,United States of America,Stephen Moore,https://www.paralympic.org/stephen-moore
2004,Athens,Summer,2004 Summer Paralympics (Athens),Judo,Men's -100 kg,Bronze,United States of America,Kevin Szott,https://www.paralympic.org/kevin-szott
2004,Athens,Summer,2004 Summer Paralympics (Athens),Judo,Women's -70 kg,Silver,United States of America,Lorena Pierce,https://www.paralympic.org/lorena-pierce
2004,Athens,Summer,2004 Summer Paralympics (Athens),Sailing,Mixed Single Person 2.4mr,Silver,United States of America,Thomas Brown,https://www.paralympic.org/thomas-brown
2004,Athens,Summer,2004 Summer Paralympics (Athens),Sailing,Mixed Three Person Sonar,Bronze,United States of America,,
2004,Athens,Summer,2004 Summer Paralympics (Athens),Shooting,Men's Free Rifle 3x40 SH1,Silver,United States of America,Dan Jordan,https://www.paralympic.org/dan-jordan
2004,Athens,Summer,2004 Summer Paralympics (Athens),Swimming,Men's 100 m Backstroke S8,Gold,United States of America,Travis Mohr,https://www.paralympic.org/travis-mohr
2004,Athens,Summer,2004 Summer Paralympics (Athens),Swimming,Men's 100 m Backstroke S9,Gold,United States of America,Jarrett Perry,https://www.paralympic.org/jarrett-perry
2004,Athens,Summer,2004 Summer Paralympics (Athens),Swimming,Men's 100 m Backstroke S10,Gold,United States of America,Justin Zook,https://www.paralympic.org/justin-zook
2004,Athens,Summer,2004 Summer Paralympics (Athens),Swimming,Men's 50 m Breaststroke SB2,Bronze,United States of America,Michael Demarco,https://www.paralympic.org/michael-demarco
2004,Athens,Summer,2004 Summer Paralympics (Athens),Swimming,Men's 100 m Breaststroke SB6,Silver,United States of America,Travis Mohr,https://www.paralympic.org/travis-mohr
2004,Athens,Summer,2004 Summer Paralympics (Athens),Swimming,Men's 100 m Freestyle S2,Silver,United States of America,Curtis Lovejoy,https://www.paralympic.org/curtis-lovejoy
2004,Athens,Summer,2004 Summer Paralympics (Athens),Swimming,Men's 100 m Freestyle S7,Bronze,United States of America,Lantz Lamback,https://www.paralympic.org/lantz-lamback
2004,Athens,Summer,2004 Summer Paralympics (Athens),Swimming,Men's 100 m Freestyle S9,Bronze,United States of America,Michael Prout,https://www.paralympic.org/michael-prout
2004,Athens,Summer,2004 Summer Paralympics (Athens),Swimming,Men's 400 m Freestyle S9,Gold,United States of America,Michael Prout,https://www.paralympic.org/michael-prout
2004,Athens,Summer,2004 Summer Paralympics (Athens),Swimming,Men's 50 m Freestyle S2,Bronze,United States of America,Curtis Lovejoy,https://www.paralympic.org/curtis-lovejoy
2004,Athens,Summer,2004 Summer Paralympics (Athens),Swimming,Men's 50 m Freestyle S7,Bronze,United States of America,Lantz Lamback,https://www.paralympic.org/lantz-lamback
2004,Athens,Summer,2004 Summer Paralympics (Athens),Swimming,Men's 50 m Freestyle S10,Bronze,United States of America,Justin Zook,https://www.paralympic.org/justin-zook
2004,Athens,Summer,2004 Summer Paralympics (Athens),Swimming,Men's 200 m Individual Medley SM7,Gold,United States of America,Rudy Garcia,https://www.paralympic.org/rudy-garcia
2004,Athens,Summer,2004 Summer Paralympics (Athens),Swimming,Women's 100 m Backstroke S10,Gold,United States of America,Mikhaila Rutherford,https://www.paralympic.org/mikhaila-rutherford
2004,Athens,Summer,2004 Summer Paralympics (Athens),Swimming,Women's 100 m Backstroke S12,Bronze,United States of America,Trischa Zorn,https://www.paralympic.org/trischa-zorn
2004,Athens,Summer,2004 Summer Paralympics (Athens),Swimming,Women's 100 m Backstroke S13,Bronze,United States of America,Jennifer Butcher,https://www.paralympic.org/jennifer-butcher
2004,Athens,Summer,2004 Summer Paralympics (Athens),Swimming,Women's 100 m Breaststroke SB6,Bronze,United States of America,Deborah Gruen,https://www.paralympic.org/deborah-gruen
2004,Athens,Summer,2004 Summer Paralympics (Athens),Swimming,Women's 100 m Breaststroke SB7,Gold,United States of America,Erin Popovich,https://www.paralympic.org/erin-popovich
2004,Athens,Summer,2004 Summer Paralympics (Athens),Swimming,Women's 100 m Breaststroke SB8,Silver,United States of America,Mikhaila Rutherford,https://www.paralympic.org/mikhaila-rutherford
2004,Athens,Summer,2004 Summer Paralympics (Athens),Swimming,Women's 100 m Breaststroke SB8,Bronze,United States of America,Beth Riggle,https://www.paralympic.org/beth-riggle
2004,Athens,Summer,2004 Summer Paralympics (Athens),Swimming,Women's 100 m Breaststroke SB9,Bronze,United States of America,Carly Haynie,https://www.paralympic.org/carly-haynie
2004,Athens,Summer,2004 Summer Paralympics (Athens),Swimming,Women's 50 m Butterfly S7,Gold,United States of America,Erin Popovich,https://www.paralympic.org/erin-popovich
2004,Athens,Summer,2004 Summer Paralympics (Athens),Swimming,Women's 100 m Freestyle S4,Bronze,United States of America,Melanie Benn,https://www.paralympic.org/melanie-benn
2004,Athens,Summer,2004 Summer Paralympics (Athens),Swimming,Women's 100 m Freestyle S7,Gold,United States of America,Erin Popovich,https://www.paralympic.org/erin-popovich
2004,Athens,Summer,2004 Summer Paralympics (Athens),Swimming,Women's 100 m Freestyle S8,Gold,United States of America,Jessica Long,https://www.paralympic.org/jessica-long
2004,Athens,Summer,2004 Summer Paralympics (Athens),Swimming,Women's 200 m Freestyle S4,Bronze,United States of America,Cheryl Angelelli,https://www.paralympic.org/cheryl-angelelli
2004,Athens,Summer,2004 Summer Paralympics (Athens),Swimming,Women's 400 m Freestyle S8,Gold,United States of America,Jessica Long,https://www.paralympic.org/jessica-long
2004,Athens,Summer,2004 Summer Paralympics (Athens),Swimming,Women's 400 m Freestyle S10,Bronze,United States of America,Ashley Owens,https://www.paralympic.org/ashley-owens
2004,Athens,Summer,2004 Summer Paralympics (Athens),Swimming,Women's 50 m Freestyle S4,Silver,United States of America,Melanie Benn,https://www.paralympic.org/melanie-benn
2004,Athens,Summer,2004 Summer Paralympics (Athens),Swimming,Women's 50 m Freestyle S7,Gold,United States of America,Erin Popovich,https://www.paralympic.org/erin-popovich
2004,Athens,Summer,2004 Summer Paralympics (Athens),Swimming,Women's 200 m Individual Medley SM7,Gold,United States of America,Erin Popovich,https://www.paralympic.org/erin-popovich
2004,Athens,Summer,2004 Summer Paralympics (Athens),Swimming,Women's 200 m Individual Medley SM10,Gold,United States of America,Mikhaila Rutherford,https://www.paralympic.org/mikhaila-rutherford
2004,Athens,Summer,2004 Summer Paralympics (Athens),Swimming,Women's 4x50 m Freestyle 20 pts,Bronze,United States of America,,
2004,Athens,Summer,2004 Summer Paralympics (Athens),Swimming,Women's 4x100 m Freestyle 34 pts,Gold,United States of America,,
2004,Athens,Summer,2004 Summer Paralympics (Athens),Swimming,Women's 4x100 m Medley 34 pts,Gold,United States of America,,
2004,Athens,Summer,2004 Summer Paralympics (Athens),Table Tennis,Men's Singles 9,Bronze,United States of America,Tahl Leibovitz,https://www.paralympic.org/tahl-leibovitz
2004,Athens,Summer,2004 Summer Paralympics (Athens),Volleyball,Women's Sitting Volleyball,Bronze,United States of America,,
2004,Athens,Summer,2004 Summer Paralympics (Athens),Wheelchair Basketball,Women's Tournament,Gold,United States of America,,
2004,Athens,Summer,2004 Summer Paralympics (Athens),Wheelchair Fencing,Men's Epee Individual B,Bronze,United States of America,John Rodgers,https://www.paralympic.org/john-rodgers
2004,Athens,Summer,2004 Summer Paralympics (Athens),Wheelchair Rugby,Mixed,Bronze,United States of America,,
2004,Athens,Summer,2004 Summer Paralympics (Athens),Wheelchair Tennis,Mixed Doubles Quad,Gold,United States of America,,
2004,Athens,Summer,2004 Summer Paralympics (Athens),Wheelchair Tennis,Mixed Singles Quad,Silver,United States of America,David Wagner,https://www.paralympic.org/david-wagner
2006,Turin,Winter,2006 Winter Paralympics (Turin),Alpine Skiing,Men's Downhill Sitting,Gold,United States of America,Kevin Bramble,https://www.paralympic.org/kevin-bramble
2006,Turin,Winter,2006 Winter Paralympics (Turin),Alpine Skiing,Men's Downhill Sitting,Silver,United States of America,Christopher Devlin-Young,https://www.paralympic.org/christopher-devlin-young
2006,Turin,Winter,2006 Winter Paralympics (Turin),Alpine Skiing,Women's Downhill Sitting,Gold,United States of America,Laurie Stephens,https://www.paralympic.org/laurie-stephens
2006,Turin,Winter,2006 Winter Paralympics (Turin),Alpine Skiing,Women's Giant Slalom Sitting,Silver,United States of America,Laurie Stephens,https://www.paralympic.org/laurie-stephens
2006,Turin,Winter,2006 Winter Paralympics (Turin),Alpine Skiing,Women's Super-G Sitting,Gold,United States of America,Laurie Stephens,https://www.paralympic.org/laurie-stephens
2006,Turin,Winter,2006 Winter Paralympics (Turin),Alpine Skiing,Women's Slalom Standing,Gold,United States of America,Allison Jones,https://www.paralympic.org/allison-jones
2006,Turin,Winter,2006 Winter Paralympics (Turin),Alpine Skiing,Women's Slalom Standing,Bronze,United States of America,Sandy Dukat,https://www.paralympic.org/sandy-dukat
2006,Turin,Winter,2006 Winter Paralympics (Turin),Alpine Skiing,Women's Slalom Sitting,Gold,United States of America,Stephani Victor,https://www.paralympic.org/stephani-victor
2006,Turin,Winter,2006 Winter Paralympics (Turin),Cross Country,Men's 20 km Standing,Bronze,United States of America,Steven Cook,https://www.paralympic.org/steven-cook
2006,Turin,Winter,2006 Winter Paralympics (Turin),Cross Country,Men's 10 km Standing,Gold,United States of America,Steven Cook,https://www.paralympic.org/steven-cook
2006,Turin,Winter,2006 Winter Paralympics (Turin),Cross Country,Men's 5 km Standing,Gold,United States of America,Steven Cook,https://www.paralympic.org/steven-cook
2006,Turin,Winter,2006 Winter Paralympics (Turin),Para Ice Hockey,Men's Tournament,Bronze,United States of America,,
2008,Beijing,Summer,2008 Summer Paralympics (Beijing),Archery,Men's Individual Compound W1,Bronze,United States of America,Jeff Fabry,https://www.paralympic.org/jeff-fabry
2008,Beijing,Summer,2008 Summer Paralympics (Beijing),Archery,Women's Individual Recurve Standing,Bronze,United States of America,Lindsey Carmichael,https://www.paralympic.org/lindsey-carmichael
2008,Beijing,Summer,2008 Summer Paralympics (Beijing),Athletics,Men's 100 m T12,Gold,United States of America,Josiah Jamison,https://www.paralympic.org/josiah-jamison
2008,Beijing,Summer,2008 Summer Paralympics (Beijing),Athletics,Men's 100 m T44,Silver,United States of America,Jerome Singleton,https://www.paralympic.org/jerome-singleton
2008,Beijing,Summer,2008 Summer Paralympics (Beijing),Athletics,Men's 100 m T44,Bronze,United States of America,Timothy Brian Frasure,https://www.paralympic.org/timothy-brian-frasure
2008,Beijing,Summer,2008 Summer Paralympics (Beijing),Athletics,Men's 100 m T53,Gold,United States of America,Joshua George,https://www.paralympic.org/joshua-george
2008,Beijing,Summer,2008 Summer Paralympics (Beijing),Athletics,Men's 200 m T44,Silver,United States of America,Jim Bob Bizzell,https://www.paralympic.org/jim-bob-bizzell
2008,Beijing,Summer,2008 Summer Paralympics (Beijing),Athletics,Men's 400 m T44,Silver,United States of America,Jim Bob Bizzell,https://www.paralympic.org/jim-bob-bizzell
2008,Beijing,Summer,2008 Summer Paralympics (Beijing),Athletics,Men's 800 m T13,Silver,United States of America,"Peter gottwald, jr.",https://www.paralympic.org/peter-gottwald-jr
2008,Beijing,Summer,2008 Summer Paralympics (Beijing),Athletics,Men's 800 m T53,Silver,United States of America,Joshua George,https://www.paralympic.org/joshua-george
2008,Beijing,Summer,2008 Summer Paralympics (Beijing),Athletics,Men's Discus Throw F44,Gold,United States of America,Jeremy Campbell,https://www.paralympic.org/jeremy-campbell
2008,Beijing,Summer,2008 Summer Paralympics (Beijing),Athletics,Men's High Jump F44/46,Gold,United States of America,Jeff Skiba,https://www.paralympic.org/jeff-skiba
2008,Beijing,Summer,2008 Summer Paralympics (Beijing),Athletics,Men's Long Jump F11,Silver,United States of America,Lex Gillette,https://www.paralympic.org/lex-gillette
2008,Beijing,Summer,2008 Summer Paralympics (Beijing),Athletics,Men's Long Jump F42/44,Bronze,United States of America,Casey Tibbs,https://www.paralympic.org/casey-tibbs
2008,Beijing,Summer,2008 Summer Paralympics (Beijing),Athletics,Men's Pentathlon P44,Gold,United States of America,Jeremy Campbell,https://www.paralympic.org/jeremy-campbell
2008,Beijing,Summer,2008 Summer Paralympics (Beijing),Athletics,Men's Pentathlon P44,Silver,United States of America,Jeff Skiba,https://www.paralympic.org/jeff-skiba
2008,Beijing,Summer,2008 Summer Paralympics (Beijing),Athletics,Men's 4x100 m T42-46,Gold,United States of America,,
2008,Beijing,Summer,2008 Summer Paralympics (Beijing),Athletics,Women's 100 m T44,Gold,United States of America,April Holmes,https://www.paralympic.org/april-holmes
2008,Beijing,Summer,2008 Summer Paralympics (Beijing),Athletics,Women's 100 m T53,Silver,United States of America,Jessica Galli,https://www.paralympic.org/jessica-galli
2008,Beijing,Summer,2008 Summer Paralympics (Beijing),Athletics,Women's 200 m T53,Silver,United States of America,Jessica Galli,https://www.paralympic.org/jessica-galli
2008,Beijing,Summer,2008 Summer Paralympics (Beijing),Athletics,Women's 200 m T54,Silver,United States of America,Tatyana McFadden,https://www.paralympic.org/tatyana-mcfadden
2008,Beijing,Summer,2008 Summer Paralympics (Beijing),Athletics,Women's 400 m T53,Gold,United States of America,Jessica Galli,https://www.paralympic.org/jessica-galli
2008,Beijing,Summer,2008 Summer Paralympics (Beijing),Athletics,Women's 400 m T53,Bronze,United States of America,Anjali Forber Pratt,https://www.paralympic.org/anjali-forber-pratt
2008,Beijing,Summer,2008 Summer Paralympics (Beijing),Athletics,Women's 400 m T54,Silver,United States of America,Tatyana McFadden,https://www.paralympic.org/tatyana-mcfadden
2008,Beijing,Summer,2008 Summer Paralympics (Beijing),Athletics,Women's 800 m T53,Silver,United States of America,Jessica Galli,https://www.paralympic.org/jessica-galli
2008,Beijing,Summer,2008 Summer Paralympics (Beijing),Athletics,Women's 800 m T53,Bronze,United States of America,Amanda McGrory,https://www.paralympic.org/amanda-mcgrory
2008,Beijing,Summer,2008 Summer Paralympics (Beijing),Athletics,Women's 800 m T54,Silver,United States of America,Tatyana McFadden,https://www.paralympic.org/tatyana-mcfadden
2008,Beijing,Summer,2008 Summer Paralympics (Beijing),Athletics,Women's 5000 m T54,Gold,United States of America,Amanda McGrory,https://www.paralympic.org/amanda-mcgrory
2008,Beijing,Summer,2008 Summer Paralympics (Beijing),Athletics,Women's Marathon T54,Silver,United States of America,Amanda McGrory,https://www.paralympic.org/amanda-mcgrory
2008,Beijing,Summer,2008 Summer Paralympics (Beijing),Athletics,Women's 4x100 m T53/54,Bronze,United States of America,,
2008,Beijing,Summer,2008 Summer Paralympics (Beijing),Cycling,Men's Road Individual Road Race HC C,Silver,United States of America,Alejandro Albor,https://www.paralympic.org/alejandro-albor
2008,Beijing,Summer,2008 Summer Paralympics (Beijing),Cycling,Men's Road Individual Road Race HC C,Bronze,United States of America,Oz Sanchez,https://www.paralympic.org/oz-sanchez
2008,Beijing,Summer,2008 Summer Paralympics (Beijing),Cycling,Men's Road Individual Time Trial HC C,Gold,United States of America,Oz Sanchez,https://www.paralympic.org/oz-sanchez
2008,Beijing,Summer,2008 Summer Paralympics (Beijing),Cycling,Men's Road Individual Time Trial HC C,Bronze,United States of America,Alejandro Albor,https://www.paralympic.org/alejandro-albor
2008,Beijing,Summer,2008 Summer Paralympics (Beijing),Cycling,Men's Road Individual Time Trial LC4,Bronze,United States of America,Anthony Zahn,https://www.paralympic.org/anthony-zahn
2008,Beijing,Summer,2008 Summer Paralympics (Beijing),Cycling,Women's Road Individual Road Race B VI 1-3,Silver,United States of America,,
2008,Beijing,Summer,2008 Summer Paralympics (Beijing),Cycling,Women's Road Individual Time Trial B VI 1-3,Gold,United States of America,,
2008,Beijing,Summer,2008 Summer Paralympics (Beijing),Cycling,Women's Road Individual Time Trial LC1-2/CP4,Silver,United States of America,Jennifer Schuble,https://www.paralympic.org/jennifer-schuble
2008,Beijing,Summer,2008 Summer Paralympics (Beijing),Cycling,Women's Road Individual Time Trial LC3-4/CP3,Gold,United States of America,Barbara Buchan,https://www.paralympic.org/barbara-buchan
2008,Beijing,Summer,2008 Summer Paralympics (Beijing),Cycling,Women's Road Individual Time Trial LC3-4/CP3,Silver,United States of America,Allison Jones,https://www.paralympic.org/allison-jones
2008,Beijing,Summer,2008 Summer Paralympics (Beijing),Cycling,Women's Track Individual Pursuit LC1-2/CP4,Silver,United States of America,Jennifer Schuble,https://www.paralympic.org/jennifer-schuble
2008,Beijing,Summer,2008 Summer Paralympics (Beijing),Cycling,Women's Track Individual Pursuit LC3-4/CP3,Gold,United States of America,Barbara Buchan,https://www.paralympic.org/barbara-buchan
2008,Beijing,Summer,2008 Summer Paralympics (Beijing),Cycling,Women's Track Individual Pursuit B VI 1-3,Bronze,United States of America,,
2008,Beijing,Summer,2008 Summer Paralympics (Beijing),Cycling,Women's Track 500m Time Trial LC1-2/CP4,Gold,United States of America,Jennifer Schuble,https://www.paralympic.org/jennifer-schuble
2008,Beijing,Summer,2008 Summer Paralympics (Beijing),Goalball,Women's Tournament,Gold,United States of America,,
2008,Beijing,Summer,2008 Summer Paralympics (Beijing),Rowing,Women's Single Sculls AW1x,Bronze,United States of America,Laura Schwanger,https://www.paralympic.org/laura-schwanger
2008,Beijing,Summer,2008 Summer Paralympics (Beijing),Rowing,Mixed Coxed Four LTAMix4,Silver,United States of America,,
2008,Beijing,Summer,2008 Summer Paralympics (Beijing),Sailing,Mixed Single Person 2.4mr,Bronze,United States of America,John Ruf,https://www.paralympic.org/john-ruf
2008,Beijing,Summer,2008 Summer Paralympics (Beijing),Sailing,Mixed Two Person SKUD18,Gold,United States of America,,
2008,Beijing,Summer,2008 Summer Paralympics (Beijing),Swimming,Men's 100 m Backstroke S7,Gold,United States of America,Lantz Lamback,https://www.paralympic.org/lantz-lamback
2008,Beijing,Summer,2008 Summer Paralympics (Beijing),Swimming,Men's 100 m Backstroke S9,Bronze,United States of America,Jarrett Perry,https://www.paralympic.org/jarrett-perry
2008,Beijing,Summer,2008 Summer Paralympics (Beijing),Swimming,Men's 100 m Backstroke S10,Gold,United States of America,Justin Zook,https://www.paralympic.org/justin-zook
2008,Beijing,Summer,2008 Summer Paralympics (Beijing),Swimming,Men's 100 m Breaststroke SB7,Bronze,United States of America,Rudy Garcia-Tolson,https://www.paralympic.org/rudy-garcia-tolson
2008,Beijing,Summer,2008 Summer Paralympics (Beijing),Swimming,Men's 50 m Butterfly S5,Gold,United States of America,Roy Perkins,https://www.paralympic.org/roy-perkins
2008,Beijing,Summer,2008 Summer Paralympics (Beijing),Swimming,Men's 100 m Freestyle S5,Bronze,United States of America,Roy Perkins,https://www.paralympic.org/roy-perkins
2008,Beijing,Summer,2008 Summer Paralympics (Beijing),Swimming,Men's 100 m Freestyle S7,Silver,United States of America,Lantz Lamback,https://www.paralympic.org/lantz-lamback
2008,Beijing,Summer,2008 Summer Paralympics (Beijing),Swimming,Men's 400 m Freestyle S7,Silver,United States of America,Lantz Lamback,https://www.paralympic.org/lantz-lamback
2008,Beijing,Summer,2008 Summer Paralympics (Beijing),Swimming,Men's 50 m Freestyle S7,Bronze,United States of America,Lantz Lamback,https://www.paralympic.org/lantz-lamback
2008,Beijing,Summer,2008 Summer Paralympics (Beijing),Swimming,Men's 200 m Individual Medley SM7,Gold,United States of America,Rudy Garcia-Tolson,https://www.paralympic.org/rudy-garcia-tolson
2008,Beijing,Summer,2008 Summer Paralympics (Beijing),Swimming,Men's 200 m Individual Medley SM9,Bronze,United States of America,Cody Bureau,https://www.paralympic.org/cody-bureau
2008,Beijing,Summer,2008 Summer Paralympics (Beijing),Swimming,Women's 100 m Backstroke S8,Silver,United States of America,Jessica Long,https://www.paralympic.org/jessica-long
2008,Beijing,Summer,2008 Summer Paralympics (Beijing),Swimming,Women's 100 m Backstroke S9,Silver,United States of America,Elizabeth Stone,https://www.paralympic.org/elizabeth-stone
2008,Beijing,Summer,2008 Summer Paralympics (Beijing),Swimming,Women's 100 m Breaststroke SB6,Bronze,United States of America,Deborah Gruen,https://www.paralympic.org/deborah-gruen
2008,Beijing,Summer,2008 Summer Paralympics (Beijing),Swimming,Women's 100 m Breaststroke SB7,Gold,United States of America,Erin Popovich,https://www.paralympic.org/erin-popovich
2008,Beijing,Summer,2008 Summer Paralympics (Beijing),Swimming,Women's 100 m Breaststroke SB7,Bronze,United States of America,Jessica Long,https://www.paralympic.org/jessica-long
2008,Beijing,Summer,2008 Summer Paralympics (Beijing),Swimming,Women's 50 m Butterfly S7,Silver,United States of America,Erin Popovich,https://www.paralympic.org/erin-popovich
2008,Beijing,Summer,2008 Summer Paralympics (Beijing),Swimming,Women's 100 m Butterfly S8,Gold,United States of America,Jessica Long,https://www.paralympic.org/jessica-long
2008,Beijing,Summer,2008 Summer Paralympics (Beijing),Swimming,Women's 100 m Butterfly S8,Silver,United States of America,Amanda Everlove,https://www.paralympic.org/amanda-everlove
2008,Beijing,Summer,2008 Summer Paralympics (Beijing),Swimming,Women's 100 m Butterfly S10,Gold,United States of America,Anna Eames,https://www.paralympic.org/anna-eames
2008,Beijing,Summer,2008 Summer Paralympics (Beijing),Swimming,Women's 100 m Freestyle S4,Silver,United States of America,Cheryl Angelelli,https://www.paralympic.org/cheryl-angelelli
2008,Beijing,Summer,2008 Summer Paralympics (Beijing),Swimming,Women's 100 m Freestyle S4,Bronze,United States of America,Aimee Bruder,https://www.paralympic.org/aimee-bruder
2008,Beijing,Summer,2008 Summer Paralympics (Beijing),Swimming,Women's 100 m Freestyle S7,Gold,United States of America,Erin Popovich,https://www.paralympic.org/erin-popovich
2008,Beijing,Summer,2008 Summer Paralympics (Beijing),Swimming,Women's 100 m Freestyle S7,Silver,United States of America,Cortney Jordan,https://www.paralympic.org/cortney-jordan
2008,Beijing,Summer,2008 Summer Paralympics (Beijing),Swimming,Women's 100 m Freestyle S8,Gold,United States of America,Jessica Long,https://www.paralympic.org/jessica-long
2008,Beijing,Summer,2008 Summer Paralympics (Beijing),Swimming,Women's 100 m Freestyle S10,Gold,United States of America,Ashley Owens,https://www.paralympic.org/ashley-owens
2008,Beijing,Summer,2008 Summer Paralympics (Beijing),Swimming,Women's 100 m Freestyle S10,Bronze,United States of America,Anna Eames,https://www.paralympic.org/anna-eames
2008,Beijing,Summer,2008 Summer Paralympics (Beijing),Swimming,Women's 100 m Freestyle S13,Bronze,United States of America,Kelley Becherer,https://www.paralympic.org/kelley-becherer
2008,Beijing,Summer,2008 Summer Paralympics (Beijing),Swimming,Women's 400 m Freestyle S7,Gold,United States of America,Erin Popovich,https://www.paralympic.org/erin-popovich
2008,Beijing,Summer,2008 Summer Paralympics (Beijing),Swimming,Women's 400 m Freestyle S7,Silver,United States of America,Cortney Jordan,https://www.paralympic.org/cortney-jordan
2008,Beijing,Summer,2008 Summer Paralympics (Beijing),Swimming,Women's 400 m Freestyle S8,Gold,United States of America,Jessica Long,https://www.paralympic.org/jessica-long
2008,Beijing,Summer,2008 Summer Paralympics (Beijing),Swimming,Women's 400 m Freestyle S10,Silver,United States of America,Ashley Owens,https://www.paralympic.org/ashley-owens
2008,Beijing,Summer,2008 Summer Paralympics (Beijing),Swimming,Women's 400 m Freestyle S10,Bronze,United States of America,Susan Beth Scott,https://www.paralympic.org/susan-beth-scott
2008,Beijing,Summer,2008 Summer Paralympics (Beijing),Swimming,Women's 50 m Freestyle S4,Silver,United States of America,Cheryl Angelelli,https://www.paralympic.org/cheryl-angelelli
2008,Beijing,Summer,2008 Summer Paralympics (Beijing),Swimming,Women's 50 m Freestyle S7,Gold,United States of America,Cortney Jordan,https://www.paralympic.org/cortney-jordan
2008,Beijing,Summer,2008 Summer Paralympics (Beijing),Swimming,Women's 50 m Freestyle S7,Silver,United States of America,Erin Popovich,https://www.paralympic.org/erin-popovich
2008,Beijing,Summer,2008 Summer Paralympics (Beijing),Swimming,Women's 50 m Freestyle S8,Silver,United States of America,Amanda Everlove,https://www.paralympic.org/amanda-everlove
2008,Beijing,Summer,2008 Summer Paralympics (Beijing),Swimming,Women's 50 m Freestyle S13,Gold,United States of America,Kelley Becherer,https://www.paralympic.org/kelley-becherer
2008,Beijing,Summer,2008 Summer Paralympics (Beijing),Swimming,Women's 200 m Individual Medley SM6,Gold,United States of America,Miranda Uhl,https://www.paralympic.org/miranda-uhl
2008,Beijing,Summer,2008 Summer Paralympics (Beijing),Swimming,Women's 200 m Individual Medley SM7,Gold,United States of America,Erin Popovich,https://www.paralympic.org/erin-popovich
2008,Beijing,Summer,2008 Summer Paralympics (Beijing),Swimming,Women's 200 m Individual Medley SM7,Bronze,United States of America,Cortney Jordan,https://www.paralympic.org/cortney-jordan
2008,Beijing,Summer,2008 Summer Paralympics (Beijing),Swimming,Women's 200 m Individual Medley SM8,Gold,United States of America,Jessica Long,https://www.paralympic.org/jessica-long
2008,Beijing,Summer,2008 Summer Paralympics (Beijing),Swimming,Women's 200 m Individual Medley SM8,Silver,United States of America,Amanda Everlove,https://www.paralympic.org/amanda-everlove
2008,Beijing,Summer,2008 Summer Paralympics (Beijing),Volleyball,Women's Sitting Volleyball,Silver,United States of America,,
2008,Beijing,Summer,2008 Summer Paralympics (Beijing),Wheelchair Basketball,Women's Tournament,Gold,United States of America,,
2008,Beijing,Summer,2008 Summer Paralympics (Beijing),Wheelchair Rugby,Mixed,Gold,United States of America,,
2008,Beijing,Summer,2008 Summer Paralympics (Beijing),Wheelchair Tennis,Mixed Doubles Quad,Gold,United States of America,,
2008,Beijing,Summer,2008 Summer Paralympics (Beijing),Wheelchair Tennis,Mixed Singles Quad,Bronze,United States of America,David Wagner,https://www.paralympic.org/david-wagner
2010,Vancouver,Winter,2010 Winter Paralympics (Vancouver),Alpine Skiing,Men's Downhill Visually impaired,Silver,United States of America,Mark Bathum,https://www.paralympic.org/mark-bathum
2010,Vancouver,Winter,2010 Winter Paralympics (Vancouver),Alpine Skiing,Women's Downhill Visually impaired,Bronze,United States of America,Danelle Umstead,https://www.paralympic.org/danelle-umstead
2010,Vancouver,Winter,2010 Winter Paralympics (Vancouver),Alpine Skiing,Women's Downhill Sitting,Gold,United States of America,Alana Nichols,https://www.paralympic.org/alana-nichols
2010,Vancouver,Winter,2010 Winter Paralympics (Vancouver),Alpine Skiing,Women's Downhill Sitting,Silver,United States of America,Laurie Stephens,https://www.paralympic.org/laurie-stephens
2010,Vancouver,Winter,2010 Winter Paralympics (Vancouver),Alpine Skiing,Women's Giant Slalom Sitting,Gold,United States of America,Alana Nichols,https://www.paralympic.org/alana-nichols
2010,Vancouver,Winter,2010 Winter Paralympics (Vancouver),Alpine Skiing,Women's Giant Slalom Sitting,Silver,United States of America,Stephani Victor,https://www.paralympic.org/stephani-victor
2010,Vancouver,Winter,2010 Winter Paralympics (Vancouver),Alpine Skiing,Women's Super Combined Visually impaired,Bronze,United States of America,Danelle Umstead,https://www.paralympic.org/danelle-umstead
2010,Vancouver,Winter,2010 Winter Paralympics (Vancouver),Alpine Skiing,Women's Super Combined Sitting,Gold,United States of America,Stephani Victor,https://www.paralympic.org/stephani-victor
2010,Vancouver,Winter,2010 Winter Paralympics (Vancouver),Alpine Skiing,Women's Super Combined Sitting,Bronze,United States of America,Alana Nichols,https://www.paralympic.org/alana-nichols
2010,Vancouver,Winter,2010 Winter Paralympics (Vancouver),Alpine Skiing,Women's Super-G Sitting,Silver,United States of America,Alana Nichols,https://www.paralympic.org/alana-nichols
2010,Vancouver,Winter,2010 Winter Paralympics (Vancouver),Alpine Skiing,Women's Slalom Sitting,Silver,United States of America,Stephani Victor,https://www.paralympic.org/stephani-victor
2010,Vancouver,Winter,2010 Winter Paralympics (Vancouver),Biathlon,Men's 2.4 km Pursuit Sitting,Bronze,United States of America,Andrew Soule,https://www.paralympic.org/andrew-soule
2010,Vancouver,Winter,2010 Winter Paralympics (Vancouver),Para Ice Hockey,Mixed,Gold,United States of America,,
2012,London,Summer,2012 Summer Paralympics (London),Archery,Men's Individual Compound W1,Gold,United States of America,Jeff Fabry,https://www.paralympic.org/jeff-fabry
2012,London,Summer,2012 Summer Paralympics (London),Archery,Men's Individual Compound Open,Silver,United States of America,Matt Stutzman,https://www.paralympic.org/matt-stutzman
2012,London,Summer,2012 Summer Paralympics (London),Athletics,Men's 100 m T44,Silver,United States of America,Richard Browne,https://www.paralympic.org/richard-browne
2012,London,Summer,2012 Summer Paralympics (London),Athletics,Men's 100 m T52,Gold,United States of America,Raymond Martin,https://www.paralympic.org/raymond-martin
2012,London,Summer,2012 Summer Paralympics (London),Athletics,Men's 100 m T52,Bronze,United States of America,Paul Nitz,https://www.paralympic.org/paul-nitz
2012,London,Summer,2012 Summer Paralympics (London),Athletics,Men's 200 m T42,Silver,United States of America,Shaquille Vance,https://www.paralympic.org/shaquille-vance
2012,London,Summer,2012 Summer Paralympics (London),Athletics,Men's 200 m T44,Bronze,United States of America,Blake Leeper,https://www.paralympic.org/blake-leeper
2012,London,Summer,2012 Summer Paralympics (London),Athletics,Men's 200 m T52,Gold,United States of America,Raymond Martin,https://www.paralympic.org/raymond-martin
2012,London,Summer,2012 Summer Paralympics (London),Athletics,Men's 400 m T44,Silver,United States of America,Blake Leeper,https://www.paralympic.org/blake-leeper
2012,London,Summer,2012 Summer Paralympics (London),Athletics,Men's 400 m T44,Bronze,United States of America,David Prince,https://www.paralympic.org/david-prince
2012,London,Summer,2012 Summer Paralympics (London),Athletics,Men's 400 m T52,Gold,United States of America,Raymond Martin,https://www.paralympic.org/raymond-martin
2012,London,Summer,2012 Summer Paralympics (London),Athletics,Men's 800 m T52,Gold,United States of America,Raymond Martin,https://www.paralympic.org/raymond-martin
2012,London,Summer,2012 Summer Paralympics (London),Athletics,Men's 800 m T53,Bronze,United States of America,Joshua George,https://www.paralympic.org/joshua-george
2012,London,Summer,2012 Summer Paralympics (London),Athletics,Men's Discus Throw F44,Gold,United States of America,Jeremy Campbell,https://www.paralympic.org/jeremy-campbell
2012,London,Summer,2012 Summer Paralympics (London),Athletics,Men's High Jump F46,Silver,United States of America,Jeff Skiba,https://www.paralympic.org/jeff-skiba
2012,London,Summer,2012 Summer Paralympics (London),Athletics,Men's Long Jump F11,Silver,United States of America,Lex Gillette,https://www.paralympic.org/lex-gillette
2012,London,Summer,2012 Summer Paralympics (London),Athletics,Men's Shot Put F52/53,Bronze,United States of America,Scot Severn,https://www.paralympic.org/scot-severn
2012,London,Summer,2012 Summer Paralympics (London),Athletics,Women's 100 m T44,Bronze,United States of America,April Holmes,https://www.paralympic.org/april-holmes
2012,London,Summer,2012 Summer Paralympics (London),Athletics,Women's 100 m T52,Bronze,United States of America,Kerry Morgan,https://www.paralympic.org/kerry-morgan
2012,London,Summer,2012 Summer Paralympics (London),Athletics,Women's 100 m T54,Bronze,United States of America,Tatyana McFadden,https://www.paralympic.org/tatyana-mcfadden
2012,London,Summer,2012 Summer Paralympics (London),Athletics,Women's 200 m T52,Bronze,United States of America,Kerry Morgan,https://www.paralympic.org/kerry-morgan
2012,London,Summer,2012 Summer Paralympics (London),Athletics,Women's 400 m T54,Gold,United States of America,Tatyana McFadden,https://www.paralympic.org/tatyana-mcfadden
2012,London,Summer,2012 Summer Paralympics (London),Athletics,Women's 800 m T53,Bronze,United States of America,Jessica Galli,https://www.paralympic.org/jessica-galli
2012,London,Summer,2012 Summer Paralympics (London),Athletics,Women's 800 m T54,Gold,United States of America,Tatyana McFadden,https://www.paralympic.org/tatyana-mcfadden
2012,London,Summer,2012 Summer Paralympics (London),Athletics,Women's 1500 m T54,Gold,United States of America,Tatyana McFadden,https://www.paralympic.org/tatyana-mcfadden
2012,London,Summer,2012 Summer Paralympics (London),Athletics,Women's 1500 m T54,Bronze,United States of America,Shirley Reilly,https://www.paralympic.org/shirley-reilly
2012,London,Summer,2012 Summer Paralympics (London),Athletics,Women's 5000 m T54,Silver,United States of America,Shirley Reilly,https://www.paralympic.org/shirley-reilly
2012,London,Summer,2012 Summer Paralympics (London),Athletics,Women's Discus Throw F51-53,Bronze,United States of America,Zena Cole,https://www.paralympic.org/zena-cole
2012,London,Summer,2012 Summer Paralympics (London),Athletics,Women's Marathon T54,Gold,United States of America,Shirley Reilly,https://www.paralympic.org/shirley-reilly
2012,London,Summer,2012 Summer Paralympics (London),Athletics,Women's Shot Put F54-56,Bronze,United States of America,Angela Madsen,https://www.paralympic.org/angela-madsen
2012,London,Summer,2012 Summer Paralympics (London),Cycling,Men's Time Trial C3,Silver,United States of America,Joseph Berenyi,https://www.paralympic.org/joseph-berenyi
2012,London,Summer,2012 Summer Paralympics (London),Cycling,Men's Time Trial H4,Bronze,United States of America,Oscar Sanchez,https://www.paralympic.org/oscar-sanchez
2012,London,Summer,2012 Summer Paralympics (London),Cycling,Women's Road Race C1-3,Bronze,United States of America,Allison Jones,https://www.paralympic.org/allison-jones
2012,London,Summer,2012 Summer Paralympics (London),Cycling,Women's Road Race C4-5,Bronze,United States of America,Kelly Crowley,https://www.paralympic.org/kelly-crowley
2012,London,Summer,2012 Summer Paralympics (London),Cycling,Women's Road Race H1-3,Gold,United States of America,Marianna Davis,https://www.paralympic.org/marianna-davis
2012,London,Summer,2012 Summer Paralympics (London),Cycling,Women's Road Race H1-3,Silver,United States of America,Monica Bascio,https://www.paralympic.org/monica-bascio
2012,London,Summer,2012 Summer Paralympics (London),Cycling,Women's Time Trial C1-3,Gold,United States of America,Allison Jones,https://www.paralympic.org/allison-jones
2012,London,Summer,2012 Summer Paralympics (London),Cycling,Women's Time Trial C4,Gold,United States of America,Megan Fisher,https://www.paralympic.org/megan-fisher
2012,London,Summer,2012 Summer Paralympics (London),Cycling,Women's Time Trial C5,Bronze,United States of America,Kelly Crowley,https://www.paralympic.org/kelly-crowley
2012,London,Summer,2012 Summer Paralympics (London),Cycling,Women's Time Trial H1-2,Gold,United States of America,Marianna Davis,https://www.paralympic.org/marianna-davis
2012,London,Summer,2012 Summer Paralympics (London),Cycling,Women's Time Trial H3,Silver,United States of America,Monica Bascio,https://www.paralympic.org/monica-bascio
2012,London,Summer,2012 Summer Paralympics (London),Cycling,Mixed Team Relay H1-4,Gold,United States of America,,
2012,London,Summer,2012 Summer Paralympics (London),Cycling,Men's Individual Pursuit C3,Gold,United States of America,Joseph Berenyi,https://www.paralympic.org/joseph-berenyi
2012,London,Summer,2012 Summer Paralympics (London),Cycling,Women's Individual Pursuit C1-3,Bronze,United States of America,Allison Jones,https://www.paralympic.org/allison-jones
2012,London,Summer,2012 Summer Paralympics (London),Cycling,Women's Individual Pursuit C4,Silver,United States of America,Megan Fisher,https://www.paralympic.org/megan-fisher
2012,London,Summer,2012 Summer Paralympics (London),Cycling,Women's 500 m Time Trial C4-5,Silver,United States of America,Jennifer Schuble,https://www.paralympic.org/jennifer-schuble
2012,London,Summer,2012 Summer Paralympics (London),Cycling,Mixed Team Sprint C1-5,Bronze,United States of America,,
2012,London,Summer,2012 Summer Paralympics (London),Judo,Men's -90 kg,Bronze,United States of America,Dartanyon Crockett,https://www.paralympic.org/dartanyon-crockett
2012,London,Summer,2012 Summer Paralympics (London),Judo,Men's -100 kg,Silver,United States of America,Myles Porter,https://www.paralympic.org/myles-porter
2012,London,Summer,2012 Summer Paralympics (London),Rowing,Mixed Double Sculls TA,Bronze,United States of America,,
2012,London,Summer,2012 Summer Paralympics (London),Sailing,Two-Person Keelboat (SKUD18),Silver,United States of America,,
2012,London,Summer,2012 Summer Paralympics (London),Swimming,Men's 100 m Backstroke S10,Gold,United States of America,Justin Zook,https://www.paralympic.org/justin-zook
2012,London,Summer,2012 Summer Paralympics (London),Swimming,Men's 100 m Backstroke S12,Silver,United States of America,Tucker Dupree,https://www.paralympic.org/tucker-dupree
2012,London,Summer,2012 Summer Paralympics (London),Swimming,Men's 50 m Butterfly S5,Silver,United States of America,Roy Perkins,https://www.paralympic.org/roy-perkins
2012,London,Summer,2012 Summer Paralympics (London),Swimming,Men's 100 m Freestyle S5,Silver,United States of America,Roy Perkins,https://www.paralympic.org/roy-perkins
2012,London,Summer,2012 Summer Paralympics (London),Swimming,Men's 100 m Freestyle S7,Bronze,United States of America,Lantz Lamback,https://www.paralympic.org/lantz-lamback
2012,London,Summer,2012 Summer Paralympics (London),Swimming,Men's 100 m Freestyle S11,Gold,United States of America,Bradley Snyder,https://www.paralympic.org/bradley-snyder
2012,London,Summer,2012 Summer Paralympics (London),Swimming,Men's 100 m Freestyle S12,Bronze,United States of America,Tucker Dupree,https://www.paralympic.org/tucker-dupree
2012,London,Summer,2012 Summer Paralympics (London),Swimming,Men's 200 m Freestyle S5,Bronze,United States of America,Roy Perkins,https://www.paralympic.org/roy-perkins
2012,London,Summer,2012 Summer Paralympics (London),Swimming,Men's 400 m Freestyle S10,Gold,United States of America,Ian Silverman,https://www.paralympic.org/ian-silverman
2012,London,Summer,2012 Summer Paralympics (London),Swimming,Men's 400 m Freestyle S11,Gold,United States of America,Bradley Snyder,https://www.paralympic.org/bradley-snyder
2012,London,Summer,2012 Summer Paralympics (London),Swimming,Men's 50 m Freestyle S5,Bronze,United States of America,Roy Perkins,https://www.paralympic.org/roy-perkins
2012,London,Summer,2012 Summer Paralympics (London),Swimming,Men's 50 m Freestyle S7,Gold,United States of America,Lantz Lamback,https://www.paralympic.org/lantz-lamback
2012,London,Summer,2012 Summer Paralympics (London),Swimming,Men's 50 m Freestyle S11,Silver,United States of America,Bradley Snyder,https://www.paralympic.org/bradley-snyder
2012,London,Summer,2012 Summer Paralympics (London),Swimming,Men's 50 m Freestyle S12,Bronze,United States of America,Tucker Dupree,https://www.paralympic.org/tucker-dupree
2012,London,Summer,2012 Summer Paralympics (London),Swimming,Men's 200 m Individual Medley SM7,Silver,United States of America,Rudy Garcia-Tolson,https://www.paralympic.org/rudy-garcia-tolson
2012,London,Summer,2012 Summer Paralympics (London),Swimming,Women's 100 m Backstroke S7,Bronze,United States of America,Cortney Jordan,https://www.paralympic.org/cortney-jordan
2012,London,Summer,2012 Summer Paralympics (London),Swimming,Women's 100 m Backstroke S8,Silver,United States of America,Jessica Long,https://www.paralympic.org/jessica-long
2012,London,Summer,2012 Summer Paralympics (London),Swimming,Women's 100 m Backstroke S9,Bronze,United States of America,Elizabeth Stone,https://www.paralympic.org/elizabeth-stone
2012,London,Summer,2012 Summer Paralympics (London),Swimming,Women's 100 m Breaststroke SB5,Bronze,United States of America,Noga Nir-Kistler,https://www.paralympic.org/noga-nir-kistler
2012,London,Summer,2012 Summer Paralympics (London),Swimming,Women's 100 m Breaststroke SB7,Gold,United States of America,Jessica Long,https://www.paralympic.org/jessica-long
2012,London,Summer,2012 Summer Paralympics (London),Swimming,Women's 100 m Breaststroke SB13,Bronze,United States of America,Kelley Becherer,https://www.paralympic.org/kelley-becherer
2012,London,Summer,2012 Summer Paralympics (London),Swimming,Women's 100 m Butterfly S8,Gold,United States of America,Jessica Long,https://www.paralympic.org/jessica-long
2012,London,Summer,2012 Summer Paralympics (London),Swimming,Women's 100 m Butterfly S9,Bronze,United States of America,Elizabeth Stone,https://www.paralympic.org/elizabeth-stone
2012,London,Summer,2012 Summer Paralympics (London),Swimming,Women's 100 m Freestyle S6,Gold,United States of America,Victoria Arlen,https://www.paralympic.org/victoria-arlen
2012,London,Summer,2012 Summer Paralympics (London),Swimming,Women's 100 m Freestyle S7,Silver,United States of America,Cortney Jordan,https://www.paralympic.org/cortney-jordan
2012,London,Summer,2012 Summer Paralympics (London),Swimming,Women's 100 m Freestyle S8,Gold,United States of America,Jessica Long,https://www.paralympic.org/jessica-long
2012,London,Summer,2012 Summer Paralympics (London),Swimming,Women's 100 m Freestyle S13,Gold,United States of America,Kelley Becherer,https://www.paralympic.org/kelley-becherer
2012,London,Summer,2012 Summer Paralympics (London),Swimming,Women's 100 m Freestyle S13,Bronze,United States of America,Rebecca Meyers,https://www.paralympic.org/rebecca-meyers
2012,London,Summer,2012 Summer Paralympics (London),Swimming,Women's 400 m Freestyle S6,Silver,United States of America,Victoria Arlen,https://www.paralympic.org/victoria-arlen
2012,London,Summer,2012 Summer Paralympics (London),Swimming,Women's 400 m Freestyle S7,Silver,United States of America,Cortney Jordan,https://www.paralympic.org/cortney-jordan
2012,London,Summer,2012 Summer Paralympics (London),Swimming,Women's 400 m Freestyle S8,Gold,United States of America,Jessica Long,https://www.paralympic.org/jessica-long
2012,London,Summer,2012 Summer Paralympics (London),Swimming,Women's 400 m Freestyle S10,Bronze,United States of America,Susan Beth Scott,https://www.paralympic.org/susan-beth-scott
2012,London,Summer,2012 Summer Paralympics (London),Swimming,Women's 50 m Freestyle S6,Silver,United States of America,Victoria Arlen,https://www.paralympic.org/victoria-arlen
2012,London,Summer,2012 Summer Paralympics (London),Swimming,Women's 50 m Freestyle S7,Silver,United States of America,Cortney Jordan,https://www.paralympic.org/cortney-jordan
2012,London,Summer,2012 Summer Paralympics (London),Swimming,Women's 50 m Freestyle S8,Gold,United States of America,Mallory Weggemann,https://www.paralympic.org/mallory-weggemann
2012,London,Summer,2012 Summer Paralympics (London),Swimming,Women's 50 m Freestyle S13,Gold,United States of America,Kelley Becherer,https://www.paralympic.org/kelley-becherer
2012,London,Summer,2012 Summer Paralympics (London),Swimming,Women's 200 m Individual Medley SM8,Gold,United States of America,Jessica Long,https://www.paralympic.org/jessica-long
2012,London,Summer,2012 Summer Paralympics (London),Swimming,Women's 200 m Individual Medley SM13,Silver,United States of America,Rebecca Meyers,https://www.paralympic.org/rebecca-meyers
2012,London,Summer,2012 Summer Paralympics (London),Swimming,Women's 200 m Individual Medley SM13,Bronze,United States of America,Kelley Becherer,https://www.paralympic.org/kelley-becherer
2012,London,Summer,2012 Summer Paralympics (London),Swimming,Women's 4x100 m Freestyle 34pts,Silver,United States of America,,
2012,London,Summer,2012 Summer Paralympics (London),Swimming,Women's 4x100 m Medley 34pts,Bronze,United States of America,,
2012,London,Summer,2012 Summer Paralympics (London),Volleyball,Women's Sitting Volleyball,Silver,United States of America,,
2012,London,Summer,2012 Summer Paralympics (London),Wheelchair Basketball,Men,Bronze,United States of America,,
2012,London,Summer,2012 Summer Paralympics (London),Wheelchair Rugby,Mixed,Bronze,United States of America,,
2012,London,Summer,2012 Summer Paralympics (London),Wheelchair Tennis,Quad Doubles,Gold,United States of America,,
2012,London,Summer,2012 Summer Paralympics (London),Wheelchair Tennis,Quad Singles,Silver,United States of America,David Wagner,https://www.paralympic.org/david-wagner
2012,London,Summer,2012 Summer Paralympics (London),Wheelchair Tennis,Quad Singles,Bronze,United States of America,Nicholas Taylor,https://www.paralympic.org/nicholas-taylor-0
2014,Sochi,Winter,2014 Winter Paralympics (Sochi),Alpine Skiing,Men's Para Snowboard Cross Standing,Gold,United States of America,Evan Strong,https://www.paralympic.org/evan-strong
2014,Sochi,Winter,2014 Winter Paralympics (Sochi),Alpine Skiing,Men's Para Snowboard Cross Standing,Silver,United States of America,Mike Shea,https://www.paralympic.org/mike-shea
2014,Sochi,Winter,2014 Winter Paralympics (Sochi),Alpine Skiing,Men's Para Snowboard Cross Standing,Bronze,United States of America,Keith Gabel,https://www.paralympic.org/keith-gabel
2014,Sochi,Winter,2014 Winter Paralympics (Sochi),Alpine Skiing,Men's Super Combined Visually Impaired,Silver,United States of America,Mark Bathum,https://www.paralympic.org/mark-bathum
2014,Sochi,Winter,2014 Winter Paralympics (Sochi),Alpine Skiing,Men's Super Combined Sitting,Silver,United States of America,Heath Calhoun,https://www.paralympic.org/heath-calhoun
2014,Sochi,Winter,2014 Winter Paralympics (Sochi),Alpine Skiing,Men's Super-G Visually Impaired,Silver,United States of America,Mark Bathum,https://www.paralympic.org/mark-bathum
2014,Sochi,Winter,2014 Winter Paralympics (Sochi),Alpine Skiing,Women's Downhill Standing,Bronze,United States of America,Allison Jones,https://www.paralympic.org/allison-jones
2014,Sochi,Winter,2014 Winter Paralympics (Sochi),Alpine Skiing,Women's Downhill Sitting,Silver,United States of America,Alana Nichols,https://www.paralympic.org/alana-nichols
2014,Sochi,Winter,2014 Winter Paralympics (Sochi),Alpine Skiing,Women's Downhill Sitting,Bronze,United States of America,Laurie Stephens,https://www.paralympic.org/laurie-stephens
2014,Sochi,Winter,2014 Winter Paralympics (Sochi),Alpine Skiing,Women's Para Snowboard Cross Standing,Bronze,United States of America,Amy Purdy,https://www.paralympic.org/amy-purdy
2014,Sochi,Winter,2014 Winter Paralympics (Sochi),Alpine Skiing,Women's Super Combined Visually Impaired,Bronze,United States of America,Danelle Umstead,https://www.paralympic.org/danelle-umstead
2014,Sochi,Winter,2014 Winter Paralympics (Sochi),Alpine Skiing,Women's Super Combined Standing,Bronze,United States of America,Stephanie Jallen,https://www.paralympic.org/stephanie-jallen
2014,Sochi,Winter,2014 Winter Paralympics (Sochi),Alpine Skiing,Women's Super-G Standing,Bronze,United States of America,Stephanie Jallen,https://www.paralympic.org/stephanie-jallen
2014,Sochi,Winter,2014 Winter Paralympics (Sochi),Alpine Skiing,Women's Super-G Sitting,Bronze,United States of America,Laurie Stephens,https://www.paralympic.org/laurie-stephens
2014,Sochi,Winter,2014 Winter Paralympics (Sochi),Cross Country,Women's 12 km Sitting,Silver,United States of America,Oksana Masters,https://www.paralympic.org/oksana-masters
2014,Sochi,Winter,2014 Winter Paralympics (Sochi),Cross Country,Women's 5 km Sitting,Bronze,United States of America,Oksana Masters,https://www.paralympic.org/oksana-masters
2014,Sochi,Winter,2014 Winter Paralympics (Sochi),Cross Country,Women's 1 km Sprint Sitting,Silver,United States of America,Tatyana McFadden,https://www.paralympic.org/tatyana-mcfadden
2014,Sochi,Winter,2014 Winter Paralympics (Sochi),Para Ice Hockey,Mixed,Gold,United States of America,,
2016,Rio de Janeiro,Summer,2016 Summer Paralympics (Rio de Janeiro),Archery,Men's Individual Compound Open,Gold,United States of America,Andre Shelby,https://www.paralympic.org/andre-shelby
2016,Rio de Janeiro,Summer,2016 Summer Paralympics (Rio de Janeiro),Athletics,Men's 100 m T11,Gold,United States of America,David Brown,https://www.paralympic.org/david-brown
2016,Rio de Janeiro,Summer,2016 Summer Paralympics (Rio de Janeiro),Athletics,Men's 100 m T52,Gold,United States of America,Gianfranco Iannotta,https://www.paralympic.org/gianfranco-iannotta
2016,Rio de Janeiro,Summer,2016 Summer Paralympics (Rio de Janeiro),Athletics,Men's 100 m T52,Silver,United States of America,Raymond Martin,https://www.paralympic.org/raymond-martin
2016,Rio de Janeiro,Summer,2016 Summer Paralympics (Rio de Janeiro),Athletics,Men's 200 m T44,Silver,United States of America,Hunter Woodhall,https://www.paralympic.org/hunter-woodhall-paralympic-medallist-para-athletics-star
2016,Rio de Janeiro,Summer,2016 Summer Paralympics (Rio de Janeiro),Athletics,Men's 400 m T44,Bronze,United States of America,Hunter Woodhall,https://www.paralympic.org/hunter-woodhall-paralympic-medallist-para-athletics-star
2016,Rio de Janeiro,Summer,2016 Summer Paralympics (Rio de Janeiro),Athletics,Men's 400 m T52,Gold,United States of America,Raymond Martin,https://www.paralympic.org/raymond-martin
2016,Rio de Janeiro,Summer,2016 Summer Paralympics (Rio de Janeiro),Athletics,Men's 400 m T52,Bronze,United States of America,Gianfranco Iannotta,https://www.paralympic.org/gianfranco-iannotta
2016,Rio de Janeiro,Summer,2016 Summer Paralympics (Rio de Janeiro),Athletics,Men's 1500 m T20,Gold,United States of America,Michael Brannigan,https://www.paralympic.org/michael-brannigan
2016,Rio de Janeiro,Summer,2016 Summer Paralympics (Rio de Janeiro),Athletics,Men's 1500 m T52,Gold,United States of America,Raymond Martin,https://www.paralympic.org/raymond-martin
2016,Rio de Janeiro,Summer,2016 Summer Paralympics (Rio de Janeiro),Athletics,Men's Discus Throw F44,Gold,United States of America,David Blair,https://www.paralympic.org/david-blair
2016,Rio de Janeiro,Summer,2016 Summer Paralympics (Rio de Janeiro),Athletics,Men's High Jump T42,Silver,United States of America,Sam Grewe,https://www.paralympic.org/sam-grewe
2016,Rio de Janeiro,Summer,2016 Summer Paralympics (Rio de Janeiro),Athletics,Men's High Jump T47,Gold,United States of America,Roderick Townsend-Roberts,https://www.paralympic.org/roderick-townsend-roberts
2016,Rio de Janeiro,Summer,2016 Summer Paralympics (Rio de Janeiro),Athletics,Men's Long Jump T11,Silver,United States of America,Lex Gillette,https://www.paralympic.org/lex-gillette
2016,Rio de Janeiro,Summer,2016 Summer Paralympics (Rio de Janeiro),Athletics,Men's Long Jump T47,Gold,United States of America,Roderick Townsend-Roberts,https://www.paralympic.org/roderick-townsend-roberts
2016,Rio de Janeiro,Summer,2016 Summer Paralympics (Rio de Janeiro),Athletics,Men's Shot Put F53,Silver,United States of America,Scot Severn,https://www.paralympic.org/scot-severn
2016,Rio de Janeiro,Summer,2016 Summer Paralympics (Rio de Janeiro),Athletics,Women's 100 m T13,Bronze,United States of America,Kym Crosby,https://www.paralympic.org/kym-crosby
2016,Rio de Janeiro,Summer,2016 Summer Paralympics (Rio de Janeiro),Athletics,Women's 100 m T34,Bronze,United States of America,Alexa Halko,https://www.paralympic.org/alexa-halko
2016,Rio de Janeiro,Summer,2016 Summer Paralympics (Rio de Janeiro),Athletics,Women's 100 m T47,Gold,United States of America,Deja Young,https://www.paralympic.org/deja-young
2016,Rio de Janeiro,Summer,2016 Summer Paralympics (Rio de Janeiro),Athletics,Women's 100 m T52,Silver,United States of America,Kerry Morgan,https://www.paralympic.org/kerry-morgan
2016,Rio de Janeiro,Summer,2016 Summer Paralympics (Rio de Janeiro),Athletics,Women's 100 m T54,Silver,United States of America,Tatyana McFadden,https://www.paralympic.org/tatyana-mcfadden
2016,Rio de Janeiro,Summer,2016 Summer Paralympics (Rio de Janeiro),Athletics,Women's 200 m T47,Gold,United States of America,Deja Young,https://www.paralympic.org/deja-young
2016,Rio de Janeiro,Summer,2016 Summer Paralympics (Rio de Janeiro),Athletics,Women's 400 m T20,Gold,United States of America,Breanna Clark,https://www.paralympic.org/breanna-clark
2016,Rio de Janeiro,Summer,2016 Summer Paralympics (Rio de Janeiro),Athletics,Women's 400 m T34,Silver,United States of America,Alexa Halko,https://www.paralympic.org/alexa-halko
2016,Rio de Janeiro,Summer,2016 Summer Paralympics (Rio de Janeiro),Athletics,Women's 400 m T44,Bronze,United States of America,Grace Norman,https://www.paralympic.org/grace-norman
2016,Rio de Janeiro,Summer,2016 Summer Paralympics (Rio de Janeiro),Athletics,Women's 400 m T52,Bronze,United States of America,Kerry Morgan,https://www.paralympic.org/kerry-morgan
2016,Rio de Janeiro,Summer,2016 Summer Paralympics (Rio de Janeiro),Athletics,Women's 400 m T53,Silver,United States of America,Chelsea McClammer,https://www.paralympic.org/chelsea-mcclammer
2016,Rio de Janeiro,Summer,2016 Summer Paralympics (Rio de Janeiro),Athletics,Women's 400 m T54,Gold,United States of America,Tatyana McFadden,https://www.paralympic.org/tatyana-mcfadden
2016,Rio de Janeiro,Summer,2016 Summer Paralympics (Rio de Janeiro),Athletics,Women's 400 m T54,Silver,United States of America,Cheri Madsen,https://www.paralympic.org/cheri-madsen
2016,Rio de Janeiro,Summer,2016 Summer Paralympics (Rio de Janeiro),Athletics,Women's 800 m T34,Silver,United States of America,Alexa Halko,https://www.paralympic.org/alexa-halko
2016,Rio de Janeiro,Summer,2016 Summer Paralympics (Rio de Janeiro),Athletics,Women's 800 m T53,Bronze,United States of America,Shirley Reilly,https://www.paralympic.org/shirley-reilly
2016,Rio de Janeiro,Summer,2016 Summer Paralympics (Rio de Janeiro),Athletics,Women's 800 m T54,Gold,United States of America,Tatyana McFadden,https://www.paralympic.org/tatyana-mcfadden
2016,Rio de Janeiro,Summer,2016 Summer Paralympics (Rio de Janeiro),Athletics,Women's 1500 m T54,Gold,United States of America,Tatyana McFadden,https://www.paralympic.org/tatyana-mcfadden
2016,Rio de Janeiro,Summer,2016 Summer Paralympics (Rio de Janeiro),Athletics,Women's 1500 m T54,Silver,United States of America,Amanda McGrory,https://www.paralympic.org/amanda-mcgrory
2016,Rio de Janeiro,Summer,2016 Summer Paralympics (Rio de Janeiro),Athletics,Women's 1500 m T54,Bronze,United States of America,Chelsea McClammer,https://www.paralympic.org/chelsea-mcclammer
2016,Rio de Janeiro,Summer,2016 Summer Paralympics (Rio de Janeiro),Athletics,Women's 5000 m T54,Gold,United States of America,Tatyana McFadden,https://www.paralympic.org/tatyana-mcfadden
2016,Rio de Janeiro,Summer,2016 Summer Paralympics (Rio de Janeiro),Athletics,Women's 5000 m T54,Silver,United States of America,Chelsea McClammer,https://www.paralympic.org/chelsea-mcclammer
2016,Rio de Janeiro,Summer,2016 Summer Paralympics (Rio de Janeiro),Athletics,Women's 5000 m T54,Bronze,United States of America,Amanda McGrory,https://www.paralympic.org/amanda-mcgrory
2016,Rio de Janeiro,Summer,2016 Summer Paralympics (Rio de Janeiro),Athletics,Women's Club Throw F51,Bronze,United States of America,Cassie Mitchell,https://www.paralympic.org/cassie-mitchell
2016,Rio de Janeiro,Summer,2016 Summer Paralympics (Rio de Janeiro),Athletics,Women's Discus Throw F52,Gold,United States of America,Rachael Morrison,https://www.paralympic.org/rachael-morrison
2016,Rio de Janeiro,Summer,2016 Summer Paralympics (Rio de Janeiro),Athletics,Women's Discus Throw F52,Silver,United States of America,Cassie Mitchell,https://www.paralympic.org/cassie-mitchell
2016,Rio de Janeiro,Summer,2016 Summer Paralympics (Rio de Janeiro),Athletics,Women's Marathon T54,Silver,United States of America,Tatyana McFadden,https://www.paralympic.org/tatyana-mcfadden
2016,Rio de Janeiro,Summer,2016 Summer Paralympics (Rio de Janeiro),Athletics,Women's Marathon T54,Bronze,United States of America,Amanda McGrory,https://www.paralympic.org/amanda-mcgrory
2016,Rio de Janeiro,Summer,2016 Summer Paralympics (Rio de Janeiro),Cycling,Men's Road Race H2,Gold,United States of America,Will Groulx,https://www.paralympic.org/will-groulx
2016,Rio de Janeiro,Summer,2016 Summer Paralympics (Rio de Janeiro),Cycling,Men's Time Trial H2,Silver,United States of America,Will Groulx,https://www.paralympic.org/will-groulx
2016,Rio de Janeiro,Summer,2016 Summer Paralympics (Rio de Janeiro),Cycling,Men's Time Trial H2,Bronze,United States of America,Brian Sheridan,https://www.paralympic.org/brian-sheridan
2016,Rio de Janeiro,Summer,2016 Summer Paralympics (Rio de Janeiro),Cycling,Men's Time Trial H5,Bronze,United States of America,Oscar Sanchez,https://www.paralympic.org/oscar-sanchez
2016,Rio de Janeiro,Summer,2016 Summer Paralympics (Rio de Janeiro),Cycling,Men's Time Trial T1-2,Silver,United States of America,Ryan Boyle,https://www.paralympic.org/ryan-boyle
2016,Rio de Janeiro,Summer,2016 Summer Paralympics (Rio de Janeiro),Cycling,Women's Road Race C1-3,Gold,United States of America,Jamie Whitmore,https://www.paralympic.org/jamie-whitmore
2016,Rio de Janeiro,Summer,2016 Summer Paralympics (Rio de Janeiro),Cycling,Women's Road Race T1-2,Silver,United States of America,Jill Walsh,https://www.paralympic.org/jill-walsh
2016,Rio de Janeiro,Summer,2016 Summer Paralympics (Rio de Janeiro),Cycling,Women's Time Trial C4,Gold,United States of America,Shawn Morelli,https://www.paralympic.org/shawn-morelli
2016,Rio de Janeiro,Summer,2016 Summer Paralympics (Rio de Janeiro),Cycling,Women's Time Trial C4,Silver,United States of America,Megan Fisher,https://www.paralympic.org/megan-fisher
2016,Rio de Janeiro,Summer,2016 Summer Paralympics (Rio de Janeiro),Cycling,Women's Time Trial C5,Bronze,United States of America,Samantha Bosco,https://www.paralympic.org/samantha-bosco
2016,Rio de Janeiro,Summer,2016 Summer Paralympics (Rio de Janeiro),Cycling,Women's Time Trial H1-3,Silver,United States of America,Alicia Dana,https://www.paralympic.org/alicia-dana
2016,Rio de Janeiro,Summer,2016 Summer Paralympics (Rio de Janeiro),Cycling,Women's Time Trial T1-2,Silver,United States of America,Jill Walsh,https://www.paralympic.org/jill-walsh
2016,Rio de Janeiro,Summer,2016 Summer Paralympics (Rio de Janeiro),Cycling,Mixed Team Relay H2-5,Silver,United States of America,,
2016,Rio de Janeiro,Summer,2016 Summer Paralympics (Rio de Janeiro),Cycling,Men's 3000m Individual Pursuit C3,Silver,United States of America,Joseph Berenyi,https://www.paralympic.org/joseph-berenyi
2016,Rio de Janeiro,Summer,2016 Summer Paralympics (Rio de Janeiro),Cycling,Women's 3000m Individual Pursuit C1-3,Silver,United States of America,Jamie Whitmore,https://www.paralympic.org/jamie-whitmore
2016,Rio de Janeiro,Summer,2016 Summer Paralympics (Rio de Janeiro),Cycling,Women's 3000m Individual Pursuit C4,Gold,United States of America,Shawn Morelli,https://www.paralympic.org/shawn-morelli
2016,Rio de Janeiro,Summer,2016 Summer Paralympics (Rio de Janeiro),Cycling,Women's 3000m Individual Pursuit C4,Bronze,United States of America,Megan Fisher,https://www.paralympic.org/megan-fisher
2016,Rio de Janeiro,Summer,2016 Summer Paralympics (Rio de Janeiro),Cycling,Women's 3000m Individual Pursuit C5,Bronze,United States of America,Samantha Bosco,https://www.paralympic.org/samantha-bosco
2016,Rio de Janeiro,Summer,2016 Summer Paralympics (Rio de Janeiro),Goalball,Men,Silver,United States of America,,
2016,Rio de Janeiro,Summer,2016 Summer Paralympics (Rio de Janeiro),Goalball,Women,Bronze,United States of America,,
2016,Rio de Janeiro,Summer,2016 Summer Paralympics (Rio de Janeiro),Judo,Men's -90 kg,Bronze,United States of America,Dartanyon Crockett,https://www.paralympic.org/dartanyon-crockett
2016,Rio de Janeiro,Summer,2016 Summer Paralympics (Rio de Janeiro),Judo,Women's +70 kg,Bronze,United States of America,Christella Josette Garcia,https://www.paralympic.org/christella-josette-garcia
2016,Rio de Janeiro,Summer,2016 Summer Paralympics (Rio de Janeiro),Rowing,Mixed Coxed Four LTAMix4+,Silver,United States of America,,
2016,Rio de Janeiro,Summer,2016 Summer Paralympics (Rio de Janeiro),Sailing,3-Person Keelboat (Sonar),Silver,United States of America,,
2016,Rio de Janeiro,Summer,2016 Summer Paralympics (Rio de Janeiro),Shooting,R5 - Mixed 10 m Air Rifle Prone SH2,Bronze,United States of America,McKenna Dahl,https://www.paralympic.org/mckenna-dahl
2016,Rio de Janeiro,Summer,2016 Summer Paralympics (Rio de Janeiro),Swimming,Men's 100 m Backstroke S8,Bronze,United States of America,Robert Griswold,https://www.paralympic.org/robert-griswold
2016,Rio de Janeiro,Summer,2016 Summer Paralympics (Rio de Janeiro),Swimming,Men's 100 m Backstroke S11,Silver,United States of America,Bradley Snyder,https://www.paralympic.org/bradley-snyder
2016,Rio de Janeiro,Summer,2016 Summer Paralympics (Rio de Janeiro),Swimming,Men's 100 m Backstroke S12,Bronze,United States of America,Tucker Dupree,https://www.paralympic.org/tucker-dupree
2016,Rio de Janeiro,Summer,2016 Summer Paralympics (Rio de Janeiro),Swimming,Men's 100 m Breaststroke SB11,Silver,United States of America,Tharon Drake,https://www.paralympic.org/tharon-drake
2016,Rio de Janeiro,Summer,2016 Summer Paralympics (Rio de Janeiro),Swimming,Men's 50 m Butterfly S5,Gold,United States of America,Roy Perkins,https://www.paralympic.org/roy-perkins
2016,Rio de Janeiro,Summer,2016 Summer Paralympics (Rio de Janeiro),Swimming,Men's 100 m Freestyle S5,Silver,United States of America,Roy Perkins,https://www.paralympic.org/roy-perkins
2016,Rio de Janeiro,Summer,2016 Summer Paralympics (Rio de Janeiro),Swimming,Men's 100 m Freestyle S11,Gold,United States of America,Bradley Snyder,https://www.paralympic.org/bradley-snyder
2016,Rio de Janeiro,Summer,2016 Summer Paralympics (Rio de Janeiro),Swimming,Men's 200 m Freestyle S5,Silver,United States of America,Roy Perkins,https://www.paralympic.org/roy-perkins
2016,Rio de Janeiro,Summer,2016 Summer Paralympics (Rio de Janeiro),Swimming,Men's 400 m Freestyle S11,Gold,United States of America,Bradley Snyder,https://www.paralympic.org/bradley-snyder
2016,Rio de Janeiro,Summer,2016 Summer Paralympics (Rio de Janeiro),Swimming,Men's 400 m Freestyle S11,Silver,United States of America,Tharon Drake,https://www.paralympic.org/tharon-drake
2016,Rio de Janeiro,Summer,2016 Summer Paralympics (Rio de Janeiro),Swimming,Men's 50 m Freestyle S5,Bronze,United States of America,Roy Perkins,https://www.paralympic.org/roy-perkins
2016,Rio de Janeiro,Summer,2016 Summer Paralympics (Rio de Janeiro),Swimming,Men's 50 m Freestyle S11,Gold,United States of America,Bradley Snyder,https://www.paralympic.org/bradley-snyder
2016,Rio de Janeiro,Summer,2016 Summer Paralympics (Rio de Janeiro),Swimming,Men's 200 m Individual Medley SM7,Silver,United States of America,Rudy Garcia-Tolson,https://www.paralympic.org/rudy-garcia-tolson
2016,Rio de Janeiro,Summer,2016 Summer Paralympics (Rio de Janeiro),Swimming,Women's 100 m Backstroke S8,Bronze,United States of America,Jessica Long,https://www.paralympic.org/jessica-long
2016,Rio de Janeiro,Summer,2016 Summer Paralympics (Rio de Janeiro),Swimming,Women's 100 m Backstroke S9,Bronze,United States of America,Hannah Aspden,https://www.paralympic.org/hannah-aspden
2016,Rio de Janeiro,Summer,2016 Summer Paralympics (Rio de Janeiro),Swimming,Women's 100 m Breaststroke SB6,Silver,United States of America,Sophia Elizabeth Herzog,https://www.paralympic.org/sophia-herzog
2016,Rio de Janeiro,Summer,2016 Summer Paralympics (Rio de Janeiro),Swimming,Women's 100 m Breaststroke SB7,Gold,United States of America,Elizabeth Marks,https://www.paralympic.org/elizabeth-marks
2016,Rio de Janeiro,Summer,2016 Summer Paralympics (Rio de Janeiro),Swimming,Women's 100 m Breaststroke SB7,Silver,United States of America,Jessica Long,https://www.paralympic.org/jessica-long
2016,Rio de Janeiro,Summer,2016 Summer Paralympics (Rio de Janeiro),Swimming,Women's 100 m Breaststroke SB13,Bronze,United States of America,Colleen Young,https://www.paralympic.org/colleen-young
2016,Rio de Janeiro,Summer,2016 Summer Paralympics (Rio de Janeiro),Swimming,Women's 50 m Butterfly S7,Silver,United States of America,Cortney Jordan,https://www.paralympic.org/cortney-jordan
2016,Rio de Janeiro,Summer,2016 Summer Paralympics (Rio de Janeiro),Swimming,Women's 100 m Butterfly S8,Bronze,United States of America,Jessica Long,https://www.paralympic.org/jessica-long
2016,Rio de Janeiro,Summer,2016 Summer Paralympics (Rio de Janeiro),Swimming,Women's 100 m Butterfly S13,Gold,United States of America,Rebecca Meyers,https://www.paralympic.org/rebecca-meyers
2016,Rio de Janeiro,Summer,2016 Summer Paralympics (Rio de Janeiro),Swimming,Women's 100 m Freestyle S7,Gold,United States of America,McKenzie Coan,https://www.paralympic.org/mckenzie-coan
2016,Rio de Janeiro,Summer,2016 Summer Paralympics (Rio de Janeiro),Swimming,Women's 100 m Freestyle S7,Silver,United States of America,Cortney Jordan,https://www.paralympic.org/cortney-jordan
2016,Rio de Janeiro,Summer,2016 Summer Paralympics (Rio de Janeiro),Swimming,Women's 100 m Freestyle S9,Gold,United States of America,Michelle Konkoly,https://www.paralympic.org/michelle-konkoly
2016,Rio de Janeiro,Summer,2016 Summer Paralympics (Rio de Janeiro),Swimming,Women's 100 m Freestyle S13,Silver,United States of America,Rebecca Meyers,https://www.paralympic.org/rebecca-meyers
2016,Rio de Janeiro,Summer,2016 Summer Paralympics (Rio de Janeiro),Swimming,Women's 400 m Freestyle S7,Gold,United States of America,McKenzie Coan,https://www.paralympic.org/mckenzie-coan
2016,Rio de Janeiro,Summer,2016 Summer Paralympics (Rio de Janeiro),Swimming,Women's 400 m Freestyle S7,Silver,United States of America,Cortney Jordan,https://www.paralympic.org/cortney-jordan
2016,Rio de Janeiro,Summer,2016 Summer Paralympics (Rio de Janeiro),Swimming,Women's 400 m Freestyle S8,Silver,United States of America,Jessica Long,https://www.paralympic.org/jessica-long
2016,Rio de Janeiro,Summer,2016 Summer Paralympics (Rio de Janeiro),Swimming,Women's 400 m Freestyle S13,Gold,United States of America,Rebecca Meyers,https://www.paralympic.org/rebecca-meyers
2016,Rio de Janeiro,Summer,2016 Summer Paralympics (Rio de Janeiro),Swimming,Women's 50 m Freestyle S7,Gold,United States of America,McKenzie Coan,https://www.paralympic.org/mckenzie-coan
2016,Rio de Janeiro,Summer,2016 Summer Paralympics (Rio de Janeiro),Swimming,Women's 50 m Freestyle S9,Gold,United States of America,Michelle Konkoly,https://www.paralympic.org/michelle-konkoly
2016,Rio de Janeiro,Summer,2016 Summer Paralympics (Rio de Janeiro),Swimming,Women's 200 m Individual Medley SM7,Bronze,United States of America,Cortney Jordan,https://www.paralympic.org/cortney-jordan
2016,Rio de Janeiro,Summer,2016 Summer Paralympics (Rio de Janeiro),Swimming,Women's 200 m Individual Medley SM8,Gold,United States of America,Jessica Long,https://www.paralympic.org/jessica-long
2016,Rio de Janeiro,Summer,2016 Summer Paralympics (Rio de Janeiro),Swimming,Women's 200 m Individual Medley SM13,Gold,United States of America,Rebecca Meyers,https://www.paralympic.org/rebecca-meyers
2016,Rio de Janeiro,Summer,2016 Summer Paralympics (Rio de Janeiro),Swimming,Women's 4x100 m Freestyle 34pts,Silver,United States of America,,
2016,Rio de Janeiro,Summer,2016 Summer Paralympics (Rio de Janeiro),Swimming,Women's 4x100 m Medley 34pts,Bronze,United States of America,,
2016,Rio de Janeiro,Summer,2016 Summer Paralympics (Rio de Janeiro),Triathlon,Women PT2,Gold,United States of America,Allysa Seely,https://www.paralympic.org/allysa-seely
2016,Rio de Janeiro,Summer,2016 Summer Paralympics (Rio de Janeiro),Triathlon,Women PT2,Silver,United States of America,Hailey Danisewicz,https://www.paralympic.org/hailey-danisewicz
2016,Rio de Janeiro,Summer,2016 Summer Paralympics (Rio de Janeiro),Triathlon,Women PT2,Bronze,United States of America,Melissa Stockwell,https://www.paralympic.org/melissa-stockwell
2016,Rio de Janeiro,Summer,2016 Summer Paralympics (Rio de Janeiro),Triathlon,Women PT4,Gold,United States of America,Grace Norman,https://www.paralympic.org/grace-norman
2016,Rio de Janeiro,Summer,2016 Summer Paralympics (Rio de Janeiro),Volleyball,Women's Sitting Volleyball,Gold,United States of America,,
2016,Rio de Janeiro,Summer,2016 Summer Paralympics (Rio de Janeiro),Wheelchair Basketball,Men,Gold,United States of America,,
2016,Rio de Janeiro,Summer,2016 Summer Paralympics (Rio de Janeiro),Wheelchair Basketball,Women,Gold,United States of America,,
2016,Rio de Janeiro,Summer,2016 Summer Paralympics (Rio de Janeiro),Wheelchair Rugby,Mixed,Silver,United States of America,,
2016,Rio de Janeiro,Summer,2016 Summer Paralympics (Rio de Janeiro),Wheelchair Tennis,Quad Doubles,Silver,United States of America,,
2016,Rio de Janeiro,Summer,2016 Summer Paralympics (Rio de Janeiro),Wheelchair Tennis,Quad Singles,Bronze,United States of America,David Wagner,https://www.paralympic.org/david-wagner
2018,PyeongChang,Winter,2018 Winter Paralympics (PyeongChang),Alpine Skiing,Men's Downhill Sitting,Gold,United States of America,Andrew Kurka,https://www.paralympic.org/andrew-kurka
2018,PyeongChang,Winter,2018 Winter Paralympics (PyeongChang),Alpine Skiing,Men's Giant Slalom Sitting,Silver,United States of America,Tyler Walker,https://www.paralympic.org/tyler-walker
2018,PyeongChang,Winter,2018 Winter Paralympics (PyeongChang),Alpine Skiing,Men's Super-G Sitting,Silver,United States of America,Andrew Kurka,https://www.paralympic.org/andrew-kurka
2018,PyeongChang,Winter,2018 Winter Paralympics (PyeongChang),Alpine Skiing,Men's Slalom Standing,Bronze,United States of America,Jamie Stanton,https://www.paralympic.org/jamie-stanton
2018,PyeongChang,Winter,2018 Winter Paralympics (PyeongChang),Alpine Skiing,Men's Slalom Sitting,Silver,United States of America,Tyler Walker,https://www.paralympic.org/tyler-walker
2018,PyeongChang,Winter,2018 Winter Paralympics (PyeongChang),Alpine Skiing,Women's Downhill Sitting,Bronze,United States of America,Laurie Stephens,https://www.paralympic.org/laurie-stephens
2018,PyeongChang,Winter,2018 Winter Paralympics (PyeongChang),Biathlon,Men's 15km Sitting,Silver,United States of America,Daniel Cnossen,https://www.paralympic.org/daniel-cnossen
2018,PyeongChang,Winter,2018 Winter Paralympics (PyeongChang),Biathlon,Men's 12.5km Sitting,Silver,United States of America,Daniel Cnossen,https://www.paralympic.org/daniel-cnossen
2018,PyeongChang,Winter,2018 Winter Paralympics (PyeongChang),Biathlon,Men's 12.5km Sitting,Bronze,United States of America,Andrew Soule,https://www.paralympic.org/andrew-soule
2018,PyeongChang,Winter,2018 Winter Paralympics (PyeongChang),Biathlon,Men's 7.5km Sitting,Gold,United States of America,Daniel Cnossen,https://www.paralympic.org/daniel-cnossen
2018,PyeongChang,Winter,2018 Winter Paralympics (PyeongChang),Biathlon,Women's 12.5km Sitting,Silver,United States of America,Oksana Masters,https://www.paralympic.org/oksana-masters
2018,PyeongChang,Winter,2018 Winter Paralympics (PyeongChang),Biathlon,Women's 6km Sitting,Gold,United States of America,Kendall Gretsch,https://www.paralympic.org/kendall-gretsch
2018,PyeongChang,Winter,2018 Winter Paralympics (PyeongChang),Biathlon,Women's 6km Sitting,Silver,United States of America,Oksana Masters,https://www.paralympic.org/oksana-masters
2018,PyeongChang,Winter,2018 Winter Paralympics (PyeongChang),Cross Country,Men's 15km Sitting,Silver,United States of America,Daniel Cnossen,https://www.paralympic.org/daniel-cnossen
2018,PyeongChang,Winter,2018 Winter Paralympics (PyeongChang),Cross Country,Men's 10km Classic Visual Impaired,Silver,United States of America,Jacob Adicoff,https://www.paralympic.org/jacob-adicoff
2018,PyeongChang,Winter,2018 Winter Paralympics (PyeongChang),Cross Country,Men's 7.5km Sitting,Silver,United States of America,Daniel Cnossen,https://www.paralympic.org/daniel-cnossen
2018,PyeongChang,Winter,2018 Winter Paralympics (PyeongChang),Cross Country,Men's 1.1km Sprint Sitting,Gold,United States of America,Andrew Soule,https://www.paralympic.org/andrew-soule
2018,PyeongChang,Winter,2018 Winter Paralympics (PyeongChang),Cross Country,Men's 1.1km Sprint Sitting,Bronze,United States of America,Daniel Cnossen,https://www.paralympic.org/daniel-cnossen
2018,PyeongChang,Winter,2018 Winter Paralympics (PyeongChang),Cross Country,Women's 12km Sitting,Gold,United States of America,Kendall Gretsch,https://www.paralympic.org/kendall-gretsch
2018,PyeongChang,Winter,2018 Winter Paralympics (PyeongChang),Cross Country,Women's 12km Sitting,Bronze,United States of America,Oksana Masters,https://www.paralympic.org/oksana-masters
2018,PyeongChang,Winter,2018 Winter Paralympics (PyeongChang),Cross Country,Women's 5km Sitting,Gold,United States of America,Oksana Masters,https://www.paralympic.org/oksana-masters
2018,PyeongChang,Winter,2018 Winter Paralympics (PyeongChang),Cross Country,Women's 1.1km Sprint Sitting,Gold,United States of America,Oksana Masters,https://www.paralympic.org/oksana-masters
2018,PyeongChang,Winter,2018 Winter Paralympics (PyeongChang),Para Ice Hockey,Mixed Tournament,Gold,United States of America,,
2018,PyeongChang,Winter,2018 Winter Paralympics (PyeongChang),Snowboard,Men's Banked Slalom SB-UL,Gold,United States of America,Mike Minor,https://www.paralympic.org/mike-minor
2018,PyeongChang,Winter,2018 Winter Paralympics (PyeongChang),Snowboard,Men's Banked Slalom SB-LL1,Gold,United States of America,Noah Elliott,https://www.paralympic.org/noah-elliott
2018,PyeongChang,Winter,2018 Winter Paralympics (PyeongChang),Snowboard,Men's Banked Slalom SB-LL1,Silver,United States of America,Mike Schultz,https://www.paralympic.org/mike-schultz
2018,PyeongChang,Winter,2018 Winter Paralympics (PyeongChang),Snowboard,Men's Banked Slalom SB-LL2,Silver,United States of America,Evan Strong,https://www.paralympic.org/evan-strong
2018,PyeongChang,Winter,2018 Winter Paralympics (PyeongChang),Snowboard,Men's Snowboard Cross SB-UL,Bronze,United States of America,Mike Minor,https://www.paralympic.org/mike-minor
2018,PyeongChang,Winter,2018 Winter Paralympics (PyeongChang),Snowboard,Men's Snowboard Cross SB-LL1,Gold,United States of America,Mike Schultz,https://www.paralympic.org/mike-schultz
2018,PyeongChang,Winter,2018 Winter Paralympics (PyeongChang),Snowboard,Men's Snowboard Cross SB-LL1,Bronze,United States of America,Noah Elliott,https://www.paralympic.org/noah-elliott
2018,PyeongChang,Winter,2018 Winter Paralympics (PyeongChang),Snowboard,Men's Snowboard Cross SB-LL2,Silver,United States of America,Keith Gabel,https://www.paralympic.org/keith-gabel
2018,PyeongChang,Winter,2018 Winter Paralympics (PyeongChang),Snowboard,Women's Banked Slalom SB-LL1,Gold,United States of America,Brenna Huckaby,https://www.paralympic.org/brenna-huckaby
2018,PyeongChang,Winter,2018 Winter Paralympics (PyeongChang),Snowboard,Women's Banked Slalom SB-LL1,Bronze,United States of America,Amy Purdy,https://www.paralympic.org/amy-purdy
2018,PyeongChang,Winter,2018 Winter Paralympics (PyeongChang),Snowboard,Women's Banked Slalom SB-LL2,Silver,United States of America,Brittani Coury,https://www.paralympic.org/brittani-coury
2018,PyeongChang,Winter,2018 Winter Paralympics (PyeongChang),Snowboard,Women's Snowboard Cross SB-LL1,Gold,United States of America,Brenna Huckaby,https://www.paralympic.org/brenna-huckaby
2018,PyeongChang,Winter,2018 Winter Paralympics (PyeongChang),Snowboard,Women's Snowboard Cross SB-LL1,Silver,United States of America,Amy Purdy,https://www.paralympic.org/amy-purdy
2020,Tokyo,Summer,2020 Summer Paralympics (Tokyo),Archery,Men's Individual Recurve Open,Gold,United States of America,Kevin Mather,https://www.paralympic.org/kevin-mather
2020,Tokyo,Summer,2020 Summer Paralympics (Tokyo),Athletics,Men's 100 m T12,Silver,United States of America,Noah Malone,https://www.paralympic.org/noah-malone
2020,Tokyo,Summer,2020 Summer Paralympics (Tokyo),Athletics,Men's 100 m T37,Gold,United States of America,Nick Mayhugh,https://www.paralympic.org/nick-mayhugh
2020,Tokyo,Summer,2020 Summer Paralympics (Tokyo),Athletics,Men's 100 m T52,Gold,United States of America,Raymond Martin,https://www.paralympic.org/raymond-martin
2020,Tokyo,Summer,2020 Summer Paralympics (Tokyo),Athletics,Men's 200 m T37,Gold,United States of America,Nick Mayhugh,https://www.paralympic.org/nick-mayhugh
2020,Tokyo,Summer,2020 Summer Paralympics (Tokyo),Athletics,Men's 200 m T64,Bronze,United States of America,Jarryd Wallace,https://www.paralympic.org/jarryd-wallace
2020,Tokyo,Summer,2020 Summer Paralympics (Tokyo),Athletics,Men's 400 m T12,Silver,United States of America,Noah Malone,https://www.paralympic.org/noah-malone
2020,Tokyo,Summer,2020 Summer Paralympics (Tokyo),Athletics,Men's 400 m T37,Silver,United States of America,Nick Mayhugh,https://www.paralympic.org/nick-mayhugh
2020,Tokyo,Summer,2020 Summer Paralympics (Tokyo),Athletics,Men's 400 m T52,Silver,United States of America,Raymond Martin,https://www.paralympic.org/raymond-martin
2020,Tokyo,Summer,2020 Summer Paralympics (Tokyo),Athletics,Men's 400 m T54,Gold,United States of America,Daniel Romanchuk,https://www.paralympic.org/daniel-romanchuk
2020,Tokyo,Summer,2020 Summer Paralympics (Tokyo),Athletics,Men's 400 m T62,Bronze,United States of America,Hunter Woodhall,https://www.paralympic.org/hunter-woodhall-paralympic-medallist-para-athletics-star
2020,Tokyo,Summer,2020 Summer Paralympics (Tokyo),Athletics,Men's 1500 m T52,Silver,United States of America,Raymond Martin,https://www.paralympic.org/raymond-martin
2020,Tokyo,Summer,2020 Summer Paralympics (Tokyo),Athletics,Men's Discus Throw F64,Gold,United States of America,Jeremy Campbell,https://www.paralympic.org/jeremy-campbell
2020,Tokyo,Summer,2020 Summer Paralympics (Tokyo),Athletics,Men's High Jump T47,Gold,United States of America,Roderick Townsend-Roberts,https://www.paralympic.org/roderick-townsend-roberts
2020,Tokyo,Summer,2020 Summer Paralympics (Tokyo),Athletics,Men's High Jump T63,Gold,United States of America,Sam Grewe,https://www.paralympic.org/sam-grewe
2020,Tokyo,Summer,2020 Summer Paralympics (Tokyo),Athletics,Men's Javelin F54,Bronze,United States of America,Justin Phongsavanh,https://www.paralympic.org/justin-phongsavanh
2020,Tokyo,Summer,2020 Summer Paralympics (Tokyo),Athletics,Men's Long Jump T11,Silver,United States of America,Lex Gillette,https://www.paralympic.org/lex-gillette
2020,Tokyo,Summer,2020 Summer Paralympics (Tokyo),Athletics,Men's Long Jump T13,Bronze,United States of America,Isaac Jean-Paul,https://www.paralympic.org/isaac-jean-paul
2020,Tokyo,Summer,2020 Summer Paralympics (Tokyo),Athletics,Men's Long Jump T47,Silver,United States of America,Roderick Townsend-Roberts,https://www.paralympic.org/roderick-townsend-roberts
2020,Tokyo,Summer,2020 Summer Paralympics (Tokyo),Athletics,Men's Long Jump T64,Bronze,United States of America,Trenten Merrill,https://www.paralympic.org/trenten-merrill
2020,Tokyo,Summer,2020 Summer Paralympics (Tokyo),Athletics,Men's Marathon T54,Bronze,United States of America,Daniel Romanchuk,https://www.paralympic.org/daniel-romanchuk
2020,Tokyo,Summer,2020 Summer Paralympics (Tokyo),Athletics,Men's Shot Put F41,Silver,United States of America,Hagan Landry,https://www.paralympic.org/hagan-landry
2020,Tokyo,Summer,2020 Summer Paralympics (Tokyo),Athletics,Men's Shot Put F46,Bronze,United States of America,Joshua Cinnamo,https://www.paralympic.org/joshua-cinnamo
2020,Tokyo,Summer,2020 Summer Paralympics (Tokyo),Athletics,Women's 100 m T13,Bronze,United States of America,Kym Crosby,https://www.paralympic.org/kym-crosby
2020,Tokyo,Summer,2020 Summer Paralympics (Tokyo),Athletics,Women's 100 m T37,Silver,United States of America,Jaleen Roberts,https://www.paralympic.org/jaleen-roberts
2020,Tokyo,Summer,2020 Summer Paralympics (Tokyo),Athletics,Women's 100 m T47,Silver,United States of America,Brittni Mason,https://www.paralympic.org/brittni-mason
2020,Tokyo,Summer,2020 Summer Paralympics (Tokyo),Athletics,Women's 100 m T47,Bronze,United States of America,Deja Young,https://www.paralympic.org/deja-young
2020,Tokyo,Summer,2020 Summer Paralympics (Tokyo),Athletics,Women's 100 m T54,Bronze,United States of America,Cheri Madsen,https://www.paralympic.org/cheri-madsen
2020,Tokyo,Summer,2020 Summer Paralympics (Tokyo),Athletics,Women's 200 m T47,Silver,United States of America,Brittni Mason,https://www.paralympic.org/brittni-mason
2020,Tokyo,Summer,2020 Summer Paralympics (Tokyo),Athletics,Women's 400 m T13,Bronze,United States of America,Kym Crosby,https://www.paralympic.org/kym-crosby
2020,Tokyo,Summer,2020 Summer Paralympics (Tokyo),Athletics,Women's 400 m T20,Gold,United States of America,Breanna Clark,https://www.paralympic.org/breanna-clark
2020,Tokyo,Summer,2020 Summer Paralympics (Tokyo),Athletics,Women's 400 m T54,Silver,United States of America,Cheri Madsen,https://www.paralympic.org/cheri-madsen
2020,Tokyo,Summer,2020 Summer Paralympics (Tokyo),Athletics,Women's 800 m T34,Bronze,United States of America,Alexa Halko,https://www.paralympic.org/alexa-halko
2020,Tokyo,Summer,2020 Summer Paralympics (Tokyo),Athletics,Women's 800 m T54,Silver,United States of America,Tatyana McFadden,https://www.paralympic.org/tatyana-mcfadden
2020,Tokyo,Summer,2020 Summer Paralympics (Tokyo),Athletics,Women's 800 m T54,Bronze,United States of America,Susannah Scaroni,https://www.paralympic.org/susannah-scaroni
2020,Tokyo,Summer,2020 Summer Paralympics (Tokyo),Athletics,Women's 1500 m T13,Silver,United States of America,Liza Corso,https://www.paralympic.org/liza-corso
2020,Tokyo,Summer,2020 Summer Paralympics (Tokyo),Athletics,Women's 5000 m T54,Gold,United States of America,Susannah Scaroni,https://www.paralympic.org/susannah-scaroni
2020,Tokyo,Summer,2020 Summer Paralympics (Tokyo),Athletics,Women's 5000 m T54,Bronze,United States of America,Tatyana McFadden,https://www.paralympic.org/tatyana-mcfadden
2020,Tokyo,Summer,2020 Summer Paralympics (Tokyo),Athletics,Women's Club Throw F51,Silver,United States of America,Cassie Mitchell,https://www.paralympic.org/cassie-mitchell
2020,Tokyo,Summer,2020 Summer Paralympics (Tokyo),Athletics,Women's Long Jump T37,Silver,United States of America,Jaleen Roberts,https://www.paralympic.org/jaleen-roberts
2020,Tokyo,Summer,2020 Summer Paralympics (Tokyo),Athletics,4x100 m Universal Relay,Gold,United States of America,,
2020,Tokyo,Summer,2020 Summer Paralympics (Tokyo),Canoeing,Men's Va'a Single VL2,Silver,United States of America,Blake Haxton,https://www.paralympic.org/blake-haxton
2020,Tokyo,Summer,2020 Summer Paralympics (Tokyo),Cycling,Men's Time Trial C1,Silver,United States of America,Aaron Keith,https://www.paralympic.org/aaron-keith
2020,Tokyo,Summer,2020 Summer Paralympics (Tokyo),Cycling,Women's Road Race T1-2,Bronze,United States of America,Jill Walsh,https://www.paralympic.org/jill-walsh
2020,Tokyo,Summer,2020 Summer Paralympics (Tokyo),Cycling,Women's Road Race H1-4,Bronze,United States of America,Alicia Dana,https://www.paralympic.org/alicia-dana
2020,Tokyo,Summer,2020 Summer Paralympics (Tokyo),Cycling,Women's Road Race H5,Gold,United States of America,Oksana Masters,https://www.paralympic.org/oksana-masters
2020,Tokyo,Summer,2020 Summer Paralympics (Tokyo),Cycling,Women's Time Trial C4,Gold,United States of America,Shawn Morelli,https://www.paralympic.org/shawn-morelli
2020,Tokyo,Summer,2020 Summer Paralympics (Tokyo),Cycling,Women's Time Trial H4-5,Gold,United States of America,Oksana Masters,https://www.paralympic.org/oksana-masters
2020,Tokyo,Summer,2020 Summer Paralympics (Tokyo),Cycling,Mixed Team Relay H1-5,Bronze,United States of America,,
2020,Tokyo,Summer,2020 Summer Paralympics (Tokyo),Cycling,Women's Individual Pursuit C4,Silver,United States of America,Shawn Morelli,https://www.paralympic.org/shawn-morelli
2020,Tokyo,Summer,2020 Summer Paralympics (Tokyo),Equestrian,Dressage - Championship Grade I,Gold,United States of America,Roxanne Trunnell,https://www.paralympic.org/roxanne-trunnell
2020,Tokyo,Summer,2020 Summer Paralympics (Tokyo),Equestrian,Dressage - Freestyle Grade I,Gold,United States of America,Roxanne Trunnell,https://www.paralympic.org/roxanne-trunnell
2020,Tokyo,Summer,2020 Summer Paralympics (Tokyo),Equestrian,Dressage Team Grade I-V,Bronze,United States of America,,
2020,Tokyo,Summer,2020 Summer Paralympics (Tokyo),Goalball,Women,Silver,United States of America,,
2020,Tokyo,Summer,2020 Summer Paralympics (Tokyo),Judo,Men's -100 kg,Silver,United States of America,Benjamin Goodrich,https://www.paralympic.org/benjamin-goodrich
2020,Tokyo,Summer,2020 Summer Paralympics (Tokyo),Rowing,PR3 Mixed Coxed Four - PR3Mix4+,Silver,United States of America,,
2020,Tokyo,Summer,2020 Summer Paralympics (Tokyo),Swimming,Men's 100 m Backstroke S8,Gold,United States of America,Robert Griswold,https://www.paralympic.org/robert-griswold
2020,Tokyo,Summer,2020 Summer Paralympics (Tokyo),Swimming,Men's 100 m Breaststroke SB13,Silver,United States of America,David Henry Abrahams,https://www.paralympic.org/david-henry-abrahams
2020,Tokyo,Summer,2020 Summer Paralympics (Tokyo),Swimming,Men's 50 m Butterfly S7,Gold,United States of America,Evan Austin,https://www.paralympic.org/evan-austin
2020,Tokyo,Summer,2020 Summer Paralympics (Tokyo),Swimming,Men's 100 m Butterfly S8,Gold,United States of America,Robert Griswold,https://www.paralympic.org/robert-griswold
2020,Tokyo,Summer,2020 Summer Paralympics (Tokyo),Swimming,Men's 400 m Freestyle S7,Bronze,United States of America,Evan Austin,https://www.paralympic.org/evan-austin
2020,Tokyo,Summer,2020 Summer Paralympics (Tokyo),Swimming,Men's 400 m Freestyle S8,Bronze,United States of America,Matthew Torres,https://www.paralympic.org/matthew-torres
2020,Tokyo,Summer,2020 Summer Paralympics (Tokyo),Swimming,Men's 50 m Freestyle S9,Bronze,United States of America,Jamal Hill,https://www.paralympic.org/jamal-hill
2020,Tokyo,Summer,2020 Summer Paralympics (Tokyo),Swimming,Women's 100 m Backstroke S6,Gold,United States of America,Elizabeth Marks,https://www.paralympic.org/elizabeth-marks
2020,Tokyo,Summer,2020 Summer Paralympics (Tokyo),Swimming,Women's 100 m Backstroke S7,Gold,United States of America,Mallory Weggemann,https://www.paralympic.org/mallory-weggemann
2020,Tokyo,Summer,2020 Summer Paralympics (Tokyo),Swimming,Women's 100 m Backstroke S7,Bronze,United States of America,Julia Gaffney,https://www.paralympic.org/julia-gaffney
2020,Tokyo,Summer,2020 Summer Paralympics (Tokyo),Swimming,Women's 100 m Backstroke S8,Bronze,United States of America,Jessica Long,https://www.paralympic.org/jessica-long
2020,Tokyo,Summer,2020 Summer Paralympics (Tokyo),Swimming,Women's 100 m Backstroke S9,Gold,United States of America,Hannah Aspden,https://www.paralympic.org/hannah-aspden
2020,Tokyo,Summer,2020 Summer Paralympics (Tokyo),Swimming,Women's 100 m Backstroke S13,Gold,United States of America,Gia Pergolini,https://www.paralympic.org/gia-pergolini
2020,Tokyo,Summer,2020 Summer Paralympics (Tokyo),Swimming,Women's 100 m Breaststroke SB6,Bronze,United States of America,Sophia Elizabeth Herzog,https://www.paralympic.org/sophia-herzog
2020,Tokyo,Summer,2020 Summer Paralympics (Tokyo),Swimming,Women's 100 m Breaststroke SB7,Silver,United States of America,Jessica Long,https://www.paralympic.org/jessica-long
2020,Tokyo,Summer,2020 Summer Paralympics (Tokyo),Swimming,Women's 100 m Breaststroke SB13,Bronze,United States of America,Colleen Young,https://www.paralympic.org/colleen-young
2020,Tokyo,Summer,2020 Summer Paralympics (Tokyo),Swimming,Women's 50 m Butterfly S6,Bronze,United States of America,Elizabeth Marks,https://www.paralympic.org/elizabeth-marks
2020,Tokyo,Summer,2020 Summer Paralympics (Tokyo),Swimming,Women's 50 m Butterfly S7,Silver,United States of America,Mallory Weggemann,https://www.paralympic.org/mallory-weggemann
2020,Tokyo,Summer,2020 Summer Paralympics (Tokyo),Swimming,Women's 100 m Butterfly S8,Gold,United States of America,Jessica Long,https://www.paralympic.org/jessica-long
2020,Tokyo,Summer,2020 Summer Paralympics (Tokyo),Swimming,Women's 100 m Butterfly S9,Silver,United States of America,Elizabeth Smith,https://www.paralympic.org/elizabeth-smith
2020,Tokyo,Summer,2020 Summer Paralympics (Tokyo),Swimming,Women's 100 m Butterfly S10,Gold,United States of America,Mikaela Jenkins,https://www.paralympic.org/mikaela-jenkins
2020,Tokyo,Summer,2020 Summer Paralympics (Tokyo),Swimming,Women's 100 m Freestyle S3,Silver,United States of America,Leanne Smith,https://www.paralympic.org/leanne-smith
2020,Tokyo,Summer,2020 Summer Paralympics (Tokyo),Swimming,Women's 100 m Freestyle S7,Silver,United States of America,McKenzie Coan,https://www.paralympic.org/mckenzie-coan
2020,Tokyo,Summer,2020 Summer Paralympics (Tokyo),Swimming,Women's 400 m Freestyle S7,Gold,United States of America,McKenzie Coan,https://www.paralympic.org/mckenzie-coan
2020,Tokyo,Summer,2020 Summer Paralympics (Tokyo),Swimming,Women's 400 m Freestyle S7,Bronze,United States of America,Julia Gaffney,https://www.paralympic.org/julia-gaffney
2020,Tokyo,Summer,2020 Summer Paralympics (Tokyo),Swimming,Women's 400 m Freestyle S8,Gold,United States of America,Morgan Stickney,https://www.paralympic.org/morgan-stickney
2020,Tokyo,Summer,2020 Summer Paralympics (Tokyo),Swimming,Women's 400 m Freestyle S8,Silver,United States of America,Jessica Long,https://www.paralympic.org/jessica-long
2020,Tokyo,Summer,2020 Summer Paralympics (Tokyo),Swimming,Women's 400 m Freestyle S11,Gold,United States of America,Anastasia Pagonis,https://www.paralympic.org/anastasia-pagonis
2020,Tokyo,Summer,2020 Summer Paralympics (Tokyo),Swimming,Women's 50 m Freestyle S6,Silver,United States of America,Elizabeth Marks,https://www.paralympic.org/elizabeth-marks
2020,Tokyo,Summer,2020 Summer Paralympics (Tokyo),Swimming,Women's 200 m Individual Medley SM7,Gold,United States of America,Mallory Weggemann,https://www.paralympic.org/mallory-weggemann
2020,Tokyo,Summer,2020 Summer Paralympics (Tokyo),Swimming,Women's 200 m Individual Medley SM7,Silver,United States of America,Ahalya Lettenberger,https://www.paralympic.org/ahalya-lettenberger
2020,Tokyo,Summer,2020 Summer Paralympics (Tokyo),Swimming,Women's 200 m Individual Medley SM8,Gold,United States of America,Jessica Long,https://www.paralympic.org/jessica-long
2020,Tokyo,Summer,2020 Summer Paralympics (Tokyo),Swimming,Women's 200 m Individual Medley SM11,Bronze,United States of America,Anastasia Pagonis,https://www.paralympic.org/anastasia-pagonis
2020,Tokyo,Summer,2020 Summer Paralympics (Tokyo),Swimming,Women's 200 m Individual Medley SM13,Silver,United States of America,Colleen Young,https://www.paralympic.org/colleen-young
2020,Tokyo,Summer,2020 Summer Paralympics (Tokyo),Swimming,Women's 4x100 m Medley 34pts,Gold,United States of America,,
2020,Tokyo,Summer,2020 Summer Paralympics (Tokyo),Taekwondo,Men's +75kg K44,Bronze,United States of America,Evan Medell,https://www.paralympic.org/evan-medell-0
2020,Tokyo,Summer,2020 Summer Paralympics (Tokyo),Triathlon,Men's Individual PTVI,Gold,United States of America,Bradley Snyder,https://www.paralympic.org/bradley-snyder
2020,Tokyo,Summer,2020 Summer Paralympics (Tokyo),Triathlon,Women's Individual PT2,Gold,United States of America,Allysa Seely,https://www.paralympic.org/allysa-seely
2020,Tokyo,Summer,2020 Summer Paralympics (Tokyo),Triathlon,Women's Individual PT2,Silver,United States of America,Hailey Danisewicz,https://www.paralympic.org/hailey-danisewicz
2020,Tokyo,Summer,2020 Summer Paralympics (Tokyo),Triathlon,Women's Individual PTWC,Gold,United States of America,Kendall Gretsch,https://www.paralympic.org/kendall-gretsch
2020,Tokyo,Summer,2020 Summer Paralympics (Tokyo),Triathlon,Women's Individual PTS5,Silver,United States of America,Grace Norman,https://www.paralympic.org/grace-norman
2020,Tokyo,Summer,2020 Summer Paralympics (Tokyo),Table Tennis,Men's Singles Class 6,Gold,United States of America,Ian Seidenfeld,https://www.paralympic.org/ian-seidenfeld
2020,Tokyo,Summer,2020 Summer Paralympics (Tokyo),Volleyball,Women,Gold,United States of America,,
2020,Tokyo,Summer,2020 Summer Paralympics (Tokyo),Wheelchair Basketball,Men,Gold,United States of America,,
2020,Tokyo,Summer,2020 Summer Paralympics (Tokyo),Wheelchair Basketball,Women,Bronze,United States of America,,
2020,Tokyo,Summer,2020 Summer Paralympics (Tokyo),Wheelchair Rugby,Mixed,Silver,United States of America,,
2022,Beijing,Winter,2022 Winter Paralympics (Beijing),Alpine Skiing,Men's Giant Slalom Standing,Silver,United States of America,Thomas Walsh,https://www.paralympic.org/thomas-c-walsh
2022,Beijing,Winter,2022 Winter Paralympics (Beijing),Biathlon,Women's Individual Sitting,Gold,United States of America,Oksana Masters,https://www.paralympic.org/oksana-masters
2022,Beijing,Winter,2022 Winter Paralympics (Beijing),Biathlon,Women's Individual Sitting,Silver,United States of America,Kendall Gretsch,https://www.paralympic.org/kendall-gretsch
2022,Beijing,Winter,2022 Winter Paralympics (Beijing),Biathlon,Women's Middle Distance Sitting,Gold,United States of America,Kendall Gretsch,https://www.paralympic.org/kendall-gretsch
2022,Beijing,Winter,2022 Winter Paralympics (Beijing),Biathlon,Women's Middle Distance Sitting,Silver,United States of America,Oksana Masters,https://www.paralympic.org/oksana-masters
2022,Beijing,Winter,2022 Winter Paralympics (Beijing),Biathlon,Women's Sprint Sitting,Gold,United States of America,Oksana Masters,https://www.paralympic.org/oksana-masters
2022,Beijing,Winter,2022 Winter Paralympics (Beijing),Biathlon,Women's Sprint Sitting,Bronze,United States of America,Kendall Gretsch,https://www.paralympic.org/kendall-gretsch
2022,Beijing,Winter,2022 Winter Paralympics (Beijing),Cross Country,Men's Long Distance Classic VI,Silver,United States of America,Jacob Adicoff,https://www.paralympic.org/jacob-adicoff
2022,Beijing,Winter,2022 Winter Paralympics (Beijing),Cross Country,Men's Sprint Free VI,Silver,United States of America,Jacob Adicoff,https://www.paralympic.org/jacob-adicoff
2022,Beijing,Winter,2022 Winter Paralympics (Beijing),Cross Country,Women's Long Distance Classic Standing,Silver,United States of America,Sydney Peterson,https://www.paralympic.org/sydney-peterson
2022,Beijing,Winter,2022 Winter Paralympics (Beijing),Cross Country,Women's Long Distance Sitting,Silver,United States of America,Oksana Masters,https://www.paralympic.org/oksana-masters
2022,Beijing,Winter,2022 Winter Paralympics (Beijing),Cross Country,Women's Middle Distance Sitting,Silver,United States of America,Oksana Masters,https://www.paralympic.org/oksana-masters
2022,Beijing,Winter,2022 Winter Paralympics (Beijing),Cross Country,Women's Sprint Free Standing,Bronze,United States of America,Sydney Peterson,https://www.paralympic.org/sydney-peterson
2022,Beijing,Winter,2022 Winter Paralympics (Beijing),Cross Country,Women's Sprint Sitting,Silver,United States of America,Oksana Masters,https://www.paralympic.org/oksana-masters
2022,Beijing,Winter,2022 Winter Paralympics (Beijing),Cross Country,Mixed 4x2.5km Relay,Gold,United States of America,,
2022,Beijing,Winter,2022 Winter Paralympics (Beijing),Ice Hockey,Open,Gold,United States of America,,
2022,Beijing,Winter,2022 Winter Paralympics (Beijing),Snowboard,Men's Snowboard Cross SB-LL1,Silver,United States of America,Mike Schultz,https://www.paralympic.org/mike-schultz
2022,Beijing,Winter,2022 Winter Paralympics (Beijing),Snowboard,Men's Snowboard Cross SB-LL2,Silver,United States of America,Garrett Geros,https://www.paralympic.org/garrett-geros
2022,Beijing,Winter,2022 Winter Paralympics (Beijing),Snowboard,Women's Banked Slalom SB-LL2,Gold,United States of America,Brenna Huckaby,https://www.paralympic.org/brenna-huckaby
2022,Beijing,Winter,2022 Winter Paralympics (Beijing),Snowboard,Women's Snowboard Cross SB-LL2,Bronze,United States of America,Brenna Huckaby,https://www.paralympic.org/brenna-huckaby
2024,Paris,Summer,2024 Summer Paralympics (Paris),Archery,Men's Individual Compound Open,Gold,United States of America,Matt Stutzman,https://www.paralympic.org/matt-stutzman
2024,Paris,Summer,2024 Summer Paralympics (Paris),Archery,Men's Individual W1,Gold,United States of America,Jason Tabansky,https://www.paralympic.org/jason-tabansky
2024,Paris,Summer,2024 Summer Paralympics (Paris),Athletics,Men's 100 m T12,Gold,United States of America,Noah Malone,https://www.paralympic.org/noah-malone
2024,Paris,Summer,2024 Summer Paralympics (Paris),Athletics,Men's 100 m T38,Gold,United States of America,Jaydin Blackwell,https://www.paralympic.org/jaydin-blackwell
2024,Paris,Summer,2024 Summer Paralympics (Paris),Athletics,Men's 100 m T38,Silver,United States of America,Ryan Medrano,https://www.paralympic.org/ryan-medrano
2024,Paris,Summer,2024 Summer Paralympics (Paris),Athletics,Men's 100 m T47,Silver,United States of America,Korban Best,https://www.paralympic.org/korban-best
2024,Paris,Summer,2024 Summer Paralympics (Paris),Athletics,Men's 100 m T63,Gold,United States of America,Ezra Frech,https://www.paralympic.org/ezra-frech
2024,Paris,Summer,2024 Summer Paralympics (Paris),Athletics,Men's 400 m T12,Silver,United States of America,Noah Malone,https://www.paralympic.org/noah-malone
2024,Paris,Summer,2024 Summer Paralympics (Paris),Athletics,Men's 400 m T38,Gold,United States of America,Jaydin Blackwell,https://www.paralympic.org/jaydin-blackwell
2024,Paris,Summer,2024 Summer Paralympics (Paris),Athletics,Men's 400 m T38,Silver,United States of America,Ryan Medrano,https://www.paralympic.org/ryan-medrano
2024,Paris,Summer,2024 Summer Paralympics (Paris),Athletics,Men's 400 m T53,Bronze,United States of America,Brian Siemann,https://www.paralympic.org/brian-siemann
2024,Paris,Summer,2024 Summer Paralympics (Paris),Athletics,Men's 400 m T54,Bronze,United States of America,Daniel Romanchuk,https://www.paralympic.org/daniel-romanchuk
2024,Paris,Summer,2024 Summer Paralympics (Paris),Athletics,Men's 400 m T62,Gold,United States of America,Hunter Woodhall,
2024,Paris,Summer,2024 Summer Paralympics (Paris),Athletics,Men's 800 m T53,Bronze,United States of America,Brian Siemann,https://www.paralympic.org/brian-siemann
2024,Paris,Summer,2024 Summer Paralympics (Paris),Athletics,Men's 1500 m T20,Bronze,United States of America,Michael Brannigan,https://www.paralympic.org/michael-brannigan
2024,Paris,Summer,2024 Summer Paralympics (Paris),Athletics,Men's 5000 m T54,Gold,United States of America,Daniel Romanchuk,https://www.paralympic.org/daniel-romanchuk
2024,Paris,Summer,2024 Summer Paralympics (Paris),Athletics,Men's Discus Throw F64,Gold,United States of America,Jeremy Campbell,https://www.paralympic.org/jeremy-campbell
2024,Paris,Summer,2024 Summer Paralympics (Paris),Athletics,Men's Discus Throw F64,Bronze,United States of America,David Blair,https://www.paralympic.org/david-blair
2024,Paris,Summer,2024 Summer Paralympics (Paris),Athletics,Men's High Jump T47,Gold,United States of America,Roderick Townsend-Roberts,
2024,Paris,Summer,2024 Summer Paralympics (Paris),Athletics,Men's High Jump T63,Gold,United States of America,Ezra Frech,https://www.paralympic.org/ezra-frech
2024,Paris,Summer,2024 Summer Paralympics (Paris),Athletics,Men's High Jump T64,Silver,United States of America,Derek Loccident,https://www.paralympic.org/derek-loccident
2024,Paris,Summer,2024 Summer Paralympics (Paris),Athletics,Men's Long Jump T13,Silver,United States of America,Isaac Jean-Paul,https://www.paralympic.org/isaac-jean-paul
2024,Paris,Summer,2024 Summer Paralympics (Paris),Athletics,Men's Long Jump T64,Silver,United States of America,Derek Loccident,https://www.paralympic.org/derek-loccident
2024,Paris,Summer,2024 Summer Paralympics (Paris),Athletics,Men's Long Jump T64,Bronze,United States of America,Jarryd Wallace,https://www.paralympic.org/jarryd-wallace
2024,Paris,Summer,2024 Summer Paralympics (Paris),Athletics,Women's 100 m T37,Silver,United States of America,Taylor Swanson,https://www.paralympic.org/taylor-swanson
2024,Paris,Summer,2024 Summer Paralympics (Paris),Athletics,Women's 100 m T37,Bronze,United States of America,Jaleen Roberts,https://www.paralympic.org/jaleen-roberts
2024,Paris,Summer,2024 Summer Paralympics (Paris),Athletics,Women's 100 m T47,Silver,United States of America,Brittni Mason,https://www.paralympic.org/brittni-mason
2024,Paris,Summer,2024 Summer Paralympics (Paris),Athletics,Women's 100 m T54,Silver,United States of America,Tatyana McFadden,https://www.paralympic.org/tatyana-mcfadden
2024,Paris,Summer,2024 Summer Paralympics (Paris),Athletics,Women's 200 m T47,Silver,United States of America,Brittni Mason,https://www.paralympic.org/brittni-mason
2024,Paris,Summer,2024 Summer Paralympics (Paris),Athletics,Women's 800 m T34,Bronze,United States of America,Eva Houston,https://www.paralympic.org/eva-houston
2024,Paris,Summer,2024 Summer Paralympics (Paris),Athletics,Women's 800 m T54,Bronze,United States of America,Susannah Scaroni,https://www.paralympic.org/susannah-scaroni
2024,Paris,Summer,2024 Summer Paralympics (Paris),Athletics,Women's 1500 m T13,Bronze,United States of America,Liza Corso,https://www.paralympic.org/liza-corso
2024,Paris,Summer,2024 Summer Paralympics (Paris),Athletics,Women's 1500 m T54,Bronze,United States of America,Susannah Scaroni,https://www.paralympic.org/susannah-scaroni
2024,Paris,Summer,2024 Summer Paralympics (Paris),Athletics,Women's 5000 m T54,Silver,United States of America,Susannah Scaroni,https://www.paralympic.org/susannah-scaroni
2024,Paris,Summer,2024 Summer Paralympics (Paris),Athletics,Women's Long Jump T37,Silver,United States of America,Jaleen Roberts,https://www.paralympic.org/jaleen-roberts
2024,Paris,Summer,2024 Summer Paralympics (Paris),Athletics,Women's Long Jump T64,Bronze,United States of America,Beatriz Hatz,https://www.paralympic.org/beatriz-hatz
2024,Paris,Summer,2024 Summer Paralympics (Paris),Athletics,Women's Marathon T54,Bronze,United States of America,Susannah Scaroni,https://www.paralympic.org/susannah-scaroni
2024,Paris,Summer,2024 Summer Paralympics (Paris),Athletics,Women's Shot Put F46,Gold,United States of America,Noelle Malkamaki,https://www.paralympic.org/noelle-malkamaki
2024,Paris,Summer,2024 Summer Paralympics (Paris),Athletics,Women's Shot Put F64,Silver,United States of America,Arelle Middleton,https://www.paralympic.org/arelle-middleton
2024,Paris,Summer,2024 Summer Paralympics (Paris),Athletics,4x100 m Universal Relay,Bronze,United States of America,,
2024,Paris,Summer,2024 Summer Paralympics (Paris),Badminton,Mixed Doubles SH6,Silver,United States of America,,
2024,Paris,Summer,2024 Summer Paralympics (Paris),Canoeing,Men's Va'a Single VL2,Bronze,United States of America,Blake Haxton,https://www.paralympic.org/blake-haxton
2024,Paris,Summer,2024 Summer Paralympics (Paris),Cycling,Men's Road Race T1-2,Silver,United States of America,Dennis Connors,https://www.paralympic.org/dennis-connors
2024,Paris,Summer,2024 Summer Paralympics (Paris),Cycling,Open Team Relay H1-5,Bronze,United States of America,,
2024,Paris,Summer,2024 Summer Paralympics (Paris),Cycling,Women's Road Race C1-3,Bronze,United States of America,Clara Brown,https://www.paralympic.org/clara-brown
2024,Paris,Summer,2024 Summer Paralympics (Paris),Cycling,Women's Road Race H5,Gold,United States of America,Oksana Masters,https://www.paralympic.org/oksana-masters
2024,Paris,Summer,2024 Summer Paralympics (Paris),Cycling,Women's Time Trial H1-3,Gold,United States of America,Katerina Brim,https://www.paralympic.org/katerina-brim
2024,Paris,Summer,2024 Summer Paralympics (Paris),Cycling,Women's Time Trial C4,Gold,United States of America,Samantha Bosco,https://www.paralympic.org/samantha-bosco
2024,Paris,Summer,2024 Summer Paralympics (Paris),Cycling,Women's Time Trial H4-5,Gold,United States of America,Oksana Masters,https://www.paralympic.org/oksana-masters
2024,Paris,Summer,2024 Summer Paralympics (Paris),Cycling,Men's Individual Pursuit C5,Bronze,United States of America,Elouan Gardon,https://www.paralympic.org/elouan-gardon
2024,Paris,Summer,2024 Summer Paralympics (Paris),Equestrian,Dressage - Championship Grade I,Silver,United States of America,Roxanne Trunnell,https://www.paralympic.org/roxanne-trunnell
2024,Paris,Summer,2024 Summer Paralympics (Paris),Equestrian,Dressage - Championship Grade II,Gold,United States of America,Fiona Howard,https://www.paralympic.org/fiona-howard
2024,Paris,Summer,2024 Summer Paralympics (Paris),Equestrian,Dressage - Championship Grade III,Gold,United States of America,Rebecca Hart,https://www.paralympic.org/rebecca-hart
2024,Paris,Summer,2024 Summer Paralympics (Paris),Equestrian,Dressage - Freestyle Grade II,Gold,United States of America,Fiona Howard,https://www.paralympic.org/fiona-howard
2024,Paris,Summer,2024 Summer Paralympics (Paris),Equestrian,Dressage - Freestyle Grade III,Gold,United States of America,Rebecca Hart,https://www.paralympic.org/rebecca-hart
2024,Paris,Summer,2024 Summer Paralympics (Paris),Equestrian,Dressage - Freestyle Grade IV,Bronze,United States of America,Kate Shoemaker,https://www.paralympic.org/kate-shoemaker
2024,Paris,Summer,2024 Summer Paralympics (Paris),Equestrian,Mixed Dressage Team Grade I-V,Gold,United States of America,,
2024,Paris,Summer,2024 Summer Paralympics (Paris),Judo,Women's -57 kg J1,Silver,United States of America,Liana Mutia,https://www.paralympic.org/liana-mutia
2024,Paris,Summer,2024 Summer Paralympics (Paris),Rowing,Mixed Coxed Four - PR3Mix4+,Silver,United States of America,,
2024,Paris,Summer,2024 Summer Paralympics (Paris),Shooting,P3 - Mixed 25m Pistol SH1,Silver,United States of America,Xiao Gong,https://www.paralympic.org/xiao-gong
2024,Paris,Summer,2024 Summer Paralympics (Paris),Swimming,Men's 100 m Freestyle S8,Silver,United States of America,Noah Jaffe,https://www.paralympic.org/noah-jaffe
2024,Paris,Summer,2024 Summer Paralympics (Paris),Swimming,Women's 100 m Backstroke S6,Silver,United States of America,Elizabeth Marks,https://www.paralympic.org/elizabeth-marks
2024,Paris,Summer,2024 Summer Paralympics (Paris),Swimming,Women's 100 m Backstroke S9,Gold,United States of America,Christie Raleigh-Crossley,
2024,Paris,Summer,2024 Summer Paralympics (Paris),Swimming,Women's 100 m Backstroke S10,Silver,United States of America,Alexandra Truwit,https://www.paralympic.org/alexandra-truwit
2024,Paris,Summer,2024 Summer Paralympics (Paris),Swimming,Women's 100 m Backstroke S13,Gold,United States of America,Gia Pergolini,https://www.paralympic.org/gia-pergolini
2024,Paris,Summer,2024 Summer Paralympics (Paris),Swimming,Women's 100 m Breaststroke SB13,Silver,United States of America,Olivia Chambers,https://www.paralympic.org/olivia-chambers
2024,Paris,Summer,2024 Summer Paralympics (Paris),Swimming,Women's 100 m Breaststroke SB13,Bronze,United States of America,Colleen Young,https://www.paralympic.org/colleen-young
2024,Paris,Summer,2024 Summer Paralympics (Paris),Swimming,Women's 50 m Butterfly S7,Silver,United States of America,Mallory Weggemann,https://www.paralympic.org/mallory-weggemann
2024,Paris,Summer,2024 Summer Paralympics (Paris),Swimming,Women's 100 m Butterfly S8,Gold,United States of America,Jessica Long,https://www.paralympic.org/jessica-long
2024,Paris,Summer,2024 Summer Paralympics (Paris),Swimming,Women's 100 m Butterfly S9,Gold,United States of America,Christie Raleigh-Crossley,
2024,Paris,Summer,2024 Summer Paralympics (Paris),Swimming,Women's 100 m Butterfly S13,Silver,United States of America,Grace Nuhfer,https://www.paralympic.org/grace-nuhfer
2024,Paris,Summer,2024 Summer Paralympics (Paris),Swimming,Women's 100 m Freestyle S3,Gold,United States of America,Leanne Smith,https://www.paralympic.org/leanne-smith
2024,Paris,Summer,2024 Summer Paralympics (Paris),Swimming,Women's 100 m Freestyle S7,Silver,United States of America,Morgan Stickney,https://www.paralympic.org/morgan-stickney
2024,Paris,Summer,2024 Summer Paralympics (Paris),Swimming,Women's 100 m Freestyle S9,Silver,United States of America,Christie Raleigh-Crossley,
2024,Paris,Summer,2024 Summer Paralympics (Paris),Swimming,Women's 400 m Freestyle S7,Gold,United States of America,Morgan Stickney,https://www.paralympic.org/morgan-stickney
2024,Paris,Summer,2024 Summer Paralympics (Paris),Swimming,Women's 400 m Freestyle S7,Silver,United States of America,McKenzie Coan,https://www.paralympic.org/mckenzie-coan
2024,Paris,Summer,2024 Summer Paralympics (Paris),Swimming,Women's 400 m Freestyle S8,Gold,United States of America,Jessica Long,https://www.paralympic.org/jessica-long
2024,Paris,Summer,2024 Summer Paralympics (Paris),Swimming,Women's 400 m Freestyle S10,Silver,United States of America,Alexandra Truwit,https://www.paralympic.org/alexandra-truwit
2024,Paris,Summer,2024 Summer Paralympics (Paris),Swimming,Women's 400 m Freestyle S13,Gold,United States of America,Olivia Chambers,https://www.paralympic.org/olivia-chambers
2024,Paris,Summer,2024 Summer Paralympics (Paris),Swimming,Women's 50 m Freestyle S4,Gold,United States of America,Leanne Smith,https://www.paralympic.org/leanne-smith
2024,Paris,Summer,2024 Summer Paralympics (Paris),Swimming,Women's 50 m Freestyle S6,Silver,United States of America,Elizabeth Marks,https://www.paralympic.org/elizabeth-marks
2024,Paris,Summer,2024 Summer Paralympics (Paris),Swimming,Women's 50 m Freestyle S10,Silver,United States of America,Christie Raleigh-Crossley,
2024,Paris,Summer,2024 Summer Paralympics (Paris),Swimming,Women's 50 m Freestyle S13,Silver,United States of America,Gia Pergolini,https://www.paralympic.org/gia-pergolini
2024,Paris,Summer,2024 Summer Paralympics (Paris),Swimming,Women's 200 m Individual Medley SM6,Silver,United States of America,Elizabeth Marks,https://www.paralympic.org/elizabeth-marks
2024,Paris,Summer,2024 Summer Paralympics (Paris),Swimming,Women's 200 m Individual Medley SM7,Gold,United States of America,Mallory Weggemann,https://www.paralympic.org/mallory-weggemann
2024,Paris,Summer,2024 Summer Paralympics (Paris),Swimming,Women's 200 m Individual Medley SM7,Bronze,United States of America,Julia Gaffney,https://www.paralympic.org/julia-gaffney
2024,Paris,Summer,2024 Summer Paralympics (Paris),Swimming,Women's 200 m Individual Medley SM13,Silver,United States of America,Olivia Chambers,https://www.paralympic.org/olivia-chambers
2024,Paris,Summer,2024 Summer Paralympics (Paris),Swimming,Mixed 4x50 m Freestyle 20pts,Silver,United States of America,,
2024,Paris,Summer,2024 Summer Paralympics (Paris),Swimming,Mixed 4x100 m Freestyle 34pts,Bronze,United States of America,,
2024,Paris,Summer,2024 Summer Paralympics (Paris),Swimming,Mixed 4x50 m Medley 20pts,Silver,United States of America,,
2024,Paris,Summer,2024 Summer Paralympics (Paris),Triathlon,Men's PTS2,Silver,United States of America,Mohamed Lahna,
2024,Paris,Summer,2024 Summer Paralympics (Paris),Triathlon,Men's PTS2,Bronze,United States of America,Mark Barr,https://www.paralympic.org/mark-barr
2024,Paris,Summer,2024 Summer Paralympics (Paris),Triathlon,Men's PTS4,Silver,United States of America,Carson Clough,https://www.paralympic.org/carson-clough
2024,Paris,Summer,2024 Summer Paralympics (Paris),Triathlon,Men's PTS5,Gold,United States of America,Chris Hammer,https://www.paralympic.org/chris-hammer
2024,Paris,Summer,2024 Summer Paralympics (Paris),Triathlon,Women's PTS2,Gold,United States of America,Hailey Danz,
2024,Paris,Summer,2024 Summer Paralympics (Paris),Triathlon,Women's PTS2,Bronze,United States of America,Allysa Seely,https://www.paralympic.org/allysa-seely
2024,Paris,Summer,2024 Summer Paralympics (Paris),Triathlon,Women's PTWC,Silver,United States of America,Kendall Gretsch,https://www.paralympic.org/kendall-gretsch
2024,Paris,Summer,2024 Summer Paralympics (Paris),Triathlon,Women's PTS5,Gold,United States of America,Grace Norman,https://www.paralympic.org/grace-norman
2024,Paris,Summer,2024 Summer Paralympics (Paris),Volleyball,Women,Gold,United States of America,,
2024,Paris,Summer,2024 Summer Paralympics (Paris),Wheelchair Basketball,Men,Gold,United States of America,,
2024,Paris,Summer,2024 Summer Paralympics (Paris),Wheelchair Basketball,Women,Silver,United States of America,,
2024,Paris,Summer,2024 Summer Paralympics (Paris),Wheelchair Rugby,Mixed,Silver,United States of America,,
2026,Milano-Cortina,Winter,2026 Winter Paralympics (Milano-Cortina),,(athlete-level data only),Gold,United States of America,Oksana Masters,
2026,Milano-Cortina,Winter,2026 Winter Paralympics (Milano-Cortina),,(athlete-level data only),Gold,United States of America,Oksana Masters,
2026,Milano-Cortina,Winter,2026 Winter Paralympics (Milano-Cortina),,(athlete-level data only),Gold,United States of America,Oksana Masters,
2026,Milano-Cortina,Winter,2026 Winter Paralympics (Milano-Cortina),,(athlete-level data only),Gold,United States of America,Oksana Masters,
2026,Milano-Cortina,Winter,2026 Winter Paralympics (Milano-Cortina),,(athlete-level data only),Bronze,United States of America,Oksana Masters,
2026,Milano-Cortina,Winter,2026 Winter Paralympics (Milano-Cortina),,(athlete-level data only),Gold,United States of America,Jake Adicoff,
2026,Milano-Cortina,Winter,2026 Winter Paralympics (Milano-Cortina),,(athlete-level data only),Gold,United States of America,Jake Adicoff,
2026,Milano-Cortina,Winter,2026 Winter Paralympics (Milano-Cortina),,(athlete-level data only),Gold,United States of America,Jake Adicoff,
2026,Milano-Cortina,Winter,2026 Winter Paralympics (Milano-Cortina),,(athlete-level data only),Gold,United States of America,Jake Adicoff,
2026,Milano-Cortina,Winter,2026 Winter Paralympics (Milano-Cortina),,(athlete-level data only),Gold,United States of America,Sydney Peterson,
2026,Milano-Cortina,Winter,2026 Winter Paralympics (Milano-Cortina),,(athlete-level data only),Gold,United States of America,Sydney Peterson,
2026,Milano-Cortina,Winter,2026 Winter Paralympics (Milano-Cortina),,(athlete-level data only),Gold,United States of America,Sydney Peterson,
2026,Milano-Cortina,Winter,2026 Winter Paralympics (Milano-Cortina),,(athlete-level data only),Silver,United States of America,Sydney Peterson,
2026,Milano-Cortina,Winter,2026 Winter Paralympics (Milano-Cortina),,(athlete-level data only),Gold,United States of America,Kendall Gretsch,
2026,Milano-Cortina,Winter,2026 Winter Paralympics (Milano-Cortina),,(athlete-level data only),Silver,United States of America,Kendall Gretsch,
2026,Milano-Cortina,Winter,2026 Winter Paralympics (Milano-Cortina),,(athlete-level data only),Bronze,United States of America,Kendall Gretsch,
2026,Milano-Cortina,Winter,2026 Winter Paralympics (Milano-Cortina),,(athlete-level data only),Bronze,United States of America,Kendall Gretsch,
2026,Milano-Cortina,Winter,2026 Winter Paralympics (Milano-Cortina),,(athlete-level data only),Gold,United States of America,Kate Delson,
2026,Milano-Cortina,Winter,2026 Winter Paralympics (Milano-Cortina),,(athlete-level data only),Silver,United States of America,Kate Delson,
2026,Milano-Cortina,Winter,2026 Winter Paralympics (Milano-Cortina),,(athlete-level data only),Gold,United States of America,Noah Elliott,
2026,Milano-Cortina,Winter,2026 Winter Paralympics (Milano-Cortina),,(athlete-level data only),Silver,United States of America,Noah Elliott,
2026,Milano-Cortina,Winter,2026 Winter Paralympics (Milano-Cortina),,(athlete-level data only),Gold,United States of America,Joshua Sweeney,
2026,Milano-Cortina,Winter,2026 Winter Paralympics (Milano-Cortina),,(athlete-level data only),Gold,United States of America,Kayden Beasley,
2026,Milano-Cortina,Winter,2026 Winter Paralympics (Milano-Cortina),,(athlete-level data only),Gold,United States of America,Brett Bolton,
2026,Milano-Cortina,Winter,2026 Winter Paralympics (Milano-Cortina),,(athlete-level data only),Gold,United States of America,Liam Cunningham,
2026,Milano-Cortina,Winter,2026 Winter Paralympics (Milano-Cortina),,(athlete-level data only),Gold,United States of America,Travis Dodson,
2026,Milano-Cortina,Winter,2026 Winter Paralympics (Milano-Cortina),,(athlete-level data only),Gold,United States of America,David Eustace,
2026,Milano-Cortina,Winter,2026 Winter Paralympics (Milano-Cortina),,(athlete-level data only),Gold,United States of America,Declan Farmer,
2026,Milano-Cortina,Winter,2026 Winter Paralympics (Milano-Cortina),,(athlete-level data only),Gold,United States of America,Noah Grove,
2026,Milano-Cortina,Winter,2026 Winter Paralympics (Milano-Cortina),,(athlete-level data only),Gold,United States of America,Malik Jones,
2026,Milano-Cortina,Winter,2026 Winter Paralympics (Milano-Cortina),,(athlete-level data only),Gold,United States of America,Griffin Lamarre,
2026,Milano-Cortina,Winter,2026 Winter Paralympics (Milano-Cortina),,(athlete-level data only),Gold,United States of America,Jen Lee,
2026,Milano-Cortina,Winter,2026 Winter Paralympics (Milano-Cortina),,(athlete-level data only),Gold,United States of America,Kevin McKee,
2026,Milano-Cortina,Winter,2026 Winter Paralympics (Milano-Cortina),,(athlete-level data only),Gold,United States of America,Joshua Misiewicz,
2026,Milano-Cortina,Winter,2026 Winter Paralympics (Milano-Cortina),,(athlete-level data only),Gold,United States of America,Evan Nichols,
2026,Milano-Cortina,Winter,2026 Winter Paralympics (Milano-Cortina),,(athlete-level data only),Gold,United States of America,Josh Pauls,
2026,Milano-Cortina,Winter,2026 Winter Paralympics (Milano-Cortina),,(athlete-level data only),Gold,United States of America,Brody Roybal,
2026,Milano-Cortina,Winter,2026 Winter Paralympics (Milano-Cortina),,(athlete-level data only),Gold,United States of America,Landon Uthke,
2026,Milano-Cortina,Winter,2026 Winter Paralympics (Milano-Cortina),,(athlete-level data only),Gold,United States of America,Jack Wallace,
2026,Milano-Cortina,Winter,2026 Winter Paralympics (Milano-Cortina),,(athlete-level data only),Silver,United States of America,Patrick Halgren,
2026,Milano-Cortina,Winter,2026 Winter Paralympics (Milano-Cortina),,(athlete-level data only),Bronze,United States of America,Andrew Kurka,
2026,Milano-Cortina,Winter,2026 Winter Paralympics (Milano-Cortina),,(athlete-level data only),Bronze,United States of America,Brenna Huckaby,
2026,Milano-Cortina,Winter,2026 Winter Paralympics (Milano-Cortina),,(athlete-level data only),Bronze,United States of America,Mike Schultz,
